DATE,Water Flow,Daily KWH
2023-07-13,4.2135887814075295,15792.035075589976
2023-07-14,5.0000758650801,15793.970525305564
2023-07-15,5.036780947679416,15847.181734121465
2023-07-16,5.036780947679416,15840.341911397081
2023-07-17,5.074298100507423,15843.252169112262
2023-07-18,5.036780947679416,15843.20578446523
2023-07-19,5.074298100507423,15823.980352912582
2023-07-20,5.036780947679416,15831.005159567425
2023-07-21,5.036780947679416,15838.981586853946
2023-07-22,5.036780947679416,15838.019712391453
2023-07-23,5.036780947679416,15838.019712391453
2023-07-24,4.661702080133454,15778.016766748173
2023-07-25,5.118309376739824,15816.306724832748
2023-07-26,5.099176160431954,15799.354518549439
2023-07-27,5.088580971185192,15801.504173317011
2023-07-28,5.017168871532331,15800.674402158733
2023-07-29,3.7266082508332787,15821.137734269849
2023-07-30,5.052091820345151,15776.241277523532
2023-07-31,5.073718102025605,15767.441075259663
2023-08-01,5.079882108924461,15806.865995064867
2023-08-02,5.223589460868684,15833.296624881335
2023-08-03,5.097292408420593,15830.257997701938
2023-08-04,2.377201503419723,15792.399259700429
2023-08-05,4.965628891796979,15865.529476771624
2023-08-06,5.0958944094671565,15850.419637652894
2023-08-07,5.041567342875614,15823.918867216109
2023-08-08,5.041567342875614,15837.05102542711
2023-08-09,4.043001900508302,15787.40060414321
2023-08-10,4.81590594827774,15871.972626009687
2023-08-11,5.09191143699213,15872.738470259968
2023-08-12,5.054394284164124,15816.133917918842
2023-08-13,5.289615232592741,15791.694956413536
2023-08-14,5.330310182531611,15812.480248072388
2023-08-15,5.267720932220681,15790.057900342317
2023-08-16,5.289615232592741,15923.394891005462
2023-08-17,5.112436881345006,15920.533159493252
2023-08-18,3.949657413029183,15865.252254855828
2023-08-19,3.457702223737885,15870.398695052665
2023-08-20,5.219608590145913,15927.020814708247
2023-08-21,5.219608590145913,15873.52016937342
2023-08-22,5.219608590145913,15880.946277290346
2023-08-23,2.4493026907226283,15862.718169967091
2023-08-24,2.626630834338989,15875.68517795502
2023-08-25,5.236901359577561,15923.731007599326
2023-08-26,5.374321458764013,15877.780639114237
2023-08-27,3.9659364342107817,15828.930942671393
2023-08-28,3.2641330015016568,15880.889806510673
2023-08-29,2.3941155581947875,15846.438320076006
2023-08-30,5.082899389087297,15880.998276698092
2023-08-31,6.696811939508966,15853.18375802776
2023-09-01,6.710661577718912,15825.494486303432
2023-09-02,4.483164582253752,15822.206630681145
2023-09-03,4.716393711367215,15820.069108601598
2023-09-04,6.6927103759568025,15828.089062381961
2023-09-05,7.0598288362748,15858.356772455994
2023-09-06,7.269727176605204,15867.51898597379
2023-09-07,8.198857369836977,14786.55567942462
2023-09-08,7.847564689571755,14772.890727892433
2023-09-09,6.849227135543456,14748.686831012566
2023-09-10,6.0922037609361865,14749.513739902959
2023-09-11,5.497941463351222,14798.943372313688
2023-09-12,2.5775854329806402,14754.186750484965
2023-09-13,1.2762127765174993,14776.297551123456
2023-09-14,1.0098131274174853,14725.019852083644
2023-09-15,3.8043403937600093,14734.854345568312
2023-09-16,1.556163672989511,14824.319235698307
2023-09-17,1.0557105300785001,14768.688280032327
2023-09-18,2.253199528038449,14737.009880643966
2023-09-19,1.0557105300785001,14781.050823676782
2023-09-20,1.1168493394255492,14762.886482819487
2023-09-21,3.4226754458360737,14777.699864482196
2023-09-22,1.4462907269908352,14799.022176606022
2023-09-23,0.7708559446421116,14771.237221739448
2023-09-24,0.7708559446421116,14716.95803883644
2023-09-25,1.0546664819489504,14763.557883277977
2023-09-26,0.7708559446421116,14763.557883277977
2023-09-27,0.7708559446421116,14763.557883277977
2023-09-28,0.7555737720423105,14763.557883277977
2023-09-29,0.032262706588720026,14769.022343480046
2023-09-30,0.6167559874715978,14752.239622096826
2023-10-01,0.3160732438955585,14848.448344311939
2023-10-02,0.032262706588720026,14713.077875533329
2023-10-03,0.032262706588720026,14737.080756826688
2023-10-04,0.032262706588720026,14737.080756826688
2023-10-05,0.032262706588720026,14728.875441602228
2023-10-06,0.032262706588720026,14726.278731701086
2023-10-07,0.6167559874715978,14771.426896927487
2023-10-08,0.047544879188521114,11089.239175229843
2023-10-09,0.047544879188521114,11054.053049505861
2023-10-10,1.0246710426790386,11080.579892283129
2023-10-11,4.988727334078666,11068.316646905818
2023-10-12,4.95353750396058,10994.485323767085
2023-10-13,4.95353750396058,11018.815027299937
2023-10-14,4.963264368209276,11035.450095587095
2023-10-15,3.60284744749024,11035.295066931494
2023-10-16,4.95353750396058,11024.213980414728
2023-10-17,4.963264368209276,11035.046428462576
2023-10-18,4.94542264888324,11011.344879494833
2023-10-19,1.6627811750588077,11036.767325511513
2023-10-20,4.9422713738586035,11023.500394307053
2023-10-21,4.95353750396058,11033.558216905825
2023-10-22,4.95353750396058,11024.632405108501
2023-10-23,4.326582202557813,11046.563013602537
2023-10-24,2.1531020500967433,11028.535037769916
2023-10-25,0.0958282815634928,11059.676905224693
2023-10-26,1.8706915865090925,11098.674064128518
2023-10-27,5.073592189920764,11085.562994780763
2023-10-28,5.023395808346451,11051.578761639312
2023-10-29,5.023395808346451,11087.138574111821
2023-10-30,4.579186163604423,11024.540147442283
2023-10-31,5.033122672595147,11089.434471929266
2023-11-01,4.956938220241755,11114.453045868655
2023-11-02,4.9884604527734,11065.417824358296
2023-11-03,3.794697452477694,11106.069211153985
2023-11-04,4.968468356022313,11071.044897749849
2023-11-05,4.930140476283439,11090.724507977415
2023-11-06,1.4354095185432285,11081.257848503308
2023-11-07,0.7919710906076516,12410.27732962451
2023-11-08,0.4148910320525663,12421.49688565609
2023-11-09,3.996527043139642,12429.199503000389
2023-11-10,4.6966743310560295,12455.793227891274
2023-11-11,1.1076110464911901,12441.250566342953
2023-11-12,0.12586943612632867,12446.87795039392
2023-11-13,0.22800035768311072,12439.143020092322
2023-11-14,0.22800035768311072,12442.835315927314
2023-11-15,2.6153241453273126,12472.898844795343
2023-11-16,4.945491608709333,12412.588270794562
2023-11-17,4.974693702346073,12413.344167149977
2023-11-18,4.974693702346073,12512.943699565572
2023-11-19,1.8755308767127628,12403.534980659922
2023-11-20,1.6763746846871537,12393.94012103835
2023-11-21,4.6260199851683605,12341.598352448293
2023-11-22,5.010009078523126,12379.841768336393
2023-11-23,4.086858083792505,12394.432230834975
2023-11-24,5.010009078523126,12348.479542417736
2023-11-25,5.019735942771822,12430.245176921846
2023-11-26,5.623947614943783,12348.250708287449
2023-11-27,3.4007080890888086,12475.935941907674
2023-11-28,1.3971619456110516,12434.342001796504
2023-11-29,0.4803929611870988,12456.306532950914
2023-11-30,0.5262903638481142,12435.49545594946
2023-12-01,5.896292228203797,12544.6388490545
2023-12-02,6.482034719830408,12383.298277313092
2023-12-03,6.487851332239497,12459.131644452042
2023-12-04,6.454010712486192,12431.162977576434
2023-12-05,1.871840474413528,12418.4954071422
2023-12-06,1.7188909962270718,12424.833347757381
2023-12-07,1.9321718974098,12489.332740562833
2023-12-08,1.6281117506556706,16712.005188459458
2023-12-09,3.9042314988700846,16709.31288126276
2023-12-10,5.127385858716053,16672.868534962443
2023-12-11,5.292600164697842,16731.850286906145
2023-12-12,5.4123571160569846,16709.981745555706
2023-12-13,5.3023270289465385,16635.75290030963
2023-12-14,5.3023270289465385,16603.774584076964
2023-12-15,5.933441718509111,16566.927294125617
2023-12-16,6.877811480178324,16728.837720202955
2023-12-17,7.034208621241532,16722.580726883734
2023-12-18,7.034582341632348,16724.968893353038
2023-12-19,4.763829430166738,16700.66798185398
2023-12-20,4.043774413571982,16612.42446009284
2023-12-21,5.804723449013688,16672.73243297268
2023-12-22,6.8994377618587786,16685.11429627401
2023-12-23,7.056332791539099,16728.789307693274
2023-12-24,6.88178887550419,16736.53000312402
2023-12-25,7.052231227986936,16692.302810562793
2023-12-26,6.687541603412967,16775.216776191544
2023-12-27,6.901884214855213,16673.292675188113
2023-12-28,4.33266873333542,16706.202689991875
2023-12-29,5.540427057683063,16691.58524550423
2023-12-30,3.8141161176798026,16717.00595364664
2023-12-31,2.5456858856526634,16662.711418806583
2024-01-01,5.726931787434727,16746.89097009383
2024-01-02,2.7424961028159447,16688.719688347264
2024-01-03,2.4674746032544994,16726.001369580295
2024-01-04,4.804775427616134,16673.205160296435
2024-01-05,6.524888410365826,16745.632274756535
2024-01-06,6.765476542736357,16769.628576924413
2024-01-07,6.727168726726794,20617.175862195865
2024-01-08,6.886593974115824,20618.65872145525
2024-01-09,6.842441940202176,20643.696435193833
2024-01-10,6.871817883218435,20657.852254382116
2024-01-11,7.00247813036886,20559.107771022867
2024-01-12,6.90817799413421,20519.26390784675
2024-01-13,7.016639715651975,20544.98426335473
2024-01-14,7.009464119166951,20513.771703103383
2024-01-15,7.016639715651975,20544.37264357859
2024-01-16,7.042193117930833,20662.769685094463
2024-01-17,7.042193117930833,20636.75728257543
2024-01-18,7.016639715651975,20626.722814415734
2024-01-19,6.838805689907818,20614.19213373782
2024-01-20,7.016639715651975,20639.750021791508
2024-01-21,7.044779495344004,20638.416780494736
2024-01-22,7.0519550918290275,20605.589029261333
2024-01-23,6.870956192474044,20641.93362857612
2024-01-24,3.649911469477812,20604.71643173854
2024-01-25,3.229843864656747,20630.591869314205
2024-01-26,5.472481745402303,20605.834694829988
2024-01-27,3.56646457865822,20610.635222797027
2024-01-28,5.660619651728791,20627.775218604853
2024-01-29,7.197693020006352,20627.652773092013
2024-01-30,4.437827287644451,20636.255220493887
2024-01-31,3.7907739204945443,20631.70135944552
2024-02-01,1.9163475272995893,20638.180102029208
2024-02-02,4.8218455194450796,20605.535042554387
2024-02-03,5.365269541262144,20533.08272443296
2024-02-04,5.365269541262144,20608.68335873549
2024-02-05,5.339904509336749,20520.60798477094
2024-02-06,5.330177645088053,20655.40982966604
2024-02-07,5.285990589803549,16526.446215570522
2024-02-08,5.294914496755312,16394.632433770254
2024-02-09,5.250095736332525,16476.747058951747
2024-02-10,5.278278858611875,16433.531062124704
2024-02-11,6.669242902001134,16365.997162933772
2024-02-12,4.3498742378933155,16348.69104596449
2024-02-13,4.286727714263688,16402.3633357856
2024-02-14,5.406752913759376,16391.24249020685
2024-02-15,6.554167530413563,16364.056371048557
2024-02-16,6.554167530413563,16410.148081775547
2024-02-17,4.218550328281002,16430.042556045515
2024-02-18,5.164661802951118,16494.56984515221
2024-02-19,5.559342487493914,16488.459378520074
2024-02-20,5.201576455637283,16441.947441731103
2024-02-21,5.179950173956828,16361.94289834319
2024-02-22,4.741412230756608,16424.419386239802
2024-02-23,4.724813486576443,16372.991800566877
2024-02-24,5.528164777001801,16403.908275424565
2024-02-25,5.554215580376453,16395.097339821386
2024-02-26,7.058250971785145,16480.425764792682
2024-02-27,6.923330784993707,16518.438318156914
2024-02-28,6.817382501921401,16471.503703241215
2024-02-29,6.889000128966003,16463.177374407336
2024-03-01,4.006078126051842,16435.417952475684
2024-03-02,3.5967260821606275,16399.280895392254
2024-03-03,2.821699297552853,16399.522188289633
2024-03-04,1.4745255166913167,16373.96855538559
2024-03-05,2.381328962149477,16343.201566041053
2024-03-06,4.736931890168587,16370.340376402153
2024-03-07,5.110153135108732,16365.55116100888
2024-03-08,5.240114610663307,16379.708809261236
2024-03-09,5.144783054985595,18781.84870035558
2024-03-10,5.274577557952438,18711.130786037647
2024-03-11,5.284304422201134,18763.157726629754
2024-03-12,5.184544615794099,18797.254513280615
2024-03-13,2.2899234997477276,18763.975377268674
2024-03-14,4.5987886511512635,18740.71439384664
2024-03-15,5.139206890026811,18748.922618386787
2024-03-16,5.168852980970063,18787.660868157167
2024-03-17,5.194271480042795,18751.773992292463
2024-03-18,5.194271480042795,18746.368477541502
2024-03-19,5.139206890026811,18754.780232613033
2024-03-20,5.194271480042795,18763.798523714057
2024-03-21,5.2381270370924,18799.972979308583
2024-03-22,5.986776479178908,18760.656830193962
2024-03-23,6.908216416384958,18724.400150759695
2024-03-24,6.806682428700131,18753.98318215725
2024-03-25,6.936468570782747,18714.247555473718
2024-03-26,6.899553918096582,18749.387318261517
2024-03-27,6.08780663934694,18737.984228142628
2024-03-28,5.6888928203023434,18772.565308277393
2024-03-29,6.1306516102656525,18738.613064859474
2024-03-30,7.055643387256177,18747.34166990451
2024-03-31,7.059620782582043,18740.746536355113
2024-04-01,7.026873114665598,18739.15512430085
2024-04-02,3.171347428458225,18774.663078540692
2024-04-03,1.7641192143017188,18756.115053230536
2024-04-04,2.815277160455494,18710.110647110138
2024-04-05,5.279147498042216,18791.276977346028
2024-04-06,6.7164655311384385,18771.156952726444
2024-04-07,5.232844582130897,18750.2824554109
2024-04-08,6.983563845499771,16816.98034950954
2024-04-09,5.000126724286985,16726.614898234264
2024-04-10,4.9986666782029845,16726.213532940004
2024-04-11,5.05449642931194,16698.108609814295
2024-04-12,5.302835501375045,16719.589380566173
2024-04-13,5.912076586012664,16729.201741851168
2024-04-14,6.695741453911723,16714.571610462855
2024-04-15,5.166925713789624,16672.775692660358
2024-04-16,5.2654732952436145,16728.2555877098
2024-04-17,6.4937889433332865,16759.117374383033
2024-04-18,6.8459588298387395,16687.835904559106
2024-04-19,4.83471994036435,16721.41392921835
2024-04-20,2.2675499906181336,16697.963356483928
2024-04-21,4.48766905630171,16681.408720886986
2024-04-22,5.117549961115069,16702.410828241478
2024-04-23,4.099915004072135,16682.017385369112
2024-04-24,5.127276825363765,16704.670145442164
2024-04-25,6.695741453911723,16696.98296619748
2024-04-26,6.871686675071357,16615.738338558498
2024-04-27,6.830670458833029,16610.724832981483
2024-04-28,6.74007370044624,16691.251396589687
2024-04-29,6.784087934307545,16639.954651696044
2024-04-30,3.5234829694373686,16678.831647972802
2024-05-01,5.3718752650638795,16666.355853901045
2024-05-02,6.676357717759759,16719.15082335315
2024-05-03,6.802888045707225,16717.427214584255
2024-05-04,5.863483435661748,16646.154370761764
2024-05-05,6.4821104456685354,16714.089432251218
2024-05-06,6.7815708369076875,16683.794901097375
2024-05-07,6.675898254572364,16706.046830835512
2024-05-08,6.4821104456685354,16643.10237961112
2024-05-09,6.886980145725547,19950.998306098085
2024-05-10,6.94853307183831,20027.174045732325
2024-05-11,6.940118436202019,19969.820989933974
2024-05-12,6.787009421732213,20016.825231143786
2024-05-13,6.988646639008829,20061.091544527557
2024-05-14,6.996143799402053,20009.995147997764
2024-05-15,6.703766139005128,20012.716468819217
2024-05-16,6.624062501566673,20014.707814252997
2024-05-17,5.29116322246387,20033.930073686523
2024-05-18,5.275572990342556,19984.582666785336
2024-05-19,5.721388420226509,19976.51295322988
2024-05-20,5.1394030740093335,19950.38203810925
2024-05-21,6.509518866913905,19958.884247976624
2024-05-22,6.974517517721599,20040.738721654892
2024-05-23,7.006990809662434,19980.56323411973
2024-05-24,6.958830746371426,20016.97966914849
2024-05-25,7.004513853636523,20019.78216193662
2024-05-26,7.1152193109673565,19992.835815814477
2024-05-27,7.004558435038343,20043.60875998612
2024-05-28,7.091995293020364,20016.948155920065
2024-05-29,6.980936828655365,19998.61999834564
2024-05-30,6.973364466409028,20034.777739482743
2024-05-31,6.872399905284487,20014.608567139345
2024-06-01,4.415168826406019,20014.852487332548
2024-06-02,6.608780328966872,19994.24632716654
2024-06-03,7.004664818334711,20051.039497355636
2024-06-04,6.989231681036721,19972.032508592958
2024-06-05,7.126200799189653,20006.88826057034
2024-06-06,7.103919703446051,20040.92234853443
2024-06-07,7.04742114828994,19995.40839186557
2024-06-08,6.9287904112138765,20216.762782908645
2024-06-09,6.9529025686026955,20301.236379192476
2024-06-10,7.071760722370123,20391.626078384757
2024-06-11,7.077386128400741,20380.471937897542
2024-06-12,6.915976810646394,20391.940313702693
2024-06-13,5.079133450194728,20385.2891095836
2024-06-14,5.255954962041335,20374.09165449234
2024-06-15,4.832353156656055,20341.42852287056
2024-06-16,5.29116322246387,20284.551336853725
2024-06-17,7.048934245325264,20298.117269097704
2024-06-18,6.910311694311314,20369.207420463747
2024-06-19,5.899257108358693,20390.975784928007
2024-06-20,5.749909210398582,20346.11750113724
2024-06-21,6.740632689766068,20349.442590256698
2024-06-22,7.0377372399748825,20381.996242178866
2024-06-23,6.887682077884288,20332.76651446699
2024-06-24,7.030457217921495,20382.69902430763
2024-06-25,7.059363521655337,20383.614068540963
2024-06-26,4.113028235191906,20333.178954939176
2024-06-27,5.651361628944591,20392.980713792225
2024-06-28,6.96314135723793,20357.229634061263
2024-06-29,7.035514313679988,20386.67967068405
2024-06-30,6.83851310387323,20383.03456190585
2024-07-01,6.994557229446748,20399.68485595654
2024-07-02,6.98101927041668,20380.415798049038
2024-07-03,7.0369057525705125,20377.928306577684
2024-07-04,7.067884540587995,20423.94918649687
2024-07-05,6.955821067186252,20383.950626772068
2024-07-06,6.962996663671276,20388.458139921102
2024-07-07,6.885088965174547,20373.910712386256
2024-07-08,6.027067971646249,20330.877933636177
2024-07-09,5.3722309440295035,21653.32307561377
2024-07-10,2.350163390287656,21738.80072568474
2024-07-11,2.4215311705649003,21735.328685901204
2024-07-12,4.555864527690898,21711.289631958327
2024-07-13,5.136287607778156,21720.55532376463
2024-07-14,5.090949882010868,21719.51000909923
2024-07-15,5.090949882010868,21724.232711278986
2024-07-16,5.090949882010868,21747.468330671596
2024-07-17,5.146014472026852,21758.104453479384
2024-07-18,5.425179616445788,21731.033123763034
2024-07-19,6.620521007663774,21710.867075778464
2024-07-20,6.965512118795203,21707.65519636976
2024-07-21,6.881035966281781,21661.637465399555
2024-07-22,6.9934308076158915,21757.494709993192
2024-07-23,6.745863039837782,21697.125492024796
2024-07-24,5.505869577778136,21708.06986304651
2024-07-25,4.147905169352472,21751.340353332696
2024-07-26,4.6413952519678245,21724.803427594237
2024-07-27,5.6346973271776575,21724.731983961927
2024-07-28,6.902012826336275,21715.133431526865
2024-07-29,7.1171928937841225,21707.60019916889
2024-07-30,6.881344025803293,21720.842426591455
2024-07-31,6.1856115511051835,21726.55031227518
2024-08-01,7.063682398164666,21754.20426393376
2024-08-02,6.999197387816853,21707.75230810415
2024-08-03,6.966449719900408,21714.9179297263
2024-08-04,7.008919409221511,21716.465984618364
2024-08-05,7.221250747740199,21695.759063374884
2024-08-06,6.999197387816853,21715.40656807719
2024-08-07,6.828538958557719,21705.432150278044
2024-08-08,6.966449719900408,21715.9476812725
2024-08-09,5.223891915305976,21381.501135164064
2024-08-10,5.7442645043786165,21410.84504506225
2024-08-11,7.1808469667513295,21360.776396944984
2024-08-12,6.9957162032896,21386.879644404926
2024-08-13,5.187316345081342,21335.510154154486
2024-08-14,6.760391382489626,21409.315166665132
2024-08-15,7.134350687238335,21399.947662396822
2024-08-16,6.192239343365008,21387.29316946906
2024-08-17,6.892477656163711,21340.009336299558
2024-08-18,7.002085774188111,21361.512526806888
2024-08-19,6.906234169512208,21374.955387766124
2024-08-20,6.192239343365008,21402.611159004642
2024-08-21,5.648693465109727,21367.975892543705
2024-08-22,5.359722826541785,21400.950913158405
2024-08-23,5.347545497779796,21360.15450895683
2024-08-24,5.501624604749937,21392.210149009195
2024-08-25,5.425462189461514,21399.64542730608
2024-08-26,7.110547495705876,21320.79664139923
2024-08-27,7.101980460330328,21412.305517321627
2024-08-28,7.1033718992208525,21361.706543613192
2024-08-29,7.054912239055922,21352.029981143063
2024-08-30,6.695377937438572,21364.493325980417
2024-08-31,7.119068514638534,21390.86428443829
2024-09-01,7.095265323106075,21406.281382847395
2024-09-02,6.873211963182729,21361.100285771827
2024-09-03,6.652306199889681,21377.903106198057
2024-09-04,6.176957170765207,21416.833571183623
2024-09-05,5.919418308026726,21423.992364439684
2024-09-06,4.714186069446782,18782.350157048964
2024-09-07,2.76655881846724,18711.02820892242
2024-09-08,4.929044453572581,18755.8848510987
2024-09-09,6.94057013433491,18657.12891662024
2024-09-10,6.858286393645625,18776.033952936712
2024-09-11,6.782917707495265,18750.33858765043
2024-09-12,6.905063496798464,18738.854027278034
2024-09-13,6.904780923782738,18769.496408681658
2024-09-14,6.94422594502576,18705.15237579287
2024-09-15,6.721919986325823,18717.170478195836
2024-09-16,7.065307232213601,18717.456185030183
2024-09-17,6.565541582539606,18745.980418464995
2024-09-18,7.065307232213601,18699.570971330122
2024-09-19,7.010214794025595,18709.07025747521
2024-09-20,3.551972027965083,18703.491534705423
2024-09-21,4.7206431426513,18701.424373953792
2024-09-22,6.728556258436919,18677.471721167316
2024-09-23,7.004950037527083,18764.154527152652
2024-09-24,7.010497367041321,18782.231227103133
2024-09-25,6.868148844112299,18775.253103512383
2024-09-26,7.034289453303644,18719.473663922745
2024-09-27,6.982414191925878,18727.498220494363
2024-09-28,7.04432478001668,18714.9054971233
2024-09-29,6.901167658832971,18754.51091789811
2024-09-30,7.055933038660144,18662.569882775686
2024-10-01,5.84637326213954,18664.442815531733
2024-10-02,4.424885574558189,18748.15230665266
2024-10-03,6.0242274450881075,18660.150365785215
2024-10-04,4.988026252073131,18687.46668973109
2024-10-05,6.553489236915455,18750.65555668484
2024-10-06,6.889781324198663,18743.667437369128
2024-10-07,6.997923594670286,21230.695142784058
2024-10-08,7.051061885146758,21255.848454422412
2024-10-09,6.933225412732722,21328.54300055566
2024-10-10,6.818592346673622,21231.47168692878
2024-10-11,6.770491453326547,21241.872525156723
2024-10-12,7.107087248346792,21323.074061151794
2024-10-13,6.993000120798409,21259.67069884109
2024-10-14,6.933438373492087,21178.167936862246
2024-10-15,6.664128125130398,21204.33993115206
2024-10-16,6.7648660472959286,21256.498827056108
2024-10-17,7.101461842316174,21273.915924670975
2024-10-18,6.96473872541777,21219.526506800765
2024-10-19,6.965126020492096,21311.106042104133
2024-10-20,6.7648660472959286,21207.360886921284
2024-10-21,6.958830746371426,21248.0978279502
2024-10-22,7.107087248346792,21288.311304607167
2024-10-23,6.4707138695050554,21266.22092338833
2024-10-24,6.959113319387152,21148.174177903606
2024-10-25,6.206519129735603,21212.39706329173
2024-10-26,6.958830746371426,21228.841532476425
2024-10-27,6.96473872541777,21180.887867154117
2024-10-28,7.086179669716373,21258.171733561365
2024-10-29,7.051087773542282,21278.96549273353
2024-10-30,7.140914661322151,21242.558337533806
2024-10-31,6.989558835454268,21259.48984197422
2024-11-01,6.9974749671227165,21240.659409342723
2024-11-02,7.115325694263724,21266.282484417367
2024-11-03,7.079004073231349,21203.02215562667
2024-11-04,6.981144199817978,21298.332408301314
2024-11-05,7.091522502731265,21284.605537088544
2024-11-06,3.8918580631198454,19189.092680014615
2024-11-07,6.062593822691044,19194.060452974594
2024-11-08,7.013173597519281,19208.475353134847
2024-11-09,6.94875532934038,19229.193390695145
2024-11-10,3.8725767037300387,19143.244578763497
2024-11-11,6.483943017890544,19089.490280335074
2024-11-12,7.156270829580388,19095.568555532587
2024-11-13,5.153266446787543,19203.40246257197
2024-11-14,5.93493642978685,19191.214623645734
2024-11-15,6.875204733237985,19130.524028073403
2024-11-16,6.117267710571544,19198.163976387565
2024-11-17,6.731617237176327,19088.67094200374
2024-11-18,6.999970866051757,19235.38707775166
2024-11-19,6.949972637834224,19202.76962839175
2024-11-20,5.9457602629405795,19175.37735191193
2024-11-21,5.298187623638599,19126.93341408219
2024-11-22,5.2314879938445635,19141.689774087266
2024-11-23,4.942029094048254,19138.584102126417
2024-11-24,2.4377277633218246,19192.283929849928
2024-11-25,3.0612533722038267,19103.34240348887
2024-11-26,2.8266457930914775,19203.057782760694
2024-11-27,6.2100000567222,19113.25528469475
2024-11-28,7.138722358928383,19141.33420061255
2024-11-29,7.163535454774197,19206.77839586886
2024-11-30,7.163818027789923,19124.785649450296
2024-12-01,7.163535454774197,19175.228389521973
2024-12-02,6.947491467750065,19190.482106904605
2024-12-03,6.041422872509555,19150.034059212405
2024-12-04,6.9787807144056115,19106.203350182226
2024-12-05,3.3300115226878217,19181.6695894091
2024-12-06,4.516455826668787,19123.788044595713
2024-12-07,6.949553633423538,22680.899170091656
2024-12-08,7.060078564610187,22698.326102007435
2024-12-09,7.102823119826316,22665.21424579879
2024-12-10,7.134068114222609,22649.90484991297
2024-12-11,6.842705804505434,22707.20745511119
2024-12-12,7.124982460832907,22727.79581193241
2024-12-13,7.134350687238335,22691.890612928528
2024-12-14,7.06361858522663,22660.011040255624
2024-12-15,6.888211562766804,22714.615827240777
2024-12-16,7.150571427891334,22707.593544211326
2024-12-17,7.150571427891334,22699.290293563074
2024-12-18,7.134350687238335,22703.532218120865
2024-12-19,7.302946509935852,22699.08801504
2024-12-20,7.149762829636647,22696.608902606684
2024-12-21,7.173283448153381,22706.26374312816
2024-12-22,7.173566021169107,22700.803947155593
2024-12-23,7.149762829636647,22696.503875894112
2024-12-24,7.139497597134256,22710.48667629245
2024-12-25,7.173566021169107,22711.921458194207
2024-12-26,7.147559778384718,22706.951721841568
2024-12-27,7.182651674558809,22693.941216747146
2024-12-28,7.119068514638534,22704.928127756
2024-12-29,7.134480657036846,22712.894185602185
2024-12-30,7.15800127555358,22703.372838783995
2024-12-31,7.158283848569305,22704.456846338184
2025-01-01,7.158283848569305,22701.83617761117
2025-01-02,6.897015154715188,22686.465937065725
2025-01-03,6.78761962951421,22686.609465342597
2025-01-04,7.129412365611994,22667.823891401382
2025-01-05,7.143566310426548,22672.53259401678
2025-01-06,7.080488575011838,19774.670656117916
2025-01-07,6.813167034616402,19778.460029634258
2025-01-08,5.524742439566981,19738.401649320378
2025-01-09,6.157028820039494,19727.43358678185
2025-01-10,6.946911382768024,19772.220506017882
2025-01-11,6.4969172095057575,19740.019062730542
2025-01-12,7.089259905697046,19747.67424080756
2025-01-13,7.069994139365469,19755.359160609783
2025-01-14,7.093514757882202,19717.132939987805
2025-01-15,7.093797330897928,19713.89087968881
2025-01-16,6.787124643722917,19749.521529040572
2025-01-17,7.007745054315384,19744.04005530763
2025-01-18,4.040105249157652,19705.375832884216
2025-01-19,2.4398844221092,19752.120348990746
2025-01-20,3.2161022129956205,19770.813058860713
2025-01-21,5.132979940786299,19801.580048165717
2025-01-22,6.879020521504944,19804.500379351943
2025-01-23,7.066227427859805,19750.76517048611
2025-01-24,7.1247291309712475,19753.671559050294
2025-01-25,7.075619545396087,19714.835118501953
2025-01-26,6.914213493368751,19715.31731979586
2025-01-27,7.097780924629704,19711.373454023247
2025-01-28,7.054429393749942,19763.98924798489
2025-01-29,5.068313336692445,19701.646157668365
2025-01-30,3.5948752708638505,19705.21403797497
2025-01-31,5.52559292529874,19761.12595484173
2025-02-01,5.458803406635522,19808.197797802528
2025-02-02,6.8985912000384495,19796.449855952742
2025-02-03,5.507567088782006,19700.635468516546
2025-02-04,5.83540425623403,19760.821992049754
2025-02-05,7.168182559079531,19751.4179634638
2025-02-06,7.051036067257804,19558.81983964299
2025-02-07,7.204712778104513,19616.50364039135
2025-02-08,7.1024219564099695,19508.82158684032
2025-02-09,7.234081511206276,19540.245974485482
2025-02-10,7.199584622218347,19558.850862833955
2025-02-11,7.228456105175658,19544.998796482894
2025-02-12,7.083008258354119,19551.690583032654
2025-02-13,7.054136775396808,19562.90674473936
2025-02-14,7.082725685338393,19543.91894710259
2025-02-15,7.145368146962658,19524.19695347676
2025-02-16,7.034707271033645,19552.13493461164
2025-02-17,7.1860630969015284,19546.17203580318
2025-02-18,7.1860630969015284,19522.24959063282
2025-02-19,5.836186111374924,19518.913758706727
2025-02-20,7.0769761398636355,19535.979672095276
2025-02-21,7.034017985558054,19545.999463799573
2025-02-22,7.079036456979644,19542.43652697305
2025-02-23,6.6366932410490485,19465.135777747393
2025-02-24,5.98295748864247,19550.44324620201
2025-02-25,5.463284305210304,19436.65635356916
2025-02-26,5.933494841421646,19513.479153736003
2025-02-27,6.89865917883469,19496.741802986675
2025-02-28,6.9580068634694925,19532.821221443395
2025-03-01,5.963950430603375,19549.209134776338
2025-03-02,4.977710198673115,19503.214112575435
2025-03-03,4.862808927177644,19548.256723761024
2025-03-04,4.771077547127581,19530.434005803672
2025-03-05,3.388682067693525,19542.551919985213
2025-03-06,1.2236350604109494,19544.660019927298
2025-03-07,1.6739552518810954,19524.99368791334
2025-03-08,4.5932302003500505,19566.635705301076
2025-03-09,2.981569322093378,15224.38321548885
2025-03-10,1.4456551923291823,15182.487302532476
2025-03-11,1.4456551923291823,15143.17183843729
2025-03-12,2.748272729994918,15097.779100125295
2025-03-13,4.907856925816843,15202.590931003262
2025-03-14,4.848070880192368,15133.800205858772
2025-03-15,4.907856925816843,15209.70869878375
2025-03-16,4.907856925816843,15221.349254489263
2025-03-17,4.9389482890486,15185.932573806762
2025-03-18,4.91758379006554,15154.824180321528
2025-03-19,2.9495381288293636,15183.03102618829
2025-03-20,1.7752278142338656,15165.007053978847
2025-03-21,3.310002203972902,15177.28159487872
2025-03-22,2.207715354780747,15174.39669751787
2025-03-23,1.4414211984348837,15154.120201505924
2025-03-24,0.07004461222567746,15117.198167035003
2025-03-25,0.07004461222567746,15122.86410638843
2025-03-26,0.13878398039206075,15125.513547186856
2025-03-27,0.07004461222567746,15124.107416751358
2025-03-28,0.07004461222567746,15117.66233370768
2025-03-29,0.07004461222567746,15143.435684716664
2025-03-30,0.07004461222567746,15133.940637616306
2025-03-31,0.07004461222567746,15138.339209043837
2025-04-01,0.07004461222567746,15152.582667084102
2025-04-02,0.07004461222567746,15152.582667084102
2025-04-03,0.07004461222567746,15152.582667084102
2025-04-04,0.07004461222567746,15152.582667084102
2025-04-05,0.07004461222567746,15152.582667084102
2025-04-06,0.07004461222567746,15148.789882174582
2025-04-07,0.07004461222567746,15146.19317227344
2025-04-08,0.07004461222567746,5344.607019061341
2025-04-09,0.07004461222567746,5307.070721374999
2025-04-10,0.07004461222567746,5351.667311274714
2025-04-11,0.07004461222567746,5313.8057951244
2025-04-12,0.07004461222567746,5314.712380634361
2025-04-13,0.07004461222567746,5315.376105521076
2025-04-14,0.07004461222567746,5315.376105521076
2025-04-15,0.07004461222567746,5324.280519670157
2025-04-16,0.07004461222567746,5324.280519670157
2025-04-17,0.07004461222567746,5323.890894815306
2025-04-18,0.07004461222567746,5324.583424026284
2025-04-19,0.07004461222567746,5324.490787088739
2025-04-20,0.07004461222567746,5325.797327361464
2025-04-21,0.07004461222567746,5325.527955629812
2025-04-22,0.07004461222567746,5328.047965214801
2025-04-23,0.07004461222567746,5328.047965214801
2025-04-24,0.07004461222567746,5328.047965214801
2025-04-25,0.07004461222567746,5328.047965214801
2025-04-26,0.07004461222567746,5328.047965214801
2025-04-27,0.07004461222567746,5328.047965214801
2025-04-28,0.07004461222567746,5328.047965214801
2025-04-29,0.07004461222567746,5328.047965214801
2025-04-30,0.07004461222567746,5329.396572585652
2025-05-01,0.07004461222567746,5329.396572585652
2025-05-02,0.07004461222567746,5329.396572585652
2025-05-03,0.07004461222567746,5329.396572585652
2025-05-04,0.07004461222567746,5329.396572585652
2025-05-05,0.07004461222567746,5329.396572585652
2025-05-06,0.07004461222567746,5325.928203749455
2025-05-07,0.07004461222567746,5323.3314938483145
2025-05-08,0.07004461222567746,5323.3314938483145
2025-05-09,0.07004461222567746,5627.53591422763
2025-05-10,0.07004461222567746,5658.405428697577
2025-05-11,0.07004461222567746,5701.520285886324
2025-05-12,0.07004461222567746,5700.140350928807
2025-05-13,0.07004461222567746,5701.196832968519
2025-05-14,0.07004461222567746,5701.860557855234
2025-05-15,0.07004461222567746,5701.860557855234
2025-05-16,0.07004461222567746,5695.895711672955
2025-05-17,0.07004461222567746,5695.895711672955
2025-05-18,0.07004461222567746,5695.5060868181035
2025-05-19,0.07004461222567746,5695.174792778466
2025-05-20,0.07004461222567746,5696.638421693161
2025-05-21,0.07004461222567746,5697.944961965886
2025-05-22,0.07004461222567746,5697.675590234234
2025-05-23,0.07004461222567746,5700.516903301168
2025-05-24,0.07004461222567746,5700.516903301168
2025-05-25,0.07004461222567746,5700.516903301168
2025-05-26,0.07004461222567746,5700.516903301168
2025-05-27,0.07004461222567746,5700.516903301168
2025-05-28,0.07004461222567746,5700.516903301168
2025-05-29,0.07004461222567746,5700.516903301168
2025-05-30,0.07004461222567746,5700.516903301168
2025-05-31,0.07004461222567746,5701.86551067202
2025-06-01,0.07004461222567746,5701.86551067202
2025-06-02,0.07004461222567746,5701.86551067202
2025-06-03,0.07004461222567746,5701.86551067202
2025-06-04,0.07004461222567746,5701.86551067202
2025-06-05,0.07004461222567746,5701.86551067202
2025-06-06,0.07004461222567746,5698.397141835822
2025-06-07,0.07004461222567746,5695.800431934682
2025-06-08,0.07004461222567746,5565.7150056382725
2025-06-09,0.07004461222567746,5574.675369319643
2025-06-10,0.07004461222567746,5561.677287240097
2025-06-11,0.07004461222567746,5569.790442097103
2025-06-12,0.07004461222567746,5570.846924136815
2025-06-13,0.07004461222567746,5571.51064902353
2025-06-14,0.07004461222567746,5571.51064902353
2025-06-15,0.07004461222567746,5562.708470315277
2025-06-16,0.07004461222567746,5562.708470315277
2025-06-17,0.07004461222567746,5562.318845460425
2025-06-18,0.07004461222567746,5563.011374671403
2025-06-19,0.07004461222567746,5563.49912907564
2025-06-20,0.07004461222567746,5564.805669348365
2025-06-21,0.07004461222567746,5564.536297616713
2025-06-22,0.07004461222567746,5567.370627941402
2025-06-23,0.07004461222567746,5567.370627941402
2025-06-24,0.07004461222567746,5567.370627941402
2025-06-25,0.07004461222567746,5567.370627941402
2025-06-26,0.07004461222567746,5567.370627941402
2025-06-27,0.07004461222567746,5567.370627941402
2025-06-28,0.07004461222567746,5567.370627941402
2025-06-29,0.07004461222567746,5567.370627941402
2025-06-30,0.07004461222567746,5568.433602197841
2025-07-01,0.07004461222567746,5568.433602197841
2025-07-02,0.07004461222567746,5568.433602197841
2025-07-03,0.07004461222567746,5568.433602197841
2025-07-04,0.07004461222567746,5568.433602197841
2025-07-05,0.07004461222567746,5568.433602197841
2025-07-06,0.07004461222567746,5564.965233361643
2025-07-07,0.07004461222567746,5562.549166663345
2025-07-08,0.07004461222567746,5562.549166663345
2025-07-09,0.07004461222567746,6353.91577891268
2025-07-10,0.07004461222567746,6367.2622645477295
2025-07-11,0.07004461222567746,6403.832677539784
2025-07-12,0.07004461222567746,6410.096441741747
2025-07-13,0.07004461222567746,6410.096441741747
2025-07-14,0.07004461222567746,6412.015661311414
2025-07-15,0.07004461222567746,6410.869571790811
2025-07-16,0.07004461222567746,6409.523723559893
2025-07-17,0.07004461222567746,6409.523723559893
2025-07-18,0.07004461222567746,6368.389917933773
2025-07-19,0.07004461222567746,6368.058623894136
2025-07-20,0.07004461222567746,6368.580841561342
2025-07-21,0.07004461222567746,6376.280903463578
2025-07-22,0.07004461222567746,6376.955433105083
2025-07-23,0.07004461222567746,6378.257320665872
2025-07-24,0.07004461222567746,6378.257320665872
2025-07-25,0.07004461222567746,6378.257320665872
2025-07-26,0.07004461222567746,6378.257320665872
2025-07-27,0.07004461222567746,6378.257320665872
2025-07-28,0.07004461222567746,6378.257320665872
2025-07-29,0.07004461222567746,6378.257320665872
2025-07-30,0.07004461222567746,6378.257320665872
2025-07-31,0.07004461222567746,6379.6059280367235
2025-08-01,0.07004461222567746,6379.6059280367235
2025-08-02,0.07004461222567746,6379.6059280367235
2025-08-03,0.07004461222567746,6381.705163683412
2025-08-04,0.07004461222567746,6381.705163683412
2025-08-05,0.07004461222567746,6381.705163683412
2025-08-06,0.07004461222567746,6372.3434431132355
2025-08-07,0.07004461222567746,6369.746733212095
2025-08-08,0.07004461222567746,6369.746733212095
2025-08-09,0.07004461222567746,6272.319391925285
2025-08-10,0.07004461222567746,6215.560338243748
2025-08-11,0.07004461222567746,6182.907394308789
2025-08-12,0.07004461222567746,6187.284702045798
2025-08-13,0.07004461222567746,6187.284702045798
2025-08-14,0.07004461222567746,6189.203921615465
2025-08-15,0.07004461222567746,6188.0578320948625
2025-08-16,0.07004461222567746,6169.871426725916
2025-08-17,0.07004461222567746,6169.871426725916
2025-08-18,0.07004461222567746,6143.815127395767
2025-08-19,0.07004461222567746,6143.48383335613
2025-08-20,0.07004461222567746,6144.006051023336
2025-08-21,0.07004461222567746,6151.706112925573
2025-08-22,0.07004461222567746,6152.380642567077
2025-08-23,0.07004461222567746,6153.682530127866
2025-08-24,0.07004461222567746,6153.682530127866
2025-08-25,0.07004461222567746,6153.682530127866
2025-08-26,0.07004461222567746,6153.682530127866
2025-08-27,0.07004461222567746,6153.682530127866
2025-08-28,0.07004461222567746,6153.682530127866
2025-08-29,0.07004461222567746,6153.682530127866
2025-08-30,0.07004461222567746,6153.682530127866
2025-08-31,0.07004461222567746,6155.031137498718
2025-09-01,0.07004461222567746,6155.031137498718
2025-09-02,0.07004461222567746,6155.031137498718
2025-09-03,0.07004461222567746,6157.130373145406
2025-09-04,0.07004461222567746,6157.130373145406
2025-09-05,0.07004461222567746,6157.130373145406
2025-09-06,0.07004461222567746,5964.915544118688
2025-09-07,0.07004461222567746,5954.409206365181
2025-09-08,0.07004461222567746,5975.740357401068
2025-09-09,0.07004461222567746,5981.4187503155645
2025-09-10,0.07004461222567746,5981.4187503155645
2025-09-11,0.07004461222567746,5983.337969885231
2025-09-12,0.07004461222567746,5982.191880364629
2025-09-13,0.07004461222567746,5964.470628749367
2025-09-14,0.07004461222567746,5964.470628749367
2025-09-15,0.07004461222567746,5944.897040550939
2025-09-16,0.07004461222567746,5944.565746511302
2025-09-17,0.07004461222567746,5945.087964178508
2025-09-18,0.07004461222567746,5952.010578731205
2025-09-19,0.07004461222567746,5951.741206999553
2025-09-20,0.07004461222567746,5953.043094560341
2025-09-21,0.07004461222567746,5953.043094560341
2025-09-22,0.07004461222567746,5953.043094560341
2025-09-23,0.07004461222567746,5953.043094560341
2025-09-24,0.07004461222567746,5953.043094560341
2025-09-25,0.07004461222567746,5953.043094560341
2025-09-26,0.07004461222567746,5953.043094560341
2025-09-27,0.07004461222567746,5953.043094560341
2025-09-28,0.07004461222567746,5954.391701931193
2025-09-29,0.07004461222567746,5954.391701931193
2025-09-30,0.07004461222567746,5954.391701931193
2025-10-01,0.07004461222567746,5956.490937577882
2025-10-02,0.07004461222567746,5956.490937577882
2025-10-03,0.07004461222567746,5956.490937577882
2025-10-04,0.07004461222567746,5948.933559160242
2025-10-05,0.07004461222567746,5946.336849259102
2025-10-06,0.07004461222567746,5946.336849259102
2025-10-07,0.07004461222567746,7934.1009414386735
2025-10-08,0.07004461222567746,8009.557352484646
2025-10-09,0.07004461222567746,8050.718692007964
2025-10-10,0.07004461222567746,7996.504515726999
2025-10-11,0.07004461222567746,7996.504515726999
2025-10-12,0.07004461222567746,7998.423735296666
2025-10-13,0.07004461222567746,7997.277645776063
2025-10-14,1.4818249358382165,8031.916186383538
2025-10-15,3.2952305825421058,8008.578322593102
2025-10-16,5.172564856016514,8078.2868142651305
2025-10-17,4.898043867507861,8135.858679863602
2025-10-18,5.063689118476146,8120.250337115809
2025-10-19,6.406910925684604,8033.234114181111
2025-10-20,5.387473820319901,7999.696098110037
2025-10-21,5.544459256862841,8043.770984395335
2025-10-22,6.4132555339828805,8018.31299015478
2025-10-23,6.3527333375675425,8081.818010176005
2025-10-24,5.2876398302638075,8039.766128125084
2025-10-25,5.429180359049694,8153.71392862714
2025-10-26,6.3896479902537076,8059.6786334175995
2025-10-27,5.9604902775851745,8026.84584097328
2025-10-28,6.430472452970887,8018.248062194433
2025-10-29,6.361058708696914,8073.696848558844
2025-10-30,6.384861900229374,8067.019009994417
2025-10-31,5.374434692466212,7993.586148107372
2025-11-01,5.460854296568863,8024.591211463932
2025-11-02,6.397973361383079,8050.917310955125
2025-11-03,5.328041038183437,8039.3541328707015
2025-11-04,5.365987853298776,8078.729487754588
2025-11-05,5.524671121307447,8097.352699872702
2025-11-06,4.961350617755272,17730.904186787673
2025-11-07,5.355079798289596,17681.273906712097
2025-11-08,6.607695699241083,17670.403397263854
2025-11-09,5.528297633254696,17769.942723570293
2025-11-10,5.597603968870578,17751.674561134787
2025-11-11,6.837205305592342,17754.966851055357
2025-11-12,6.7501709359834505,17698.093977335313
2025-11-13,6.802718806867749,17726.567567940496
2025-11-14,6.852682754380221,17750.465531708178
2025-11-15,6.822404373805152,17678.477848074854
2025-11-16,6.798601182272693,17645.67752912921
2025-11-17,6.8043817670597475,17671.645705390714
2025-11-18,6.8043817670597475,17683.794928078405
2025-11-19,6.8043817670597475,17704.48528498994
2025-11-20,6.297064306121361,17728.774373012933
2025-11-21,5.473069101734071,17690.586699119693
2025-11-22,6.817493228213453,17722.143932468505
2025-11-23,6.769639630725827,17622.94331470807
2025-11-24,6.297064306121361,17706.18075884603
2025-11-25,2.755844055664012,17717.25258674083
2025-11-26,3.678456352724805,17717.864256098135
2025-11-27,5.726290645744394,17787.841734828195
2025-11-28,2.7855832773278753,17738.759155853146
2025-11-29,1.6656540214016304,17799.24327197044
2025-11-30,4.8498131606617525,17654.97751201851
2025-12-01,6.834489150499233,17708.029626160846
2025-12-02,6.8155971045584725,17687.08203372548
2025-12-03,6.870466852859932,17768.494950856693
2025-12-04,6.789382167475672,17736.345105884022
2025-12-05,6.870466852859932,17771.694020626557
2025-12-06,6.789099594459946,17784.961380506396
2025-12-07,6.800256182749367,20593.276346591276
2025-12-08,5.936515470756002,20667.06101893738
2025-12-09,5.687140534909641,20634.053481690687
2025-12-10,7.051087385994707,20690.15913943119
2025-12-11,6.65727167343616,20675.109963038103
2025-12-12,7.075173150542892,20682.48841741107
2025-12-13,7.051369959010433,20658.4997074884
2025-12-14,7.056712792025325,20644.636062104037
2025-12-15,7.041104726508042,20649.029245141137
2025-12-16,7.0705333240711195,20653.562514009995
2025-12-17,7.0807985565735105,20639.840324630095
2025-12-18,7.046235657273739,20636.146030173622
2025-12-19,7.0807985565735105,20641.869822951256
2025-12-20,6.9701376806444975,20633.000336462614
2025-12-21,6.946334489112038,20648.48150068952
2025-12-22,6.9701376806444975,20647.954223092413
2025-12-23,6.987877714374176,20659.81761485455
2025-12-24,6.591993225006337,20696.55033287282
2025-12-25,6.964074522841717,20646.455535779944
2025-12-26,6.946334489112038,20693.155685049125
2025-12-27,6.946334489112038,20680.458359264678
2025-12-28,6.920787084009846,20668.909159677885
2025-12-29,7.020688252171547,20640.88036767816
2025-12-30,7.025822553908241,20657.311313126957
2025-12-31,7.065516383973709,20657.714474568264
2026-01-01,7.083256417703388,20661.345805359968
2026-01-02,7.072991185200997,20644.048220582306
2026-01-03,7.07763101167277,20656.128801883784
2026-01-04,7.04171319244125,20641.304857092335
2026-01-05,7.065516383973709,20656.65935890756
2026-01-06,7.049050165245989,21273.04880620467
2026-01-07,7.092913184272571,21255.871189971826
2026-01-08,7.091733605159882,21297.238842786395
2026-01-09,7.060455612400135,21437.363114920583
2026-01-10,6.862205444009248,21416.707896078533
2026-01-11,6.917824516455387,21294.82750153637
2026-01-12,7.075173150542892,21398.74398272329
2026-01-13,6.942908237492668,21327.464227480676
2026-01-14,7.084258803932594,21396.720701903534
2026-01-15,6.838402252476789,21337.952126652373
2026-01-16,6.466320954641409,21317.905627497115
2026-01-17,5.366284652766071,21243.407722939362
2026-01-18,6.948796564300164,21355.9721380454
2026-01-19,7.014420595960628,21344.368765606225
2026-01-20,6.838402252476789,21367.171388159757
2026-01-21,5.8908450331888735,21314.882771257187
2026-01-22,4.973384714929669,21391.083101868324
2026-01-23,5.291890909506366,21299.472212088123
2026-01-24,5.338703516121694,21317.370736548575
2026-01-25,5.211602308398735,21336.650260390936
2026-01-26,5.081164653383213,21306.778354204813
2026-01-27,5.087508762463866,21309.902631639616
2026-01-28,5.0658824807834115,21305.980676061812
2026-01-29,3.860189100800668,21317.09025161122
2026-01-30,2.129103136892734,21319.22331868173
2026-01-31,0.6366816385327198,21327.481430968528
2026-02-01,0.6366816385327198,21368.295874820345
2026-02-02,0.6366816385327198,21375.95411803435
2026-02-03,0.6366816385327198,21370.911754889697
2026-02-04,1.9152845930667128,21325.95956615502
2026-02-05,3.7521712230720454,21368.822098273322
2026-02-06,4.993155444521468,15332.632758322714
2026-02-07,4.949315587732172,15351.73442787014
2026-02-08,4.958759878965142,15379.522340133713
2026-02-09,4.903356066011899,15390.371060423282
2026-02-10,4.903356066011899,15381.233654812202
2026-02-11,4.903356066011899,15373.006776895147
2026-02-12,4.903356066011899,15369.20514824113
2026-02-13,4.903356066011899,15374.966463131266
2026-02-14,4.903356066011899,15392.81330158012
2026-02-15,5.497840873935163,15418.359782332373
2026-02-16,6.309255212828323,15356.178255920691
2026-02-17,6.4315793742920935,15420.773830978329
2026-02-18,5.975427883681601,15430.799962929314
2026-02-19,6.341558656612845,15431.182560339346
2026-02-20,4.452628269346571,15394.871709819168
2026-02-21,6.1259468855385615,15383.479260095977
2026-02-22,6.1150079407371,15442.519875048696
2026-02-23,5.385551260209268,15430.768881154756
2026-02-24,4.940022856045978,15344.276573751413
2026-02-25,5.544234528217939,15379.728166050778
2026-02-26,5.498203687242387,15391.93772509752
2026-02-27,5.370269087609467,15352.233217920415
2026-02-28,5.528952355618138,15386.06497105965
2026-03-01,5.528952355618138,15358.74804941976
2026-03-02,6.3049119850299835,15348.605192846948
2026-03-03,4.924740683446177,15406.467307957531
2026-03-04,5.528952355618138,15406.295675600088
2026-03-05,6.099725768137299,15352.862876966672
2026-03-06,6.428965800620004,15428.891321814213
2026-03-07,4.774504254604942,15366.089996665985
2026-03-08,4.924740683446177,15387.327379637853
2026-03-09,4.936744427405017,19590.483158836036
2026-03-10,4.840414395812556,19656.853723516102
2026-03-11,6.374504503116085,19637.30942608748
2026-03-12,6.767892932393942,19634.828951090556
2026-03-13,6.74431073756371,19655.076350287225
2026-03-14,6.631148150856747,19657.902999037087
2026-03-15,6.708825234748575,19674.436712918643
2026-03-16,5.93286560533673,19569.561790327905
2026-03-17,5.248095740332858,19621.88007500414
2026-03-18,5.166088451433235,19641.76244167331
2026-03-19,5.167807139225228,19727.28650780472
2026-03-20,6.503639017855891,19680.60425083426
2026-03-21,6.697886289947114,19644.139104504717
2026-03-22,6.708825234748575,19651.528754395313
2026-03-23,6.861618700876733,19640.121035182576
2026-03-24,6.67191058206241,19678.666146203013
2026-03-25,6.861618700876733,19637.948278050695
2026-03-26,6.67191058206241,19658.015425198857
2026-03-27,5.180085244922361,19610.198027912335
2026-03-28,5.932583032321004,19724.55039345417
2026-03-29,6.503356444840165,19685.2397613838
2026-03-30,6.033871047920598,19581.722467762163
2026-03-31,5.213426046310215,19676.56655961477
2026-04-01,5.8751877799119265,19715.02457113492
2026-04-02,6.488074272240364,19641.084414133136
2026-04-03,6.928688831099871,19596.06197335635
2026-04-04,6.855943661675255,19624.690295078326
2026-04-05,6.773198597662004,19649.012961895078
2026-04-06,6.927421213661192,19638.893353756022
2026-04-07,6.462381137371386,19641.536049905557
2026-04-08,6.4446670055028115,17693.02450008419
2026-04-09,6.638914277594035,17641.342194755664
2026-04-10,5.840261954637715,17536.688986247897
2026-04-11,6.538544500157732,17641.232438306128
2026-04-12,6.874489221148054,17611.545723579264
2026-04-13,6.385059659272172,17580.379688432553
2026-04-14,6.866075894108431,17555.20285852006
2026-04-15,6.829161241422266,17582.505575616997
2026-04-16,6.74779398302228,17597.74566716211
2026-04-17,6.837574568461889,17578.272033250556
2026-04-18,6.590968670447343,17563.70032520022
2026-04-19,5.073202227718494,17507.40085064809
2026-04-20,5.073202227718494,17570.621041015813
2026-04-21,5.026808573435718,17621.332092395256
2026-04-22,5.026808573435718,17625.25040495644
2026-04-23,5.096815215882547,17629.96509514632
2026-04-24,4.50283831128121,17614.426344023257
2026-04-25,5.026808573435718,17570.165639712515
2026-04-26,4.949186668420715,17585.820062982246
2026-04-27,4.957882568476064,17608.73052836788
2026-04-28,4.972047533905194,17599.718230096878
2026-04-29,5.081533043282746,17609.11513800655
2026-04-30,5.081815616298472,17614.77838437976
2026-05-01,5.081815616298472,17585.646343414955
2026-05-02,5.09051151635382,17609.526881764134
2026-05-03,5.081815616298472,17585.642418252213
2026-05-04,5.115710563123327,17616.350547029673
2026-05-05,5.081815616298472,17607.10537112672
2026-05-06,5.0554196201797295,17601.05774524122
2026-05-07,5.081815616298472,17609.76497058383
2026-05-08,5.081815616298472,17609.76497058383
2026-05-09,5.097097788898273,15747.646555890498
2026-05-10,4.988626633883068,15653.927456865133
2026-05-11,4.988626633883068,15605.706748979263
2026-05-12,4.952050958427967,15672.748162283875
2026-05-13,4.927423146808717,15723.468016701887
2026-05-14,4.958776292737868,15638.086771628166
2026-05-15,4.952050958427967,15643.102588979064
2026-05-16,4.927423146808717,15642.97813352567
2026-05-17,4.927423146808717,15648.0118297445
2026-05-18,4.927423146808717,15641.03823649519
2026-05-19,4.927423146808717,15637.863886556515
2026-05-20,4.927423146808717,15668.083685759046
2026-05-21,4.927423146808717,15650.925241832107
2026-05-22,4.927423146808717,15650.925241832107
2026-05-23,4.927423146808717,15652.178593750119
2026-05-24,4.952050958427967,15646.725100021247
2026-05-25,4.952050958427967,15643.561296429541
2026-05-26,4.960746858483316,15637.419626684657
2026-05-27,4.952050958427967,15643.516284033258
2026-05-28,4.952050958427967,15643.516284033258
2026-05-29,4.927423146808717,15646.779058168595
2026-05-30,4.912140974208916,15681.945270941229
2026-05-31,4.912140974208916,15659.187529686196
2026-06-01,4.91185840119319,15652.700562103928
2026-06-02,4.912140974208916,15638.723574143241
2026-06-03,4.912140974208916,15645.059601539886
2026-06-04,4.912140974208916,15655.047203627115
2026-06-05,4.912140974208916,15655.047203627115
2026-06-06,4.912140974208916,15629.267476872094
2026-06-07,4.901676889654075,15628.10981627431
2026-06-08,4.941785725925576,15543.007423263978
2026-06-09,4.893629201763202,15413.23470585312
2026-06-10,4.893629201763202,15345.24706437601
2026-06-11,4.893629201763202,15369.323128121878
2026-06-12,4.883363969260811,15369.418426719838
2026-06-13,4.893629201763202,15380.381790178695
2026-06-14,4.893629201763202,15385.937832258482
2026-06-15,4.893629201763202,15378.433691941756
2026-06-16,4.883363969260811,15436.109084903108
2026-06-17,4.883363969260811,15381.29297625491
2026-06-18,4.893629201763202,15379.447917496736
2026-06-19,4.893629201763202,15386.396266646576
2026-06-20,4.883363969260811,15371.68982133343
2026-06-21,4.883363969260811,15376.459119542058
2026-06-22,4.883363969260811,15380.033244187782
2026-06-23,4.893629201763202,15388.956158837316
2026-06-24,4.893629201763202,15388.956158837316
2026-06-25,4.883363969260811,15382.358891312839
2026-06-26,4.883363969260811,15379.179465813248
2026-06-27,4.883363969260811,15376.85381868819
2026-06-28,4.893629201763202,15386.8631653439
2026-06-29,4.878347029163401,15386.8631653439
2026-06-30,4.878347029163401,15391.168928002842
2026-07-01,4.86808179666101,15384.920639649963
2026-07-02,4.86808179666101,15383.70749868369
2026-07-03,3.3742492011883134,15364.78322947497
2026-07-04,2.065237803984518,15358.696235549189
2026-07-05,0.8080494437613378,15322.33850468565
2026-07-06,4.496529518323589,15381.044175720122
2026-07-07,4.86808179666101,15420.473783621714
2026-07-08,4.878347029163401,15378.756715376541
2026-07-09,4.465280416268408,15546.07406994446
2026-07-10,4.893629201763202,15528.73634909202
2026-07-11,4.893629201763202,15533.45335462574
2026-07-12,4.893629201763202,15559.626457450408
2026-07-13,4.893629201763202,15554.444249084077
2026-07-14,4.893629201763202,15557.650654492698
2026-07-15,4.51181169092339,15572.192023659421
2026-07-16,4.893629201763202,15538.187993255056
2026-07-17,4.893629201763202,15544.876754402874
2026-07-18,4.893629201763202,15545.656457655672
2026-07-19,4.893629201763202,15558.185528657266
2026-07-20,4.893629201763202,15553.525537958143
2026-07-21,4.883363969260811,15542.053097323325
2026-07-22,4.8933466287474765,15563.449413844046
2026-07-23,4.8933466287474765,15555.556917682143
2026-07-24,2.4537805112067117,15556.912193323484
2026-07-25,1.6274867145804977,15521.05222340197
2026-07-26,4.273196131957625,15515.310754343674
2026-07-27,4.893629201763202,15611.842961571318
2026-07-28,4.893629201763202,15544.968361498191
2026-07-29,4.893629201763202,15560.328332333804
2026-07-30,6.064633871963208,15520.037825963685
2026-07-31,6.064633871963208,15578.427009791465
2026-08-01,4.487298905696654,15569.835729279686
2026-08-02,5.370269087609467,15503.195440262632
2026-08-03,4.878347029163401,15532.830416299063
2026-08-04,4.924740683446177,15515.559473195994
2026-08-05,4.878347029163401,15533.610806958706
2026-08-06,5.482558701335362,15514.615080216912
2026-08-07,4.909700175092552,15537.773469349837
2026-08-08,4.889648787272086,15512.930885627276
2026-08-09,4.893629201763202,17249.920462406146
2026-08-10,4.9905154709963435,17481.04679399345
2026-08-11,4.9905154709963435,17328.41350818392
2026-08-12,5.624919799843877,17388.911539325498
2026-08-13,5.027091146451444,17350.919648413405
2026-08-14,5.07348480073422,17418.383440795365
2026-08-15,5.027091146451444,17457.83896983267
2026-08-16,5.027091146451444,17470.95773842776
2026-08-17,5.027091146451444,17467.2919556167
2026-08-18,5.016825913949053,17443.669775696475
2026-08-19,5.027091146451444,17421.327045690996
2026-08-20,5.027091146451444,17434.342197020746
2026-08-21,5.026808573435718,17469.465300733376
2026-08-22,5.027091146451444,17459.569273491907
2026-08-23,5.027091146451444,17432.03069690584
2026-08-24,5.027091146451444,17423.431079221387
2026-08-25,5.027091146451444,17403.793605881958
2026-08-26,5.027091146451444,17430.591757065544
2026-08-27,5.026808573435718,17449.63342695493
2026-08-28,5.027091146451444,17467.33874305318
2026-08-29,5.016825913949053,17404.331882987684
2026-08-30,5.001543741349252,17404.331882987684
2026-08-31,5.046723720124381,17434.757151099133
2026-09-01,4.966188675068629,17439.61661652062
2026-09-02,4.966188675068629,17439.61661652062
2026-09-03,5.011808973851643,17422.019957827488
2026-09-04,5.011808973851643,17443.031335827654
2026-09-05,5.011808973851643,17443.031335827654
2026-09-06,4.0759762020885795,17415.303869662996
2026-09-07,3.934941630622609,15865.63753541897
2026-09-08,5.097097788898273,15695.501765309273
2026-09-09,5.027091146451444,15829.437207730976
2026-09-10,4.9905154709963435,15691.601866534722
2026-09-11,4.9905154709963435,15694.351037034976
2026-09-12,4.94489517221333,15707.434895294986
2026-09-13,4.990232897980618,15710.240755186573
2026-09-14,4.990232897980618,15702.825541439339
2026-09-15,5.140709115082228,15696.59174581444
2026-09-16,5.7576554382070615,15680.65174580066
2026-09-17,6.6812963077064325,15652.839600661207
2026-09-18,6.615131411409594,15769.420982661102
2026-09-19,5.143214080976123,15757.419787766563
2026-09-20,6.375133404000845,15652.545059044938
2026-09-21,6.715011531553151,15713.24314396615
2026-09-22,6.62807971868114,15757.997950507315
2026-09-23,6.578216758723429,15715.039332577646
2026-09-24,6.829217645637605,15704.256360166784
2026-09-25,6.35144982284567,15709.232717084225
2026-09-26,6.704911996849203,15727.99031076281
2026-09-27,6.385398636503236,15716.427546871735
2026-09-28,5.103105244704622,15751.896711633974
2026-09-29,5.021626952679318,15655.64818736398
2026-09-30,6.429184161548802,15651.937588316881
2026-10-01,6.76541145555485,15763.186428595742
2026-10-02,6.696218707983104,15728.778659985428
2026-10-03,6.696218707983104,15699.934703509958
2026-10-04,6.696218707983104,15710.922076651037
2026-10-05,6.696218707983104,15694.534411517443
2026-10-06,6.7324752615652015,15748.023097299312
2026-10-07,6.767038160864973,15749.788948976677
2026-10-08,6.809459400560136,18950.891320481227
2026-10-09,6.441087634516086,18871.970009783945
2026-10-10,6.478002287202251,18959.25452858752
2026-10-11,6.514577962657352,18980.39070844136
2026-10-12,6.861618700876733,19002.376392537815
2026-10-13,6.824704048190568,19015.95233961412
2026-10-14,5.094081902572979,18995.87041188708
2026-10-15,5.151287867736885,18951.209956210703
2026-10-16,6.191459853926183,18920.91108418014
2026-10-17,6.767892932393942,18931.6229854568
2026-10-18,6.778197538974967,19019.27307138801
2026-10-19,6.814454092557065,18984.301724055964
2026-10-20,6.743105642800876,18989.727070616304
2026-10-21,6.871225834275056,18983.94770890536
2026-10-22,6.905788733574828,18992.17875703635
2026-10-23,6.594233498170582,19011.74691928889
2026-10-24,5.93286560533673,18987.279921265872
2026-10-25,6.625522744826129,18950.000260850717
2026-10-26,6.778197538974967,18988.34395999921
2026-10-27,5.93286560533673,18967.486110079528
2026-10-28,6.861618700876733,18967.69111497456
2026-10-29,6.205183324533291,18957.97827809275
2026-10-30,6.581303078957174,18959.984613188444
2026-10-31,6.803282749554717,18988.894698757904
2026-11-01,5.981348329717149,18973.68336067869
2026-11-02,5.257111234530438,18950.451723906153
2026-11-03,5.22665916482812,18913.906128051854
2026-11-04,5.104412624550658,18944.394617049304
2026-11-05,5.168793860966868,18936.011811365603
2026-11-06,5.158528628464477,18914.101239816202
2026-11-07,5.097097788898273,18092.270432520345
2026-11-08,5.027091146451444,18166.532028719394
2026-11-09,6.411035367156876,18239.82385770355
2026-11-10,6.77405226392271,18179.044052272813
2026-11-11,6.467066948171795,18129.63075679844
2026-11-12,6.605956351547169,18146.143801143382
2026-11-13,6.641441854362304,18141.545783350804
2026-11-14,6.864506561661389,18167.146679319398
2026-11-15,6.604527201676139,18189.47470649178
2026-11-16,6.651707086864695,18198.795094366036
2026-11-17,6.784991208724171,18148.849296104214
2026-11-18,6.748076556038006,18181.151901429705
2026-11-19,6.385059659272172,18174.99580397711
2026-11-20,6.784991208724171,18153.387373780883
2026-11-21,6.748076556038006,18150.805622111486
2026-11-22,5.80334730195155,18211.36578534471
2026-11-23,5.465478068241444,18159.83439976636
2026-11-24,6.784991208724171,18201.75566808953
2026-11-25,6.737137611236545,18145.614347340193
2026-11-26,6.385059659272172,18189.23168715189
2026-11-27,6.784991208724171,18166.814057640022
2026-11-28,6.732794383438205,18142.050173002415
2026-11-29,6.732794383438205,18215.016267169838
2026-11-30,6.732794383438205,18166.759161669637
2026-12-01,6.256455710517301,18144.832382217817
2026-12-02,2.8348933493359993,18170.342828547622
2026-12-03,3.177593968396495,18195.65228088572
2026-12-04,3.4872535766565416,18241.168996609686
2026-12-05,4.480003100904999,18202.586420212512
2026-12-06,6.3957531945570745,18186.462970457495
2026-12-07,6.174067145082822,18155.371429679126
2026-12-08,5.07348480073422,16868.040538264195
2026-12-09,5.840261954637715,16888.654898194683
2026-12-10,5.027091146451444,16839.103245438193
2026-12-11,4.486054660877865,16684.026816923997
2026-12-12,1.483344003838517,16733.097359550855
2026-12-13,1.529241406499532,16724.740933643585
2026-12-14,3.502253176240617,16697.229970031087
2026-12-15,5.829323009836253,16722.766912423023
2026-12-16,5.027091146451444,16679.18299804221
2026-12-17,5.681578686629043,16677.912862965833
2026-12-18,5.829323009836253,16696.135185606367
2026-12-19,6.421691738942611,16724.080874732164
2026-12-20,6.784708635708445,16835.16649732228
2026-12-21,6.748076556038006,16801.512125641068
2026-12-22,5.80334730195155,16753.446808448327
2026-12-23,5.840261954637715,16772.108841602967
2026-12-24,6.784991208724171,16792.627279958328
2026-12-25,6.579306931363395,16792.588757414967
2026-12-26,6.784991208724171,16819.235822336814
2026-12-27,6.748076556038006,16821.03832853081
2026-12-28,6.748076556038006,16811.261749183377
2026-12-29,4.029830936775479,16721.642951658094
2026-12-30,0.933648969784703,16719.412552350608
2026-12-31,0.9645058640920939,16695.965796834742
2027-01-01,0.9645058640920939,16746.564606358836
2027-01-02,1.5139592338997312,16747.616727253808
2027-01-03,5.403802241358867,16699.378490328287
2027-01-04,6.7587700913229085,16782.69540601681
2027-01-05,6.721572865621018,16773.89254438425
2027-01-06,6.732511810422479,16785.8082614961
2027-01-07,6.74779398302228,17848.167559353726
2027-01-08,6.74779398302228,17881.448109732704
2027-01-09,6.74779398302228,17977.545000212816
2027-01-10,6.74779398302228,17905.664975089643
2027-01-11,6.74779398302228,17905.936934340614
2027-01-12,6.726587846711997,17897.535853150184
2027-01-13,6.612989205571023,17917.78677767719
2027-01-14,6.685311315260226,17882.71647343004
2027-01-15,6.784708635708445,17894.89475065598
2027-01-16,6.74779398302228,17908.91359185073
2027-01-17,6.4725120979565665,17890.964072883933
2027-01-18,6.865793321092705,17868.606333496504
2027-01-19,6.7294813479583215,17855.26936477448
2027-01-20,5.190054988933615,17994.570672624548
2027-01-21,6.605956351547169,17954.8348485902
2027-01-22,6.77405226392271,17893.605072657658
2027-01-23,6.712984659863915,17865.848715889704
2027-01-24,5.80334730195155,18031.80954075214
2027-01-25,6.784991208724171,17943.213735254587
2027-01-26,6.579306931363395,17875.948917856418
2027-01-27,6.61622158404956,17851.835480374895
2027-01-28,5.8249797820379134,17926.47126117143
2027-01-29,6.76970903612437,17930.293291602902
2027-01-30,6.813879068822465,17825.856651246377
2027-01-31,6.732794383438205,17877.75466654594
2027-02-01,6.369777486672371,17926.75029767206
2027-02-02,6.717509599649154,17846.317910468388
2027-02-03,5.174772816333814,17982.176292410884
2027-02-04,5.058202628134419,18045.166035934646
2027-02-05,6.3957531945570745,18035.84855709348
2027-02-06,6.57160518148035,17849.40644768466
2027-02-07,5.832141221507397,20156.55302361296
2027-02-08,6.804440750994438,20362.933012230846
2027-02-09,6.887861912896203,20330.750801492024
2027-02-10,6.789664660097049,20467.26463294184
2027-02-11,6.754179157281914,20483.534070898073
2027-02-12,5.978219527870069,20445.33953844658
2027-02-13,6.559931885190691,20468.387727907208
2027-02-14,6.906972623410072,20430.442938877026
2027-02-15,6.906690050394346,20417.195017349262
2027-02-16,6.906690050394346,20465.593120503145
2027-02-17,6.988057308794332,20451.836004066547
2027-02-18,6.676502073390086,20418.411931290906
2027-02-19,5.4432914599791165,20427.492243876575
2027-02-20,6.913332046947915,20440.956812970282
2027-02-21,6.54899294038923,20397.353430617524
2027-02-22,6.95349440949456,20445.08559361157
2027-02-23,6.988057308794332,20400.98329213915
2027-02-24,6.754179157281914,20451.08541589203
2027-02-25,6.988057308794332,20445.31247572581
2027-02-26,6.823551461508306,20436.780013187818
2027-02-27,6.754179157281914,20469.461556315815
2027-02-28,6.8916904508102705,20450.317012728985
2027-03-01,6.8916904508102705,20434.088361715545
2027-03-02,6.807986715892779,20436.696049662158
2027-03-03,6.088203443525011,20411.22707883153
2027-03-04,5.962654782254542,20423.024371761683
2027-03-05,6.738614411666387,20387.046957161183
2027-03-06,6.8916904508102705,20405.000229859
2027-03-07,6.807986715892779,20441.99478022398
2027-03-08,6.891407877794545,20415.664318296687
2027-03-09,6.8916904508102705,20426.68275052282
2027-03-10,6.857484198352871,20582.010573600553
2027-03-11,6.906972623410072,20629.515834185197
2027-03-12,6.754179157281914,20655.564546181373
2027-03-13,6.559931885190691,20663.46270544078
2027-03-14,6.753896584266188,20690.06577971072
2027-03-15,6.823551461508306,20671.320966699877
2027-03-16,6.988057308794332,20694.21001901793
2027-03-17,6.906972623410072,20740.08830941042
2027-03-18,6.754179157281914,20703.741456800453
2027-03-19,6.685197973445435,20702.852728083115
2027-03-20,6.879445245536658,20712.211121202876
2027-03-21,6.906972623410072,20685.594139756515
2027-03-22,6.906972623410072,20713.176351252845
2027-03-23,6.906972623410072,20699.566760562655
2027-03-24,6.906972623410072,20709.468437676
2027-03-25,6.859808015090404,20694.9438301957
2027-03-26,5.176350477792483,20670.129610510616
2027-03-27,5.176350477792483,20699.075939338854
2027-03-28,5.174775583932495,20676.179486580204
2027-03-29,6.54899294038923,20682.1032806989
2027-03-30,6.89603367860861,20694.255491340045
2027-03-31,6.738896984682113,20691.844508189963
2027-04-01,6.8916904508102705,20698.206566705612
2027-04-02,6.808269288908505,20694.346466966217
2027-04-03,6.738896984682113,20722.443006256824
2027-04-04,6.808269288908505,20699.796806059516
2027-04-05,6.8916904508102705,20687.607032912634
2027-04-06,6.8916904508102705,20689.65855600033
2027-04-07,6.669915800845634,20649.313511452274
2027-04-08,6.54464971259089,20721.88280472051
2027-04-09,6.760962702425986,17264.262942105528
2027-04-10,6.635332294563429,17184.017938994177
2027-04-11,6.566351110726949,17267.301404741393
2027-04-12,6.741487672304304,17218.79498833971
2027-04-13,6.763502499398162,17205.16128801986
2027-04-14,6.745740079520501,17291.595105871973
2027-04-15,6.732509199233229,17253.796810019532
2027-04-16,6.732509199233229,17249.873334327534
2027-04-17,6.732791772248955,17235.461511821086
2027-04-18,6.732791772248955,17231.460378091888
2027-04-19,6.866075894108431,17225.264295043857
2027-04-20,6.748076556038006,17239.534457551137
2027-04-21,5.80334730195155,17232.576487751718
2027-04-22,3.0785268758215283,17220.027425353277
2027-04-23,3.8942386923730283,17210.119837223614
2027-04-24,6.375943470982785,17305.172711971263
2027-04-25,6.808573403554403,17131.253830380363
2027-04-26,6.829161241422266,17221.240280859933
2027-04-27,6.827591908975224,17252.408678701846
2027-04-28,6.748076556038006,17226.42186282353
2027-04-29,6.748076556038006,17224.467762730485
2027-04-30,6.689290847018338,17264.364463078153
2027-05-01,6.859489621563979,17233.505421856884
2027-05-02,6.64937322153644,17219.91867792783
2027-05-03,6.64937322153644,17227.34561064734
2027-05-04,6.7304579069207,17235.64844227471
2027-05-05,6.813879068822465,17244.59111589878
2027-05-06,6.7304579069207,17232.02693148664
2027-05-07,6.64937322153644,17217.96344724372
2027-05-08,6.767372559606865,17199.573527592
2027-05-09,6.680594946962989,17191.718092065876
2027-05-10,6.791068059246289,18767.96029626211
2027-05-11,6.845032737962638,18831.1681184368
2027-05-12,6.664372821120515,18840.59214374077
2027-05-13,6.78237215919094,18766.871624431726
2027-05-14,6.6431666848102315,18754.863787892995
2027-05-15,6.384777086256446,18815.8670783418
2027-05-16,6.78237215919094,18773.176440729545
2027-05-17,6.784708635708445,18765.51318147604
2027-05-18,6.746273327430499,18761.405281250176
2027-05-19,6.65186258486558,18821.40405685754
2027-05-20,6.735283746767346,18788.72675448771
2027-05-21,5.036287575032329,18797.836830128897
2027-05-22,6.421691738942611,18810.032213390277
2027-05-23,6.77405226392271,18813.84749972944
2027-05-24,6.7945983421224945,18757.115031709487
2027-05-25,6.745457506504775,18751.243005243672
2027-05-26,6.664655394136241,18799.158292993805
2027-05-27,5.768255405777459,18797.20523181525
2027-05-28,5.038392904560129,18764.239375403795
2027-05-29,2.565705984580143,18780.310485255966
2027-05-30,4.256669714539035,18823.54117672914
2027-05-31,5.011808973851643,18781.37821385912
2027-06-01,5.011808973851643,18766.70542481464
2027-06-02,5.011808973851643,18824.57912819421
2027-06-03,5.011808973851643,18796.180571650082
2027-06-04,5.011808973851643,18791.984131476016
2027-06-05,5.011526400835917,18862.329076788774
2027-06-06,5.813758264220726,18797.243914255243
2027-06-07,6.675066356405417,18798.83013070168
2027-06-08,6.670029142660425,18772.30916564779
2027-06-09,6.651424513848969,17200.860740192304
2027-06-10,4.2135887814075295,15792.035075589976
2027-06-11,5.0000758650801,15793.970525305564
2027-06-12,5.036780947679416,15847.181734121465
2027-06-13,5.036780947679416,15840.341911397081
2027-06-14,5.074298100507423,15843.252169112262
2027-06-15,5.036780947679416,15843.20578446523
2027-06-16,5.074298100507423,15823.980352912582
2027-06-17,5.036780947679416,15831.005159567425
2027-06-18,5.036780947679416,15838.981586853946
2027-06-19,5.036780947679416,15838.019712391453
2027-06-20,5.036780947679416,15838.019712391453
2027-06-21,4.661702080133454,15778.016766748173
2027-06-22,5.118309376739824,15816.306724832748
2027-06-23,5.099176160431954,15799.354518549439
2027-06-24,5.088580971185192,15801.504173317011
2027-06-25,5.017168871532331,15800.674402158733
2027-06-26,3.7266082508332787,15821.137734269849
2027-06-27,5.052091820345151,15776.241277523532
2027-06-28,5.073718102025605,15767.441075259663
2027-06-29,5.079882108924461,15806.865995064867
2027-06-30,5.223589460868684,15833.296624881335
2027-07-01,5.097292408420593,15830.257997701938
2027-07-02,2.377201503419723,15792.399259700429
2027-07-03,4.965628891796979,15865.529476771624
2027-07-04,5.0958944094671565,15850.419637652894
2027-07-05,5.041567342875614,15823.918867216109
2027-07-06,5.041567342875614,15837.05102542711
2027-07-07,4.043001900508302,15787.40060414321
2027-07-08,4.81590594827774,15871.972626009687
2027-07-09,5.09191143699213,15872.738470259968
2027-07-10,5.054394284164124,15816.133917918842
2027-07-11,5.289615232592741,15791.694956413536
2027-07-12,5.330310182531611,15812.480248072388
2027-07-13,5.267720932220681,15790.057900342317
2027-07-14,5.289615232592741,15923.394891005462
2027-07-15,5.112436881345006,15920.533159493252
2027-07-16,3.949657413029183,15865.252254855828
2027-07-17,3.457702223737885,15870.398695052665
2027-07-18,5.219608590145913,15927.020814708247
2027-07-19,5.219608590145913,15873.52016937342
2027-07-20,5.219608590145913,15880.946277290346
2027-07-21,2.4493026907226283,15862.718169967091
2027-07-22,2.626630834338989,15875.68517795502
2027-07-23,5.236901359577561,15923.731007599326
2027-07-24,5.374321458764013,15877.780639114237
2027-07-25,3.9659364342107817,15828.930942671393
2027-07-26,3.2641330015016568,15880.889806510673
2027-07-27,2.3941155581947875,15846.438320076006
2027-07-28,5.082899389087297,15880.998276698092
2027-07-29,6.696811939508966,15853.18375802776
2027-07-30,6.710661577718912,15825.494486303432
2027-07-31,4.483164582253752,15822.206630681145
2027-08-01,4.716393711367215,15820.069108601598
2027-08-02,6.6927103759568025,15828.089062381961
2027-08-03,7.0598288362748,15858.356772455994
2027-08-04,7.269727176605204,15867.51898597379
2027-08-05,8.198857369836977,14786.55567942462
2027-08-06,7.847564689571755,14772.890727892433
2027-08-07,6.849227135543456,14748.686831012566
2027-08-08,6.0922037609361865,14749.513739902959
2027-08-09,5.497941463351222,14798.943372313688
2027-08-10,2.5775854329806402,14754.186750484965
2027-08-11,1.2762127765174993,14776.297551123456
2027-08-12,1.0098131274174853,14725.019852083644
2027-08-13,3.8043403937600093,14734.854345568312
2027-08-14,1.556163672989511,14824.319235698307
2027-08-15,1.0557105300785001,14768.688280032327
2027-08-16,2.253199528038449,14737.009880643966
2027-08-17,1.0557105300785001,14781.050823676782
2027-08-18,1.1168493394255492,14762.886482819487
2027-08-19,3.4226754458360737,14777.699864482196
2027-08-20,1.4462907269908352,14799.022176606022
2027-08-21,0.7708559446421116,14771.237221739448
2027-08-22,0.7708559446421116,14716.95803883644
2027-08-23,1.0546664819489504,14763.557883277977
2027-08-24,0.7708559446421116,14763.557883277977
2027-08-25,0.7708559446421116,14763.557883277977
2027-08-26,0.7555737720423105,14763.557883277977
2027-08-27,0.032262706588720026,14769.022343480046
2027-08-28,0.6167559874715978,14752.239622096826
2027-08-29,0.3160732438955585,14848.448344311939
2027-08-30,0.032262706588720026,14713.077875533329
2027-08-31,0.032262706588720026,14737.080756826688
2027-09-01,0.032262706588720026,14737.080756826688
2027-09-02,0.032262706588720026,14728.875441602228
2027-09-03,0.032262706588720026,14726.278731701086
2027-09-04,0.6167559874715978,14771.426896927487
2027-09-05,0.047544879188521114,11089.239175229843
2027-09-06,0.047544879188521114,11054.053049505861
2027-09-07,1.0246710426790386,11080.579892283129
2027-09-08,4.988727334078666,11068.316646905818
2027-09-09,4.95353750396058,10994.485323767085
2027-09-10,4.95353750396058,11018.815027299937
2027-09-11,4.963264368209276,11035.450095587095
2027-09-12,3.60284744749024,11035.295066931494
2027-09-13,4.95353750396058,11024.213980414728
2027-09-14,4.963264368209276,11035.046428462576
2027-09-15,4.94542264888324,11011.344879494833
2027-09-16,1.6627811750588077,11036.767325511513
2027-09-17,4.9422713738586035,11023.500394307053
2027-09-18,4.95353750396058,11033.558216905825
2027-09-19,4.95353750396058,11024.632405108501
2027-09-20,4.326582202557813,11046.563013602537
2027-09-21,2.1531020500967433,11028.535037769916
2027-09-22,0.0958282815634928,11059.676905224693
2027-09-23,1.8706915865090925,11098.674064128518
2027-09-24,5.073592189920764,11085.562994780763
2027-09-25,5.023395808346451,11051.578761639312
2027-09-26,5.023395808346451,11087.138574111821
2027-09-27,4.579186163604423,11024.540147442283
2027-09-28,5.033122672595147,11089.434471929266
2027-09-29,4.956938220241755,11114.453045868655
2027-09-30,4.9884604527734,11065.417824358296
2027-10-01,3.794697452477694,11106.069211153985
2027-10-02,4.968468356022313,11071.044897749849
2027-10-03,4.930140476283439,11090.724507977415
2027-10-04,1.4354095185432285,11081.257848503308
2027-10-05,0.7919710906076516,12410.27732962451
2027-10-06,0.4148910320525663,12421.49688565609
2027-10-07,3.996527043139642,12429.199503000389
2027-10-08,4.6966743310560295,12455.793227891274
2027-10-09,1.1076110464911901,12441.250566342953
2027-10-10,0.12586943612632867,12446.87795039392
2027-10-11,0.22800035768311072,12439.143020092322
2027-10-12,0.22800035768311072,12442.835315927314
2027-10-13,2.6153241453273126,12472.898844795343
2027-10-14,4.945491608709333,12412.588270794562
2027-10-15,4.974693702346073,12413.344167149977
2027-10-16,4.974693702346073,12512.943699565572
2027-10-17,1.8755308767127628,12403.534980659922
2027-10-18,1.6763746846871537,12393.94012103835
2027-10-19,4.6260199851683605,12341.598352448293
2027-10-20,5.010009078523126,12379.841768336393
2027-10-21,4.086858083792505,12394.432230834975
2027-10-22,5.010009078523126,12348.479542417736
2027-10-23,5.019735942771822,12430.245176921846
2027-10-24,5.623947614943783,12348.250708287449
2027-10-25,3.4007080890888086,12475.935941907674
2027-10-26,1.3971619456110516,12434.342001796504
2027-10-27,0.4803929611870988,12456.306532950914
2027-10-28,0.5262903638481142,12435.49545594946
2027-10-29,5.896292228203797,12544.6388490545
2027-10-30,6.482034719830408,12383.298277313092
2027-10-31,6.487851332239497,12459.131644452042
2027-11-01,6.454010712486192,12431.162977576434
2027-11-02,1.871840474413528,12418.4954071422
2027-11-03,1.7188909962270718,12424.833347757381
2027-11-04,1.9321718974098,12489.332740562833
2027-11-05,1.6281117506556706,16712.005188459458
2027-11-06,3.9042314988700846,16709.31288126276
2027-11-07,5.127385858716053,16672.868534962443
2027-11-08,5.292600164697842,16731.850286906145
2027-11-09,5.4123571160569846,16709.981745555706
2027-11-10,5.3023270289465385,16635.75290030963
2027-11-11,5.3023270289465385,16603.774584076964
2027-11-12,5.933441718509111,16566.927294125617
2027-11-13,6.877811480178324,16728.837720202955
2027-11-14,7.034208621241532,16722.580726883734
2027-11-15,7.034582341632348,16724.968893353038
2027-11-16,4.763829430166738,16700.66798185398
2027-11-17,4.043774413571982,16612.42446009284
2027-11-18,5.804723449013688,16672.73243297268
2027-11-19,6.8994377618587786,16685.11429627401
2027-11-20,7.056332791539099,16728.789307693274
2027-11-21,6.88178887550419,16736.53000312402
2027-11-22,7.052231227986936,16692.302810562793
2027-11-23,6.687541603412967,16775.216776191544
2027-11-24,6.901884214855213,16673.292675188113
2027-11-25,4.33266873333542,16706.202689991875
2027-11-26,5.540427057683063,16691.58524550423
2027-11-27,3.8141161176798026,16717.00595364664
2027-11-28,2.5456858856526634,16662.711418806583
2027-11-29,5.726931787434727,16746.89097009383
2027-11-30,2.7424961028159447,16688.719688347264
2027-12-01,2.4674746032544994,16726.001369580295
2027-12-02,4.804775427616134,16673.205160296435
2027-12-03,6.524888410365826,16745.632274756535
2027-12-04,6.765476542736357,16769.628576924413
2027-12-05,6.727168726726794,20617.175862195865
2027-12-06,6.886593974115824,20618.65872145525
2027-12-07,6.842441940202176,20643.696435193833
2027-12-08,6.871817883218435,20657.852254382116
2027-12-09,7.00247813036886,20559.107771022867
2027-12-10,6.90817799413421,20519.26390784675
2027-12-11,7.016639715651975,20544.98426335473
2027-12-12,7.009464119166951,20513.771703103383
2027-12-13,7.016639715651975,20544.37264357859
2027-12-14,7.042193117930833,20662.769685094463
2027-12-15,7.042193117930833,20636.75728257543
2027-12-16,7.016639715651975,20626.722814415734
2027-12-17,6.838805689907818,20614.19213373782
2027-12-18,7.016639715651975,20639.750021791508
2027-12-19,7.044779495344004,20638.416780494736
2027-12-20,7.0519550918290275,20605.589029261333
2027-12-21,6.870956192474044,20641.93362857612
2027-12-22,3.649911469477812,20604.71643173854
2027-12-23,3.229843864656747,20630.591869314205
2027-12-24,5.472481745402303,20605.834694829988
2027-12-25,3.56646457865822,20610.635222797027
2027-12-26,5.660619651728791,20627.775218604853
2027-12-27,7.197693020006352,20627.652773092013
2027-12-28,4.437827287644451,20636.255220493887
2027-12-29,3.7907739204945443,20631.70135944552
2027-12-30,1.9163475272995893,20638.180102029208
2027-12-31,4.8218455194450796,20605.535042554387
2028-01-01,5.365269541262144,20533.08272443296
2028-01-02,5.365269541262144,20608.68335873549
2028-01-03,5.339904509336749,20520.60798477094
2028-01-04,5.330177645088053,20655.40982966604
2028-01-05,5.285990589803549,16526.446215570522
2028-01-06,5.294914496755312,16394.632433770254
2028-01-07,5.250095736332525,16476.747058951747
2028-01-08,5.278278858611875,16433.531062124704
2028-01-09,6.669242902001134,16365.997162933772
2028-01-10,4.3498742378933155,16348.69104596449
2028-01-11,4.286727714263688,16402.3633357856
2028-01-12,5.406752913759376,16391.24249020685
2028-01-13,6.554167530413563,16364.056371048557
2028-01-14,6.554167530413563,16410.148081775547
2028-01-15,4.218550328281002,16430.042556045515
2028-01-16,5.164661802951118,16494.56984515221
2028-01-17,5.559342487493914,16488.459378520074
2028-01-18,5.201576455637283,16441.947441731103
2028-01-19,5.179950173956828,16361.94289834319
2028-01-20,4.741412230756608,16424.419386239802
2028-01-21,4.724813486576443,16372.991800566877
2028-01-22,5.528164777001801,16403.908275424565
2028-01-23,5.554215580376453,16395.097339821386
2028-01-24,7.058250971785145,16480.425764792682
2028-01-25,6.923330784993707,16518.438318156914
2028-01-26,6.817382501921401,16471.503703241215
2028-01-27,6.889000128966003,16463.177374407336
2028-01-28,4.006078126051842,16435.417952475684
2028-01-29,3.5967260821606275,16399.280895392254
2028-01-30,2.821699297552853,16399.522188289633
2028-01-31,1.4745255166913167,16373.96855538559
2028-02-01,2.381328962149477,16343.201566041053
2028-02-02,4.736931890168587,16370.340376402153
2028-02-03,5.110153135108732,16365.55116100888
2028-02-04,5.240114610663307,16379.708809261236
2028-02-05,5.144783054985595,18781.84870035558
2028-02-06,5.274577557952438,18711.130786037647
2028-02-07,5.284304422201134,18763.157726629754
2028-02-08,5.184544615794099,18797.254513280615
2028-02-09,2.2899234997477276,18763.975377268674
2028-02-10,4.5987886511512635,18740.71439384664
2028-02-11,5.139206890026811,18748.922618386787
2028-02-12,5.168852980970063,18787.660868157167
2028-02-13,5.194271480042795,18751.773992292463
2028-02-14,5.194271480042795,18746.368477541502
2028-02-15,5.139206890026811,18754.780232613033
2028-02-16,5.194271480042795,18763.798523714057
2028-02-17,5.2381270370924,18799.972979308583
2028-02-18,5.986776479178908,18760.656830193962
2028-02-19,6.908216416384958,18724.400150759695
2028-02-20,6.806682428700131,18753.98318215725
2028-02-21,6.936468570782747,18714.247555473718
2028-02-22,6.899553918096582,18749.387318261517
2028-02-23,6.08780663934694,18737.984228142628
2028-02-24,5.6888928203023434,18772.565308277393
2028-02-25,6.1306516102656525,18738.613064859474
2028-02-26,7.055643387256177,18747.34166990451
2028-02-27,7.059620782582043,18740.746536355113
2028-02-28,7.026873114665598,18739.15512430085
2028-02-29,3.171347428458225,18774.663078540692
2028-03-01,1.7641192143017188,18756.115053230536
2028-03-02,2.815277160455494,18710.110647110138
2028-03-03,5.279147498042216,18791.276977346028
2028-03-04,6.7164655311384385,18771.156952726444
2028-03-05,5.232844582130897,18750.2824554109
2028-03-06,6.983563845499771,16816.98034950954
2028-03-07,5.000126724286985,16726.614898234264
2028-03-08,4.9986666782029845,16726.213532940004
2028-03-09,5.05449642931194,16698.108609814295
2028-03-10,5.302835501375045,16719.589380566173
2028-03-11,5.912076586012664,16729.201741851168
2028-03-12,6.695741453911723,16714.571610462855
2028-03-13,5.166925713789624,16672.775692660358
2028-03-14,5.2654732952436145,16728.2555877098
2028-03-15,6.4937889433332865,16759.117374383033
2028-03-16,6.8459588298387395,16687.835904559106
2028-03-17,4.83471994036435,16721.41392921835
2028-03-18,2.2675499906181336,16697.963356483928
2028-03-19,4.48766905630171,16681.408720886986
2028-03-20,5.117549961115069,16702.410828241478
2028-03-21,4.099915004072135,16682.017385369112
2028-03-22,5.127276825363765,16704.670145442164
2028-03-23,6.695741453911723,16696.98296619748
2028-03-24,6.871686675071357,16615.738338558498
2028-03-25,6.830670458833029,16610.724832981483
2028-03-26,6.74007370044624,16691.251396589687
2028-03-27,6.784087934307545,16639.954651696044
2028-03-28,3.5234829694373686,16678.831647972802
2028-03-29,5.3718752650638795,16666.355853901045
2028-03-30,6.676357717759759,16719.15082335315
2028-03-31,6.802888045707225,16717.427214584255
2028-04-01,5.863483435661748,16646.154370761764
2028-04-02,6.4821104456685354,16714.089432251218
2028-04-03,6.7815708369076875,16683.794901097375
2028-04-04,6.675898254572364,16706.046830835512
2028-04-05,6.4821104456685354,16643.10237961112
2028-04-06,6.886980145725547,19950.998306098085
2028-04-07,6.94853307183831,20027.174045732325
2028-04-08,6.940118436202019,19969.820989933974
2028-04-09,6.787009421732213,20016.825231143786
2028-04-10,6.988646639008829,20061.091544527557
2028-04-11,6.996143799402053,20009.995147997764
2028-04-12,6.703766139005128,20012.716468819217
2028-04-13,6.624062501566673,20014.707814252997
2028-04-14,5.29116322246387,20033.930073686523
2028-04-15,5.275572990342556,19984.582666785336
2028-04-16,5.721388420226509,19976.51295322988
2028-04-17,5.1394030740093335,19950.38203810925
2028-04-18,6.509518866913905,19958.884247976624
2028-04-19,6.974517517721599,20040.738721654892
2028-04-20,7.006990809662434,19980.56323411973
2028-04-21,6.958830746371426,20016.97966914849
2028-04-22,7.004513853636523,20019.78216193662
2028-04-23,7.1152193109673565,19992.835815814477
2028-04-24,7.004558435038343,20043.60875998612
2028-04-25,7.091995293020364,20016.948155920065
2028-04-26,6.980936828655365,19998.61999834564
2028-04-27,6.973364466409028,20034.777739482743
2028-04-28,6.872399905284487,20014.608567139345
2028-04-29,4.415168826406019,20014.852487332548
2028-04-30,6.608780328966872,19994.24632716654
2028-05-01,7.004664818334711,20051.039497355636
2028-05-02,6.989231681036721,19972.032508592958
2028-05-03,7.126200799189653,20006.88826057034
2028-05-04,7.103919703446051,20040.92234853443
2028-05-05,7.04742114828994,19995.40839186557
2028-05-06,6.9287904112138765,20216.762782908645
2028-05-07,6.9529025686026955,20301.236379192476
2028-05-08,7.071760722370123,20391.626078384757
2028-05-09,7.077386128400741,20380.471937897542
2028-05-10,6.915976810646394,20391.940313702693
2028-05-11,5.079133450194728,20385.2891095836
2028-05-12,5.255954962041335,20374.09165449234
2028-05-13,4.832353156656055,20341.42852287056
2028-05-14,5.29116322246387,20284.551336853725
2028-05-15,7.048934245325264,20298.117269097704
2028-05-16,6.910311694311314,20369.207420463747
2028-05-17,5.899257108358693,20390.975784928007
2028-05-18,5.749909210398582,20346.11750113724
2028-05-19,6.740632689766068,20349.442590256698
2028-05-20,7.0377372399748825,20381.996242178866
2028-05-21,6.887682077884288,20332.76651446699
2028-05-22,7.030457217921495,20382.69902430763
2028-05-23,7.059363521655337,20383.614068540963
2028-05-24,4.113028235191906,20333.178954939176
2028-05-25,5.651361628944591,20392.980713792225
2028-05-26,6.96314135723793,20357.229634061263
2028-05-27,7.035514313679988,20386.67967068405
2028-05-28,6.83851310387323,20383.03456190585
2028-05-29,6.994557229446748,20399.68485595654
2028-05-30,6.98101927041668,20380.415798049038
2028-05-31,7.0369057525705125,20377.928306577684
2028-06-01,7.067884540587995,20423.94918649687
2028-06-02,6.955821067186252,20383.950626772068
2028-06-03,6.962996663671276,20388.458139921102
2028-06-04,6.885088965174547,20373.910712386256
2028-06-05,6.027067971646249,20330.877933636177
2028-06-06,5.3722309440295035,21653.32307561377
2028-06-07,2.350163390287656,21738.80072568474
2028-06-08,2.4215311705649003,21735.328685901204
2028-06-09,4.555864527690898,21711.289631958327
2028-06-10,5.136287607778156,21720.55532376463
2028-06-11,5.090949882010868,21719.51000909923
2028-06-12,5.090949882010868,21724.232711278986
2028-06-13,5.090949882010868,21747.468330671596
2028-06-14,5.146014472026852,21758.104453479384
2028-06-15,5.425179616445788,21731.033123763034
2028-06-16,6.620521007663774,21710.867075778464
2028-06-17,6.965512118795203,21707.65519636976
2028-06-18,6.881035966281781,21661.637465399555
2028-06-19,6.9934308076158915,21757.494709993192
2028-06-20,6.745863039837782,21697.125492024796
2028-06-21,5.505869577778136,21708.06986304651
2028-06-22,4.147905169352472,21751.340353332696
2028-06-23,4.6413952519678245,21724.803427594237
2028-06-24,5.6346973271776575,21724.731983961927
2028-06-25,6.902012826336275,21715.133431526865
2028-06-26,7.1171928937841225,21707.60019916889
2028-06-27,6.881344025803293,21720.842426591455
2028-06-28,6.1856115511051835,21726.55031227518
2028-06-29,7.063682398164666,21754.20426393376
2028-06-30,6.999197387816853,21707.75230810415
2028-07-01,6.966449719900408,21714.9179297263
2028-07-02,7.008919409221511,21716.465984618364
2028-07-03,7.221250747740199,21695.759063374884
2028-07-04,6.999197387816853,21715.40656807719
2028-07-05,6.828538958557719,21705.432150278044
2028-07-06,6.966449719900408,21715.9476812725
2028-07-07,5.223891915305976,21381.501135164064
2028-07-08,5.7442645043786165,21410.84504506225
2028-07-09,7.1808469667513295,21360.776396944984
2028-07-10,6.9957162032896,21386.879644404926
