day,PF
2023-01-01,14292.0903225806
2023-01-02,14292.0903225806
2023-01-03,14292.0903225806
2023-01-04,14292.0903225806
2023-01-05,14292.0903225806
2023-01-06,14292.0903225806
2023-01-07,14292.0903225806
2023-01-08,14292.0903225806
2023-01-09,14292.0903225806
2023-01-10,14292.0903225806
2023-01-11,14292.0903225806
2023-01-12,14292.0903225806
2023-01-13,14292.0903225806
2023-01-14,14292.0903225806
2023-01-15,14292.0903225806
2023-01-16,14292.0903225806
2023-01-17,14292.0903225806
2023-01-18,14292.0903225806
2023-01-19,14292.0903225806
2023-01-20,14292.0903225806
2023-01-21,14292.0903225806
2023-01-22,14292.0903225806
2023-01-23,14292.0903225806
2023-01-24,14292.0903225806
2023-01-25,14292.0903225806
2023-01-26,14292.0903225806
2023-01-27,14292.0903225806
2023-01-28,14292.0903225806
2023-01-29,14292.0903225806
2023-01-30,14292.0903225806
2023-01-31,14292.0903225806
2023-02-01,36920.3
2023-02-02,36920.3
2023-02-03,36920.3
2023-02-04,36920.3
2023-02-05,36920.3
2023-02-06,36920.3
2023-02-07,36920.3
2023-02-08,36920.3
2023-02-09,36920.3
2023-02-10,36920.3
2023-02-11,36920.3
2023-02-12,36920.3
2023-02-13,36920.3
2023-02-14,36920.3
2023-02-15,36920.3
2023-02-16,36920.3
2023-02-17,36920.3
2023-02-18,36920.3
2023-02-19,36920.3
2023-02-20,36920.3
2023-02-21,36920.3
2023-02-22,36920.3
2023-02-23,36920.3
2023-02-24,36920.3
2023-02-25,36920.3
2023-02-26,36920.3
2023-02-27,36920.3
2023-02-28,36920.3
2023-03-01,32404.8677419355
2023-03-02,32404.8677419355
2023-03-03,32404.8677419355
2023-03-04,32404.8677419355
2023-03-05,32404.8677419355
2023-03-06,32404.8677419355
2023-03-07,32404.8677419355
2023-03-08,32404.8677419355
2023-03-09,32404.8677419355
2023-03-10,32404.8677419355
2023-03-11,32404.8677419355
2023-03-12,32404.8677419355
2023-03-13,32404.8677419355
2023-03-14,32404.8677419355
2023-03-15,32404.8677419355
2023-03-16,32404.8677419355
2023-03-17,32404.8677419355
2023-03-18,32404.8677419355
2023-03-19,32404.8677419355
2023-03-20,32404.8677419355
2023-03-21,32404.8677419355
2023-03-22,32404.8677419355
2023-03-23,32404.8677419355
2023-03-24,32404.8677419355
2023-03-25,32404.8677419355
2023-03-26,32404.8677419355
2023-03-27,32404.8677419355
2023-03-28,32404.8677419355
2023-03-29,32404.8677419355
2023-03-30,32404.8677419355
2023-03-31,32404.8677419355
2023-04-01,52585.7133333333
2023-04-02,52585.7133333333
2023-04-03,52585.7133333333
2023-04-04,52585.7133333333
2023-04-05,52585.7133333333
2023-04-06,52585.7133333333
2023-04-07,52585.7133333333
2023-04-08,52585.7133333333
2023-04-09,52585.7133333333
2023-04-10,52585.7133333333
2023-04-11,52585.7133333333
2023-04-12,52585.7133333333
2023-04-13,52585.7133333333
2023-04-14,52585.7133333333
2023-04-15,52585.7133333333
2023-04-16,52585.7133333333
2023-04-17,52585.7133333333
2023-04-18,52585.7133333333
2023-04-19,52585.7133333333
2023-04-20,52585.7133333333
2023-04-21,52585.7133333333
2023-04-22,52585.7133333333
2023-04-23,52585.7133333333
2023-04-24,52585.7133333333
2023-04-25,52585.7133333333
2023-04-26,52585.7133333333
2023-04-27,52585.7133333333
2023-04-28,52585.7133333333
2023-04-29,52585.7133333333
2023-04-30,52585.7133333333
2023-05-01,22290.8064516129
2023-05-02,22290.8064516129
2023-05-03,22290.8064516129
2023-05-04,22290.8064516129
2023-05-05,22290.8064516129
2023-05-06,22290.8064516129
2023-05-07,22290.8064516129
2023-05-08,22290.8064516129
2023-05-09,22290.8064516129
2023-05-10,22290.8064516129
2023-05-11,22290.8064516129
2023-05-12,22290.8064516129
2023-05-13,22290.8064516129
2023-05-14,22290.8064516129
2023-05-15,22290.8064516129
2023-05-16,22290.8064516129
2023-05-17,22290.8064516129
2023-05-18,22290.8064516129
2023-05-19,22290.8064516129
2023-05-20,22290.8064516129
2023-05-21,22290.8064516129
2023-05-22,22290.8064516129
2023-05-23,22290.8064516129
2023-05-24,22290.8064516129
2023-05-25,22290.8064516129
2023-05-26,22290.8064516129
2023-05-27,22290.8064516129
2023-05-28,22290.8064516129
2023-05-29,22290.8064516129
2023-05-30,22290.8064516129
2023-05-31,22290.8064516129
2023-06-01,14696.28
2023-06-02,14696.28
2023-06-03,14696.28
2023-06-04,14696.28
2023-06-05,14696.28
2023-06-06,14696.28
2023-06-07,14696.28
2023-06-08,14696.28
2023-06-09,14696.28
2023-06-10,14696.28
2023-06-11,14696.28
2023-06-12,14696.28
2023-06-13,14696.28
2023-06-14,14696.28
2023-06-15,14696.28
2023-06-16,14696.28
2023-06-17,14696.28
2023-06-18,14696.28
2023-06-19,14696.28
2023-06-20,14696.28
2023-06-21,14696.28
2023-06-22,14696.28
2023-06-23,14696.28
2023-06-24,14696.28
2023-06-25,14696.28
2023-06-26,14696.28
2023-06-27,14696.28
2023-06-28,14696.28
2023-06-29,14696.28
2023-06-30,14696.28
2023-07-01,48155.0
2023-07-02,48155.0
2023-07-03,48155.0
2023-07-04,48155.0
2023-07-05,48155.0
2023-07-06,48155.0
2023-07-07,48155.0
2023-07-08,48155.0
2023-07-09,48155.0
2023-07-10,48155.0
2023-07-11,48155.0
2023-07-12,48155.0
2023-07-13,48155.0
2023-07-14,48155.0
2023-07-15,48155.0
2023-07-16,48155.0
2023-07-17,48155.0
2023-07-18,48155.0
2023-07-19,48155.0
2023-07-20,48155.0
2023-07-21,48155.0
2023-07-22,48155.0
2023-07-23,48155.0
2023-07-24,48155.0
2023-07-25,48155.0
2023-07-26,48155.0
2023-07-27,48155.0
2023-07-28,48155.0
2023-07-29,48155.0
2023-07-30,48155.0
2023-07-31,48155.0
2023-08-01,46092.1225806452
2023-08-02,46092.1225806452
2023-08-03,46092.1225806452
2023-08-04,46092.1225806452
2023-08-05,46092.1225806452
2023-08-06,46092.1225806452
2023-08-07,46092.1225806452
2023-08-08,46092.1225806452
2023-08-09,46092.1225806452
2023-08-10,46092.1225806452
2023-08-11,46092.1225806452
2023-08-12,46092.1225806452
2023-08-13,46092.1225806452
2023-08-14,46092.1225806452
2023-08-15,46092.1225806452
2023-08-16,46092.1225806452
2023-08-17,46092.1225806452
2023-08-18,46092.1225806452
2023-08-19,46092.1225806452
2023-08-20,46092.1225806452
2023-08-21,46092.1225806452
2023-08-22,46092.1225806452
2023-08-23,46092.1225806452
2023-08-24,46092.1225806452
2023-08-25,46092.1225806452
2023-08-26,46092.1225806452
2023-08-27,46092.1225806452
2023-08-28,46092.1225806452
2023-08-29,46092.1225806452
2023-08-30,46092.1225806452
2023-08-31,46092.1225806452
2023-09-01,71158.9566666667
2023-09-02,71158.9566666667
2023-09-03,71158.9566666667
2023-09-04,71158.9566666667
2023-09-05,71158.9566666667
2023-09-06,71158.9566666667
2023-09-07,71158.9566666667
2023-09-08,71158.9566666667
2023-09-09,71158.9566666667
2023-09-10,71158.9566666667
2023-09-11,71158.9566666667
2023-09-12,71158.9566666667
2023-09-13,71158.9566666667
2023-09-14,71158.9566666667
2023-09-15,71158.9566666667
2023-09-16,71158.9566666667
2023-09-17,71158.9566666667
2023-09-18,71158.9566666667
2023-09-19,71158.9566666667
2023-09-20,71158.9566666667
2023-09-21,71158.9566666667
2023-09-22,71158.9566666667
2023-09-23,71158.9566666667
2023-09-24,71158.9566666667
2023-09-25,71158.9566666667
2023-09-26,71158.9566666667
2023-09-27,71158.9566666667
2023-09-28,71158.9566666667
2023-09-29,71158.9566666667
2023-09-30,71158.9566666667
2023-10-01,37321.8387096774
2023-10-02,37321.8387096774
2023-10-03,37321.8387096774
2023-10-04,37321.8387096774
2023-10-05,37321.8387096774
2023-10-06,37321.8387096774
2023-10-07,37321.8387096774
2023-10-08,37321.8387096774
2023-10-09,37321.8387096774
2023-10-10,37321.8387096774
2023-10-11,37321.8387096774
2023-10-12,37321.8387096774
2023-10-13,37321.8387096774
2023-10-14,37321.8387096774
2023-10-15,37321.8387096774
2023-10-16,37321.8387096774
2023-10-17,37321.8387096774
2023-10-18,37321.8387096774
2023-10-19,37321.8387096774
2023-10-20,37321.8387096774
2023-10-21,37321.8387096774
2023-10-22,37321.8387096774
2023-10-23,37321.8387096774
2023-10-24,37321.8387096774
2023-10-25,37321.8387096774
2023-10-26,37321.8387096774
2023-10-27,37321.8387096774
2023-10-28,37321.8387096774
2023-10-29,37321.8387096774
2023-10-30,37321.8387096774
2023-10-31,37321.8387096774
2023-11-01,45247.7433333333
2023-11-02,45247.7433333333
2023-11-03,45247.7433333333
2023-11-04,45247.7433333333
2023-11-05,45247.7433333333
2023-11-06,45247.7433333333
2023-11-07,45247.7433333333
2023-11-08,45247.7433333333
2023-11-09,45247.7433333333
2023-11-10,45247.7433333333
2023-11-11,45247.7433333333
2023-11-12,45247.7433333333
2023-11-13,45247.7433333333
2023-11-14,45247.7433333333
2023-11-15,45247.7433333333
2023-11-16,45247.7433333333
2023-11-17,45247.7433333333
2023-11-18,45247.7433333333
2023-11-19,45247.7433333333
2023-11-20,45247.7433333333
2023-11-21,45247.7433333333
2023-11-22,45247.7433333333
2023-11-23,45247.7433333333
2023-11-24,45247.7433333333
2023-11-25,45247.7433333333
2023-11-26,45247.7433333333
2023-11-27,45247.7433333333
2023-11-28,45247.7433333333
2023-11-29,45247.7433333333
2023-11-30,45247.7433333333
2023-12-01,16598.3612903226
2023-12-02,16598.3612903226
2023-12-03,16598.3612903226
2023-12-04,16598.3612903226
2023-12-05,16598.3612903226
2023-12-06,16598.3612903226
2023-12-07,16598.3612903226
2023-12-08,16598.3612903226
2023-12-09,16598.3612903226
2023-12-10,16598.3612903226
2023-12-11,16598.3612903226
2023-12-12,16598.3612903226
2023-12-13,16598.3612903226
2023-12-14,16598.3612903226
2023-12-15,16598.3612903226
2023-12-16,16598.3612903226
2023-12-17,16598.3612903226
2023-12-18,16598.3612903226
2023-12-19,16598.3612903226
2023-12-20,16598.3612903226
2023-12-21,16598.3612903226
2023-12-22,16598.3612903226
2023-12-23,16598.3612903226
2023-12-24,16598.3612903226
2023-12-25,16598.3612903226
2023-12-26,16598.3612903226
2023-12-27,16598.3612903226
2023-12-28,16598.3612903226
2023-12-29,16598.3612903226
2023-12-30,16598.3612903226
2023-12-31,16598.3612903226
2024-01-01,34554.0032258065
2024-01-02,34554.0032258065
2024-01-03,34554.0032258065
2024-01-04,34554.0032258065
2024-01-05,34554.0032258065
2024-01-06,34554.0032258065
2024-01-07,34554.0032258065
2024-01-08,34554.0032258065
2024-01-09,34554.0032258065
2024-01-10,34554.0032258065
2024-01-11,34554.0032258065
2024-01-12,34554.0032258065
2024-01-13,34554.0032258065
2024-01-14,34554.0032258065
2024-01-15,34554.0032258065
2024-01-16,34554.0032258065
2024-01-17,34554.0032258065
2024-01-18,34554.0032258065
2024-01-19,34554.0032258065
2024-01-20,34554.0032258065
2024-01-21,34554.0032258065
2024-01-22,34554.0032258065
2024-01-23,34554.0032258065
2024-01-24,34554.0032258065
2024-01-25,34554.0032258065
2024-01-26,34554.0032258065
2024-01-27,34554.0032258065
2024-01-28,34554.0032258065
2024-01-29,34554.0032258065
2024-01-30,34554.0032258065
2024-01-31,34554.0032258065
2024-02-01,43419.2275862069
2024-02-02,43419.2275862069
2024-02-03,43419.2275862069
2024-02-04,43419.2275862069
2024-02-05,43419.2275862069
2024-02-06,43419.2275862069
2024-02-07,43419.2275862069
2024-02-08,43419.2275862069
2024-02-09,43419.2275862069
2024-02-10,43419.2275862069
2024-02-11,43419.2275862069
2024-02-12,43419.2275862069
2024-02-13,43419.2275862069
2024-02-14,43419.2275862069
2024-02-15,43419.2275862069
2024-02-16,43419.2275862069
2024-02-17,43419.2275862069
2024-02-18,43419.2275862069
2024-02-19,43419.2275862069
2024-02-20,43419.2275862069
2024-02-21,43419.2275862069
2024-02-22,43419.2275862069
2024-02-23,43419.2275862069
2024-02-24,43419.2275862069
2024-02-25,43419.2275862069
2024-02-26,43419.2275862069
2024-02-27,43419.2275862069
2024-02-28,43419.2275862069
2024-02-29,43419.2275862069
2024-03-01,53973.9548387097
2024-03-02,53973.9548387097
2024-03-03,53973.9548387097
2024-03-04,53973.9548387097
2024-03-05,53973.9548387097
2024-03-06,53973.9548387097
2024-03-07,53973.9548387097
2024-03-08,53973.9548387097
2024-03-09,53973.9548387097
2024-03-10,53973.9548387097
2024-03-11,53973.9548387097
2024-03-12,53973.9548387097
2024-03-13,53973.9548387097
2024-03-14,53973.9548387097
2024-03-15,53973.9548387097
2024-03-16,53973.9548387097
2024-03-17,53973.9548387097
2024-03-18,53973.9548387097
2024-03-19,53973.9548387097
2024-03-20,53973.9548387097
2024-03-21,53973.9548387097
2024-03-22,53973.9548387097
2024-03-23,53973.9548387097
2024-03-24,53973.9548387097
2024-03-25,53973.9548387097
2024-03-26,53973.9548387097
2024-03-27,53973.9548387097
2024-03-28,53973.9548387097
2024-03-29,53973.9548387097
2024-03-30,53973.9548387097
2024-03-31,53973.9548387097
2024-04-01,25730.27
2024-04-02,25730.27
2024-04-03,25730.27
2024-04-04,25730.27
2024-04-05,25730.27
2024-04-06,25730.27
2024-04-07,25730.27
2024-04-08,25730.27
2024-04-09,25730.27
2024-04-10,25730.27
2024-04-11,25730.27
2024-04-12,25730.27
2024-04-13,25730.27
2024-04-14,25730.27
2024-04-15,25730.27
2024-04-16,25730.27
2024-04-17,25730.27
2024-04-18,25730.27
2024-04-19,25730.27
2024-04-20,25730.27
2024-04-21,25730.27
2024-04-22,25730.27
2024-04-23,25730.27
2024-04-24,25730.27
2024-04-25,25730.27
2024-04-26,25730.27
2024-04-27,25730.27
2024-04-28,25730.27
2024-04-29,25730.27
2024-04-30,25730.27
2024-05-01,34626.4580645161
2024-05-02,34626.4580645161
2024-05-03,34626.4580645161
2024-05-04,34626.4580645161
2024-05-05,34626.4580645161
2024-05-06,34626.4580645161
2024-05-07,34626.4580645161
2024-05-08,34626.4580645161
2024-05-09,34626.4580645161
2024-05-10,34626.4580645161
2024-05-11,34626.4580645161
2024-05-12,34626.4580645161
2024-05-13,34626.4580645161
2024-05-14,34626.4580645161
2024-05-15,34626.4580645161
2024-05-16,34626.4580645161
2024-05-17,34626.4580645161
2024-05-18,34626.4580645161
2024-05-19,34626.4580645161
2024-05-20,34626.4580645161
2024-05-21,34626.4580645161
2024-05-22,34626.4580645161
2024-05-23,34626.4580645161
2024-05-24,34626.4580645161
2024-05-25,34626.4580645161
2024-05-26,34626.4580645161
2024-05-27,34626.4580645161
2024-05-28,34626.4580645161
2024-05-29,34626.4580645161
2024-05-30,34626.4580645161
2024-05-31,34626.4580645161
2024-06-01,36689.4466666667
2024-06-02,36689.4466666667
2024-06-03,36689.4466666667
2024-06-04,36689.4466666667
2024-06-05,36689.4466666667
2024-06-06,36689.4466666667
2024-06-07,36689.4466666667
2024-06-08,36689.4466666667
2024-06-09,36689.4466666667
2024-06-10,36689.4466666667
2024-06-11,36689.4466666667
2024-06-12,36689.4466666667
2024-06-13,36689.4466666667
2024-06-14,36689.4466666667
2024-06-15,36689.4466666667
2024-06-16,36689.4466666667
2024-06-17,36689.4466666667
2024-06-18,36689.4466666667
2024-06-19,36689.4466666667
2024-06-20,36689.4466666667
2024-06-21,36689.4466666667
2024-06-22,36689.4466666667
2024-06-23,36689.4466666667
2024-06-24,36689.4466666667
2024-06-25,36689.4466666667
2024-06-26,36689.4466666667
2024-06-27,36689.4466666667
2024-06-28,36689.4466666667
2024-06-29,36689.4466666667
2024-06-30,36689.4466666667
2024-07-01,25614.4935483871
2024-07-02,25614.4935483871
2024-07-03,25614.4935483871
2024-07-04,25614.4935483871
2024-07-05,25614.4935483871
2024-07-06,25614.4935483871
2024-07-07,25614.4935483871
2024-07-08,25614.4935483871
2024-07-09,25614.4935483871
2024-07-10,25614.4935483871
2024-07-11,25614.4935483871
2024-07-12,25614.4935483871
2024-07-13,25614.4935483871
2024-07-14,25614.4935483871
2024-07-15,25614.4935483871
2024-07-16,25614.4935483871
2024-07-17,25614.4935483871
2024-07-18,25614.4935483871
2024-07-19,25614.4935483871
2024-07-20,25614.4935483871
2024-07-21,25614.4935483871
2024-07-22,25614.4935483871
2024-07-23,25614.4935483871
2024-07-24,25614.4935483871
2024-07-25,25614.4935483871
2024-07-26,25614.4935483871
2024-07-27,25614.4935483871
2024-07-28,25614.4935483871
2024-07-29,25614.4935483871
2024-07-30,25614.4935483871
2024-07-31,25614.4935483871
2024-08-01,35142.9225806452
2024-08-02,35142.9225806452
2024-08-03,35142.9225806452
2024-08-04,35142.9225806452
2024-08-05,35142.9225806452
2024-08-06,35142.9225806452
2024-08-07,35142.9225806452
2024-08-08,35142.9225806452
2024-08-09,35142.9225806452
2024-08-10,35142.9225806452
2024-08-11,35142.9225806452
2024-08-12,35142.9225806452
2024-08-13,35142.9225806452
2024-08-14,35142.9225806452
2024-08-15,35142.9225806452
2024-08-16,35142.9225806452
2024-08-17,35142.9225806452
2024-08-18,35142.9225806452
2024-08-19,35142.9225806452
2024-08-20,35142.9225806452
2024-08-21,35142.9225806452
2024-08-22,35142.9225806452
2024-08-23,35142.9225806452
2024-08-24,35142.9225806452
2024-08-25,35142.9225806452
2024-08-26,35142.9225806452
2024-08-27,35142.9225806452
2024-08-28,35142.9225806452
2024-08-29,35142.9225806452
2024-08-30,35142.9225806452
2024-08-31,35142.9225806452
2024-09-01,44271.1833333333
2024-09-02,44271.1833333333
2024-09-03,44271.1833333333
2024-09-04,44271.1833333333
2024-09-05,44271.1833333333
2024-09-06,44271.1833333333
2024-09-07,44271.1833333333
2024-09-08,44271.1833333333
2024-09-09,44271.1833333333
2024-09-10,44271.1833333333
2024-09-11,44271.1833333333
2024-09-12,44271.1833333333
2024-09-13,44271.1833333333
2024-09-14,44271.1833333333
2024-09-15,44271.1833333333
2024-09-16,44271.1833333333
2024-09-17,44271.1833333333
2024-09-18,44271.1833333333
2024-09-19,44271.1833333333
2024-09-20,44271.1833333333
2024-09-21,44271.1833333333
2024-09-22,44271.1833333333
2024-09-23,44271.1833333333
2024-09-24,44271.1833333333
2024-09-25,44271.1833333333
2024-09-26,44271.1833333333
2024-09-27,44271.1833333333
2024-09-28,44271.1833333333
2024-09-29,44271.1833333333
2024-09-30,44271.1833333333
2024-10-01,40028.6322580645
2024-10-02,40028.6322580645
2024-10-03,40028.6322580645
2024-10-04,40028.6322580645
2024-10-05,40028.6322580645
2024-10-06,40028.6322580645
2024-10-07,40028.6322580645
2024-10-08,40028.6322580645
2024-10-09,40028.6322580645
2024-10-10,40028.6322580645
2024-10-11,40028.6322580645
2024-10-12,40028.6322580645
2024-10-13,40028.6322580645
2024-10-14,40028.6322580645
2024-10-15,40028.6322580645
2024-10-16,40028.6322580645
2024-10-17,40028.6322580645
2024-10-18,40028.6322580645
2024-10-19,40028.6322580645
2024-10-20,40028.6322580645
2024-10-21,40028.6322580645
2024-10-22,40028.6322580645
2024-10-23,40028.6322580645
2024-10-24,40028.6322580645
2024-10-25,40028.6322580645
2024-10-26,40028.6322580645
2024-10-27,40028.6322580645
2024-10-28,40028.6322580645
2024-10-29,40028.6322580645
2024-10-30,40028.6322580645
2024-10-31,40028.6322580645
2024-11-01,30591.3366666667
2024-11-02,30591.3366666667
2024-11-03,30591.3366666667
2024-11-04,30591.3366666667
2024-11-05,30591.3366666667
2024-11-06,30591.3366666667
2024-11-07,30591.3366666667
2024-11-08,30591.3366666667
2024-11-09,30591.3366666667
2024-11-10,30591.3366666667
2024-11-11,30591.3366666667
2024-11-12,30591.3366666667
2024-11-13,30591.3366666667
2024-11-14,30591.3366666667
2024-11-15,30591.3366666667
2024-11-16,30591.3366666667
2024-11-17,30591.3366666667
2024-11-18,30591.3366666667
2024-11-19,30591.3366666667
2024-11-20,30591.3366666667
2024-11-21,30591.3366666667
2024-11-22,30591.3366666667
2024-11-23,30591.3366666667
2024-11-24,30591.3366666667
2024-11-25,30591.3366666667
2024-11-26,30591.3366666667
2024-11-27,30591.3366666667
2024-11-28,30591.3366666667
2024-11-29,30591.3366666667
2024-11-30,30591.3366666667
2024-12-01,54030.8161290323
2024-12-02,54030.8161290323
2024-12-03,54030.8161290323
2024-12-04,54030.8161290323
2024-12-05,54030.8161290323
2024-12-06,54030.8161290323
2024-12-07,54030.8161290323
2024-12-08,54030.8161290323
2024-12-09,54030.8161290323
2024-12-10,54030.8161290323
2024-12-11,54030.8161290323
2024-12-12,54030.8161290323
2024-12-13,54030.8161290323
2024-12-14,54030.8161290323
2024-12-15,54030.8161290323
2024-12-16,54030.8161290323
2024-12-17,54030.8161290323
2024-12-18,54030.8161290323
2024-12-19,54030.8161290323
2024-12-20,54030.8161290323
2024-12-21,54030.8161290323
2024-12-22,54030.8161290323
2024-12-23,54030.8161290323
2024-12-24,54030.8161290323
2024-12-25,54030.8161290323
2024-12-26,54030.8161290323
2024-12-27,54030.8161290323
2024-12-28,54030.8161290323
2024-12-29,54030.8161290323
2024-12-30,54030.8161290323
2024-12-31,54030.8161290323
2025-01-01,34318.2806451613
2025-01-02,34318.2806451613
2025-01-03,34318.2806451613
2025-01-04,34318.2806451613
2025-01-05,34318.2806451613
2025-01-06,34318.2806451613
2025-01-07,34318.2806451613
2025-01-08,34318.2806451613
2025-01-09,34318.2806451613
2025-01-10,34318.2806451613
2025-01-11,34318.2806451613
2025-01-12,34318.2806451613
2025-01-13,34318.2806451613
2025-01-14,34318.2806451613
2025-01-15,34318.2806451613
2025-01-16,34318.2806451613
2025-01-17,34318.2806451613
2025-01-18,34318.2806451613
2025-01-19,34318.2806451613
2025-01-20,34318.2806451613
2025-01-21,34318.2806451613
2025-01-22,34318.2806451613
2025-01-23,34318.2806451613
2025-01-24,34318.2806451613
2025-01-25,34318.2806451613
2025-01-26,34318.2806451613
2025-01-27,34318.2806451613
2025-01-28,34318.2806451613
2025-01-29,34318.2806451613
2025-01-30,34318.2806451613
2025-01-31,34318.2806451613
2025-02-01,15123.9642857143
2025-02-02,15123.9642857143
2025-02-03,15123.9642857143
2025-02-04,15123.9642857143
2025-02-05,15123.9642857143
2025-02-06,15123.9642857143
2025-02-07,15123.9642857143
2025-02-08,15123.9642857143
2025-02-09,15123.9642857143
2025-02-10,15123.9642857143
2025-02-11,15123.9642857143
2025-02-12,15123.9642857143
2025-02-13,15123.9642857143
2025-02-14,15123.9642857143
2025-02-15,15123.9642857143
2025-02-16,15123.9642857143
2025-02-17,15123.9642857143
2025-02-18,15123.9642857143
2025-02-19,15123.9642857143
2025-02-20,15123.9642857143
2025-02-21,15123.9642857143
2025-02-22,15123.9642857143
2025-02-23,15123.9642857143
2025-02-24,15123.9642857143
2025-02-25,15123.9642857143
2025-02-26,15123.9642857143
2025-02-27,15123.9642857143
2025-02-28,15123.9642857143
2025-03-01,39148.03225806449
2025-03-02,39148.03225806449
2025-03-03,39148.03225806449
2025-03-04,39148.03225806449
2025-03-05,39148.03225806449
2025-03-06,39148.03225806449
2025-03-07,39148.03225806449
2025-03-08,39148.03225806449
2025-03-09,39148.03225806449
2025-03-10,39148.03225806449
2025-03-11,39148.03225806449
2025-03-12,39148.03225806449
2025-03-13,39148.03225806449
2025-03-14,39148.03225806449
2025-03-15,39148.03225806449
2025-03-16,39148.03225806449
2025-03-17,39148.03225806449
2025-03-18,39148.03225806449
2025-03-19,39148.03225806449
2025-03-20,39148.03225806449
2025-03-21,39148.03225806449
2025-03-22,39148.03225806449
2025-03-23,39148.03225806449
2025-03-24,39148.03225806449
2025-03-25,39148.03225806449
2025-03-26,39148.03225806449
2025-03-27,39148.03225806449
2025-03-28,39148.03225806449
2025-03-29,39148.03225806449
2025-03-30,39148.03225806449
2025-03-31,39148.03225806449
2025-04-01,22215.7833333333
2025-04-02,22215.7833333333
2025-04-03,22215.7833333333
2025-04-04,22215.7833333333
2025-04-05,22215.7833333333
2025-04-06,22215.7833333333
2025-04-07,22215.7833333333
2025-04-08,22215.7833333333
2025-04-09,22215.7833333333
2025-04-10,22215.7833333333
2025-04-11,22215.7833333333
2025-04-12,22215.7833333333
2025-04-13,22215.7833333333
2025-04-14,22215.7833333333
2025-04-15,22215.7833333333
2025-04-16,22215.7833333333
2025-04-17,22215.7833333333
2025-04-18,22215.7833333333
2025-04-19,22215.7833333333
2025-04-20,22215.7833333333
2025-04-21,22215.7833333333
2025-04-22,22215.7833333333
2025-04-23,22215.7833333333
2025-04-24,22215.7833333333
2025-04-25,22215.7833333333
2025-04-26,22215.7833333333
2025-04-27,22215.7833333333
2025-04-28,22215.7833333333
2025-04-29,22215.7833333333
2025-04-30,22215.7833333333
2025-05-01,35632.7806451613
2025-05-02,35632.7806451613
2025-05-03,35632.7806451613
2025-05-04,35632.7806451613
2025-05-05,35632.7806451613
2025-05-06,35632.7806451613
2025-05-07,35632.7806451613
2025-05-08,35632.7806451613
2025-05-09,35632.7806451613
2025-05-10,35632.7806451613
2025-05-11,35632.7806451613
2025-05-12,35632.7806451613
2025-05-13,35632.7806451613
2025-05-14,35632.7806451613
2025-05-15,35632.7806451613
2025-05-16,35632.7806451613
2025-05-17,35632.7806451613
2025-05-18,35632.7806451613
2025-05-19,35632.7806451613
2025-05-20,35632.7806451613
2025-05-21,35632.7806451613
2025-05-22,35632.7806451613
2025-05-23,35632.7806451613
2025-05-24,35632.7806451613
2025-05-25,35632.7806451613
2025-05-26,35632.7806451613
2025-05-27,35632.7806451613
2025-05-28,35632.7806451613
2025-05-29,35632.7806451613
2025-05-30,35632.7806451613
2025-05-31,35632.7806451613
2025-06-01,26102.6866666667
2025-06-02,26102.6866666667
2025-06-03,26102.6866666667
2025-06-04,26102.6866666667
2025-06-05,26102.6866666667
2025-06-06,26102.6866666667
2025-06-07,26102.6866666667
2025-06-08,26102.6866666667
2025-06-09,26102.6866666667
2025-06-10,26102.6866666667
2025-06-11,26102.6866666667
2025-06-12,26102.6866666667
2025-06-13,26102.6866666667
2025-06-14,26102.6866666667
2025-06-15,26102.6866666667
2025-06-16,26102.6866666667
2025-06-17,26102.6866666667
2025-06-18,26102.6866666667
2025-06-19,26102.6866666667
2025-06-20,26102.6866666667
2025-06-21,26102.6866666667
2025-06-22,26102.6866666667
2025-06-23,26102.6866666667
2025-06-24,26102.6866666667
2025-06-25,26102.6866666667
2025-06-26,26102.6866666667
2025-06-27,26102.6866666667
2025-06-28,26102.6866666667
2025-06-29,26102.6866666667
2025-06-30,26102.6866666667
2025-07-01,28638.9483870968
2025-07-02,28638.9483870968
2025-07-03,28638.9483870968
2025-07-04,28638.9483870968
2025-07-05,28638.9483870968
2025-07-06,28638.9483870968
2025-07-07,28638.9483870968
2025-07-08,28638.9483870968
2025-07-09,28638.9483870968
2025-07-10,28638.9483870968
2025-07-11,28638.9483870968
2025-07-12,28638.9483870968
2025-07-13,28638.9483870968
2025-07-14,28638.9483870968
2025-07-15,28638.9483870968
2025-07-16,28638.9483870968
2025-07-17,28638.9483870968
2025-07-18,28638.9483870968
2025-07-19,28638.9483870968
2025-07-20,28638.9483870968
2025-07-21,28638.9483870968
2025-07-22,28638.9483870968
2025-07-23,28638.9483870968
2025-07-24,28638.9483870968
2025-07-25,28638.9483870968
2025-07-26,28638.9483870968
2025-07-27,28638.9483870968
2025-07-28,28638.9483870968
2025-07-29,28638.9483870968
2025-07-30,28638.9483870968
2025-07-31,28638.9483870968
2025-08-01,15277.7290322581
2025-08-02,15277.7290322581
2025-08-03,15277.7290322581
2025-08-04,15277.7290322581
2025-08-05,15277.7290322581
2025-08-06,15277.7290322581
2025-08-07,15277.7290322581
2025-08-08,15277.7290322581
2025-08-09,15277.7290322581
2025-08-10,15277.7290322581
2025-08-11,15277.7290322581
2025-08-12,15277.7290322581
2025-08-13,15277.7290322581
2025-08-14,15277.7290322581
2025-08-15,15277.7290322581
2025-08-16,15277.7290322581
2025-08-17,15277.7290322581
2025-08-18,15277.7290322581
2025-08-19,15277.7290322581
2025-08-20,15277.7290322581
2025-08-21,15277.7290322581
2025-08-22,15277.7290322581
2025-08-23,15277.7290322581
2025-08-24,15277.7290322581
2025-08-25,15277.7290322581
2025-08-26,15277.7290322581
2025-08-27,15277.7290322581
2025-08-28,15277.7290322581
2025-08-29,15277.7290322581
2025-08-30,15277.7290322581
2025-08-31,15277.7290322581
2025-09-01,32539.87
2025-09-02,32539.87
2025-09-03,32539.87
2025-09-04,32539.87
2025-09-05,32539.87
2025-09-06,32539.87
2025-09-07,32539.87
2025-09-08,32539.87
2025-09-09,32539.87
2025-09-10,32539.87
2025-09-11,32539.87
2025-09-12,32539.87
2025-09-13,32539.87
2025-09-14,32539.87
2025-09-15,32539.87
2025-09-16,32539.87
2025-09-17,32539.87
2025-09-18,32539.87
2025-09-19,32539.87
2025-09-20,32539.87
2025-09-21,32539.87
2025-09-22,32539.87
2025-09-23,32539.87
2025-09-24,32539.87
2025-09-25,32539.87
2025-09-26,32539.87
2025-09-27,32539.87
2025-09-28,32539.87
2025-09-29,32539.87
2025-09-30,32539.87
2025-10-01,44147.8935483871
2025-10-02,44147.8935483871
2025-10-03,44147.8935483871
2025-10-04,44147.8935483871
2025-10-05,44147.8935483871
2025-10-06,44147.8935483871
2025-10-07,44147.8935483871
2025-10-08,44147.8935483871
2025-10-09,44147.8935483871
2025-10-10,44147.8935483871
2025-10-11,44147.8935483871
2025-10-12,44147.8935483871
2025-10-13,44147.8935483871
2025-10-14,44147.8935483871
2025-10-15,44147.8935483871
2025-10-16,44147.8935483871
2025-10-17,44147.8935483871
2025-10-18,44147.8935483871
2025-10-19,44147.8935483871
2025-10-20,44147.8935483871
2025-10-21,44147.8935483871
2025-10-22,44147.8935483871
2025-10-23,44147.8935483871
2025-10-24,44147.8935483871
2025-10-25,44147.8935483871
2025-10-26,44147.8935483871
2025-10-27,44147.8935483871
2025-10-28,44147.8935483871
2025-10-29,44147.8935483871
2025-10-30,44147.8935483871
2025-10-31,44147.8935483871
2025-11-01,46892.2533333333
2025-11-02,46892.2533333333
2025-11-03,46892.2533333333
2025-11-04,46892.2533333333
2025-11-05,46892.2533333333
2025-11-06,46892.2533333333
2025-11-07,46892.2533333333
2025-11-08,46892.2533333333
2025-11-09,46892.2533333333
2025-11-10,46892.2533333333
2025-11-11,46892.2533333333
2025-11-12,46892.2533333333
2025-11-13,46892.2533333333
2025-11-14,46892.2533333333
2025-11-15,46892.2533333333
2025-11-16,46892.2533333333
2025-11-17,46892.2533333333
2025-11-18,46892.2533333333
2025-11-19,46892.2533333333
2025-11-20,46892.2533333333
2025-11-21,46892.2533333333
2025-11-22,46892.2533333333
2025-11-23,46892.2533333333
2025-11-24,46892.2533333333
2025-11-25,46892.2533333333
2025-11-26,46892.2533333333
2025-11-27,46892.2533333333
2025-11-28,46892.2533333333
2025-11-29,46892.2533333333
2025-11-30,46892.2533333333
2025-12-01,43209.0451612903
2025-12-02,43209.0451612903
2025-12-03,43209.0451612903
2025-12-04,43209.0451612903
2025-12-05,43209.0451612903
2025-12-06,43209.0451612903
2025-12-07,43209.0451612903
2025-12-08,43209.0451612903
2025-12-09,43209.0451612903
2025-12-10,43209.0451612903
2025-12-11,43209.0451612903
2025-12-12,43209.0451612903
2025-12-13,43209.0451612903
2025-12-14,43209.0451612903
2025-12-15,43209.0451612903
2025-12-16,43209.0451612903
2025-12-17,43209.0451612903
2025-12-18,43209.0451612903
2025-12-19,43209.0451612903
2025-12-20,43209.0451612903
2025-12-21,43209.0451612903
2025-12-22,43209.0451612903
2025-12-23,43209.0451612903
2025-12-24,43209.0451612903
2025-12-25,43209.0451612903
2025-12-26,43209.0451612903
2025-12-27,43209.0451612903
2025-12-28,43209.0451612903
2025-12-29,43209.0451612903
2025-12-30,43209.0451612903
2025-12-31,43209.0451612903
2026-01-01,35028.5419354839
2026-01-02,35028.5419354839
2026-01-03,35028.5419354839
2026-01-04,35028.5419354839
2026-01-05,35028.5419354839
2026-01-06,35028.5419354839
2026-01-07,35028.5419354839
2026-01-08,35028.5419354839
2026-01-09,35028.5419354839
2026-01-10,35028.5419354839
2026-01-11,35028.5419354839
2026-01-12,35028.5419354839
2026-01-13,35028.5419354839
2026-01-14,35028.5419354839
2026-01-15,35028.5419354839
2026-01-16,35028.5419354839
2026-01-17,35028.5419354839
2026-01-18,35028.5419354839
2026-01-19,35028.5419354839
2026-01-20,35028.5419354839
2026-01-21,35028.5419354839
2026-01-22,35028.5419354839
2026-01-23,35028.5419354839
2026-01-24,35028.5419354839
2026-01-25,35028.5419354839
2026-01-26,35028.5419354839
2026-01-27,35028.5419354839
2026-01-28,35028.5419354839
2026-01-29,35028.5419354839
2026-01-30,35028.5419354839
2026-01-31,35028.5419354839
2026-02-01,31477.9178571429
2026-02-02,31477.9178571429
2026-02-03,31477.9178571429
2026-02-04,31477.9178571429
2026-02-05,31477.9178571429
2026-02-06,31477.9178571429
2026-02-07,31477.9178571429
2026-02-08,31477.9178571429
2026-02-09,31477.9178571429
2026-02-10,31477.9178571429
2026-02-11,31477.9178571429
2026-02-12,31477.9178571429
2026-02-13,31477.9178571429
2026-02-14,31477.9178571429
2026-02-15,31477.9178571429
2026-02-16,31477.9178571429
2026-02-17,31477.9178571429
2026-02-18,31477.9178571429
2026-02-19,31477.9178571429
2026-02-20,31477.9178571429
2026-02-21,31477.9178571429
2026-02-22,31477.9178571429
2026-02-23,31477.9178571429
2026-02-24,31477.9178571429
2026-02-25,31477.9178571429
2026-02-26,31477.9178571429
2026-02-27,31477.9178571429
2026-02-28,31477.9178571429
2026-03-01,24889.7451612903
2026-03-02,24889.7451612903
2026-03-03,24889.7451612903
2026-03-04,24889.7451612903
2026-03-05,24889.7451612903
2026-03-06,24889.7451612903
2026-03-07,24889.7451612903
2026-03-08,24889.7451612903
2026-03-09,24889.7451612903
2026-03-10,24889.7451612903
2026-03-11,24889.7451612903
2026-03-12,24889.7451612903
2026-03-13,24889.7451612903
2026-03-14,24889.7451612903
2026-03-15,24889.7451612903
2026-03-16,24889.7451612903
2026-03-17,24889.7451612903
2026-03-18,24889.7451612903
2026-03-19,24889.7451612903
2026-03-20,24889.7451612903
2026-03-21,24889.7451612903
2026-03-22,24889.7451612903
2026-03-23,24889.7451612903
2026-03-24,24889.7451612903
2026-03-25,24889.7451612903
2026-03-26,24889.7451612903
2026-03-27,24889.7451612903
2026-03-28,24889.7451612903
2026-03-29,24889.7451612903
2026-03-30,24889.7451612903
2026-03-31,24889.7451612903
2026-04-01,46970.39
2026-04-02,46970.39
2026-04-03,46970.39
2026-04-04,46970.39
2026-04-05,46970.39
2026-04-06,46970.39
2026-04-07,46970.39
2026-04-08,46970.39
2026-04-09,46970.39
2026-04-10,46970.39
2026-04-11,46970.39
2026-04-12,46970.39
2026-04-13,46970.39
2026-04-14,46970.39
2026-04-15,46970.39
2026-04-16,46970.39
2026-04-17,46970.39
2026-04-18,46970.39
2026-04-19,46970.39
2026-04-20,46970.39
2026-04-21,46970.39
2026-04-22,46970.39
2026-04-23,46970.39
2026-04-24,46970.39
2026-04-25,46970.39
2026-04-26,46970.39
2026-04-27,46970.39
2026-04-28,46970.39
2026-04-29,46970.39
2026-04-30,46970.39
2026-05-01,36143.135483871
2026-05-02,36143.135483871
2026-05-03,36143.135483871
2026-05-04,36143.135483871
2026-05-05,36143.135483871
2026-05-06,36143.135483871
2026-05-07,36143.135483871
2026-05-08,36143.135483871
2026-05-09,36143.135483871
2026-05-10,36143.135483871
2026-05-11,36143.135483871
2026-05-12,36143.135483871
2026-05-13,36143.135483871
2026-05-14,36143.135483871
2026-05-15,36143.135483871
2026-05-16,36143.135483871
2026-05-17,36143.135483871
2026-05-18,36143.135483871
2026-05-19,36143.135483871
2026-05-20,36143.135483871
2026-05-21,36143.135483871
2026-05-22,36143.135483871
2026-05-23,36143.135483871
2026-05-24,36143.135483871
2026-05-25,36143.135483871
2026-05-26,36143.135483871
2026-05-27,36143.135483871
2026-05-28,36143.135483871
2026-05-29,36143.135483871
2026-05-30,36143.135483871
2026-05-31,36143.135483871
2026-06-01,30794.42
2026-06-02,30794.42
2026-06-03,30794.42
2026-06-04,30794.42
2026-06-05,30794.42
2026-06-06,30794.42
2026-06-07,30794.42
2026-06-08,30794.42
2026-06-09,30794.42
2026-06-10,30794.42
2026-06-11,30794.42
2026-06-12,30794.42
2026-06-13,30794.42
2026-06-14,30794.42
2026-06-15,30794.42
2026-06-16,30794.42
2026-06-17,30794.42
2026-06-18,30794.42
2026-06-19,30794.42
2026-06-20,30794.42
2026-06-21,30794.42
2026-06-22,30794.42
2026-06-23,30794.42
2026-06-24,30794.42
2026-06-25,30794.42
2026-06-26,30794.42
2026-06-27,30794.42
2026-06-28,30794.42
2026-06-29,30794.42
2026-06-30,30794.42
2026-07-01,27694.8322580645
2026-07-02,27694.8322580645
2026-07-03,27694.8322580645
2026-07-04,27694.8322580645
2026-07-05,27694.8322580645
2026-07-06,27694.8322580645
2026-07-07,27694.8322580645
2026-07-08,27694.8322580645
2026-07-09,27694.8322580645
2026-07-10,27694.8322580645
2026-07-11,27694.8322580645
2026-07-12,27694.8322580645
2026-07-13,27694.8322580645
2026-07-14,27694.8322580645
2026-07-15,27694.8322580645
2026-07-16,27694.8322580645
2026-07-17,27694.8322580645
2026-07-18,27694.8322580645
2026-07-19,27694.8322580645
2026-07-20,27694.8322580645
2026-07-21,27694.8322580645
2026-07-22,27694.8322580645
2026-07-23,27694.8322580645
2026-07-24,27694.8322580645
2026-07-25,27694.8322580645
2026-07-26,27694.8322580645
2026-07-27,27694.8322580645
2026-07-28,27694.8322580645
2026-07-29,27694.8322580645
2026-07-30,27694.8322580645
2026-07-31,27694.8322580645
2026-08-01,33307.8741935484
2026-08-02,33307.8741935484
2026-08-03,33307.8741935484
2026-08-04,33307.8741935484
2026-08-05,33307.8741935484
2026-08-06,33307.8741935484
2026-08-07,33307.8741935484
2026-08-08,33307.8741935484
2026-08-09,33307.8741935484
2026-08-10,33307.8741935484
2026-08-11,33307.8741935484
2026-08-12,33307.8741935484
2026-08-13,33307.8741935484
2026-08-14,33307.8741935484
2026-08-15,33307.8741935484
2026-08-16,33307.8741935484
2026-08-17,33307.8741935484
2026-08-18,33307.8741935484
2026-08-19,33307.8741935484
2026-08-20,33307.8741935484
2026-08-21,33307.8741935484
2026-08-22,33307.8741935484
2026-08-23,33307.8741935484
2026-08-24,33307.8741935484
2026-08-25,33307.8741935484
2026-08-26,33307.8741935484
2026-08-27,33307.8741935484
2026-08-28,33307.8741935484
2026-08-29,33307.8741935484
2026-08-30,33307.8741935484
2026-08-31,33307.8741935484
2026-09-01,23856.65
2026-09-02,23856.65
2026-09-03,23856.65
2026-09-04,23856.65
2026-09-05,23856.65
2026-09-06,23856.65
2026-09-07,23856.65
2026-09-08,23856.65
2026-09-09,23856.65
2026-09-10,23856.65
2026-09-11,23856.65
2026-09-12,23856.65
2026-09-13,23856.65
2026-09-14,23856.65
2026-09-15,23856.65
2026-09-16,23856.65
2026-09-17,23856.65
2026-09-18,23856.65
2026-09-19,23856.65
2026-09-20,23856.65
2026-09-21,23856.65
2026-09-22,23856.65
2026-09-23,23856.65
2026-09-24,23856.65
2026-09-25,23856.65
2026-09-26,23856.65
2026-09-27,23856.65
2026-09-28,23856.65
2026-09-29,23856.65
2026-09-30,23856.65
2026-10-01,42454.1225806452
2026-10-02,42454.1225806452
2026-10-03,42454.1225806452
2026-10-04,42454.1225806452
2026-10-05,42454.1225806452
2026-10-06,42454.1225806452
2026-10-07,42454.1225806452
2026-10-08,42454.1225806452
2026-10-09,42454.1225806452
2026-10-10,42454.1225806452
2026-10-11,42454.1225806452
2026-10-12,42454.1225806452
2026-10-13,42454.1225806452
2026-10-14,42454.1225806452
2026-10-15,42454.1225806452
2026-10-16,42454.1225806452
2026-10-17,42454.1225806452
2026-10-18,42454.1225806452
2026-10-19,42454.1225806452
2026-10-20,42454.1225806452
2026-10-21,42454.1225806452
2026-10-22,42454.1225806452
2026-10-23,42454.1225806452
2026-10-24,42454.1225806452
2026-10-25,42454.1225806452
2026-10-26,42454.1225806452
2026-10-27,42454.1225806452
2026-10-28,42454.1225806452
2026-10-29,42454.1225806452
2026-10-30,42454.1225806452
2026-10-31,42454.1225806452
2026-11-01,41254.8533333333
2026-11-02,41254.8533333333
2026-11-03,41254.8533333333
2026-11-04,41254.8533333333
2026-11-05,41254.8533333333
2026-11-06,41254.8533333333
2026-11-07,41254.8533333333
2026-11-08,41254.8533333333
2026-11-09,41254.8533333333
2026-11-10,41254.8533333333
2026-11-11,41254.8533333333
2026-11-12,41254.8533333333
2026-11-13,41254.8533333333
2026-11-14,41254.8533333333
2026-11-15,41254.8533333333
2026-11-16,41254.8533333333
2026-11-17,41254.8533333333
2026-11-18,41254.8533333333
2026-11-19,41254.8533333333
2026-11-20,41254.8533333333
2026-11-21,41254.8533333333
2026-11-22,41254.8533333333
2026-11-23,41254.8533333333
2026-11-24,41254.8533333333
2026-11-25,41254.8533333333
2026-11-26,41254.8533333333
2026-11-27,41254.8533333333
2026-11-28,41254.8533333333
2026-11-29,41254.8533333333
2026-11-30,41254.8533333333
2026-12-01,59763.2516129032
2026-12-02,59763.2516129032
2026-12-03,59763.2516129032
2026-12-04,59763.2516129032
2026-12-05,59763.2516129032
2026-12-06,59763.2516129032
2026-12-07,59763.2516129032
2026-12-08,59763.2516129032
2026-12-09,59763.2516129032
2026-12-10,59763.2516129032
2026-12-11,59763.2516129032
2026-12-12,59763.2516129032
2026-12-13,59763.2516129032
2026-12-14,59763.2516129032
2026-12-15,59763.2516129032
2026-12-16,59763.2516129032
2026-12-17,59763.2516129032
2026-12-18,59763.2516129032
2026-12-19,59763.2516129032
2026-12-20,59763.2516129032
2026-12-21,59763.2516129032
2026-12-22,59763.2516129032
2026-12-23,59763.2516129032
2026-12-24,59763.2516129032
2026-12-25,59763.2516129032
2026-12-26,59763.2516129032
2026-12-27,59763.2516129032
2026-12-28,59763.2516129032
2026-12-29,59763.2516129032
2026-12-30,59763.2516129032
2026-12-31,59763.2516129032
2027-01-01,31440.2129032258
2027-01-02,31440.2129032258
2027-01-03,31440.2129032258
2027-01-04,31440.2129032258
2027-01-05,31440.2129032258
2027-01-06,31440.2129032258
2027-01-07,31440.2129032258
2027-01-08,31440.2129032258
2027-01-09,31440.2129032258
2027-01-10,31440.2129032258
2027-01-11,31440.2129032258
2027-01-12,31440.2129032258
2027-01-13,31440.2129032258
2027-01-14,31440.2129032258
2027-01-15,31440.2129032258
2027-01-16,31440.2129032258
2027-01-17,31440.2129032258
2027-01-18,31440.2129032258
2027-01-19,31440.2129032258
2027-01-20,31440.2129032258
2027-01-21,31440.2129032258
2027-01-22,31440.2129032258
2027-01-23,31440.2129032258
2027-01-24,31440.2129032258
2027-01-25,31440.2129032258
2027-01-26,31440.2129032258
2027-01-27,31440.2129032258
2027-01-28,31440.2129032258
2027-01-29,31440.2129032258
2027-01-30,31440.2129032258
2027-01-31,31440.2129032258
2027-02-01,29705.9892857143
2027-02-02,29705.9892857143
2027-02-03,29705.9892857143
2027-02-04,29705.9892857143
2027-02-05,29705.9892857143
2027-02-06,29705.9892857143
2027-02-07,29705.9892857143
2027-02-08,29705.9892857143
2027-02-09,29705.9892857143
2027-02-10,29705.9892857143
2027-02-11,29705.9892857143
2027-02-12,29705.9892857143
2027-02-13,29705.9892857143
2027-02-14,29705.9892857143
2027-02-15,29705.9892857143
2027-02-16,29705.9892857143
2027-02-17,29705.9892857143
2027-02-18,29705.9892857143
2027-02-19,29705.9892857143
2027-02-20,29705.9892857143
2027-02-21,29705.9892857143
2027-02-22,29705.9892857143
2027-02-23,29705.9892857143
2027-02-24,29705.9892857143
2027-02-25,29705.9892857143
2027-02-26,29705.9892857143
2027-02-27,29705.9892857143
2027-02-28,29705.9892857143
2027-03-01,46428.9032258065
2027-03-02,46428.9032258065
2027-03-03,46428.9032258065
2027-03-04,46428.9032258065
2027-03-05,46428.9032258065
2027-03-06,46428.9032258065
2027-03-07,46428.9032258065
2027-03-08,46428.9032258065
2027-03-09,46428.9032258065
2027-03-10,46428.9032258065
2027-03-11,46428.9032258065
2027-03-12,46428.9032258065
2027-03-13,46428.9032258065
2027-03-14,46428.9032258065
2027-03-15,46428.9032258065
2027-03-16,46428.9032258065
2027-03-17,46428.9032258065
2027-03-18,46428.9032258065
2027-03-19,46428.9032258065
2027-03-20,46428.9032258065
2027-03-21,46428.9032258065
2027-03-22,46428.9032258065
2027-03-23,46428.9032258065
2027-03-24,46428.9032258065
2027-03-25,46428.9032258065
2027-03-26,46428.9032258065
2027-03-27,46428.9032258065
2027-03-28,46428.9032258065
2027-03-29,46428.9032258065
2027-03-30,46428.9032258065
2027-03-31,46428.9032258065
2027-04-01,28159.9666666667
2027-04-02,28159.9666666667
2027-04-03,28159.9666666667
2027-04-04,28159.9666666667
2027-04-05,28159.9666666667
2027-04-06,28159.9666666667
2027-04-07,28159.9666666667
2027-04-08,28159.9666666667
2027-04-09,28159.9666666667
2027-04-10,28159.9666666667
2027-04-11,28159.9666666667
2027-04-12,28159.9666666667
2027-04-13,28159.9666666667
2027-04-14,28159.9666666667
2027-04-15,28159.9666666667
2027-04-16,28159.9666666667
2027-04-17,28159.9666666667
2027-04-18,28159.9666666667
2027-04-19,28159.9666666667
2027-04-20,28159.9666666667
2027-04-21,28159.9666666667
2027-04-22,28159.9666666667
2027-04-23,28159.9666666667
2027-04-24,28159.9666666667
2027-04-25,28159.9666666667
2027-04-26,28159.9666666667
2027-04-27,28159.9666666667
2027-04-28,28159.9666666667
2027-04-29,28159.9666666667
2027-04-30,28159.9666666667
2027-05-01,37720.7903225806
2027-05-02,37720.7903225806
2027-05-03,37720.7903225806
2027-05-04,37720.7903225806
2027-05-05,37720.7903225806
2027-05-06,37720.7903225806
2027-05-07,37720.7903225806
2027-05-08,37720.7903225806
2027-05-09,37720.7903225806
2027-05-10,37720.7903225806
2027-05-11,37720.7903225806
2027-05-12,37720.7903225806
2027-05-13,37720.7903225806
2027-05-14,37720.7903225806
2027-05-15,37720.7903225806
2027-05-16,37720.7903225806
2027-05-17,37720.7903225806
2027-05-18,37720.7903225806
2027-05-19,37720.7903225806
2027-05-20,37720.7903225806
2027-05-21,37720.7903225806
2027-05-22,37720.7903225806
2027-05-23,37720.7903225806
2027-05-24,37720.7903225806
2027-05-25,37720.7903225806
2027-05-26,37720.7903225806
2027-05-27,37720.7903225806
2027-05-28,37720.7903225806
2027-05-29,37720.7903225806
2027-05-30,37720.7903225806
2027-05-31,37720.7903225806
2027-06-01,38246.09
2027-06-02,38246.09
2027-06-03,38246.09
2027-06-04,38246.09
2027-06-05,38246.09
2027-06-06,38246.09
2027-06-07,38246.09
2027-06-08,38246.09
2027-06-09,38246.09
2027-06-10,38246.09
2027-06-11,38246.09
2027-06-12,38246.09
2027-06-13,38246.09
2027-06-14,38246.09
2027-06-15,38246.09
2027-06-16,38246.09
2027-06-17,38246.09
2027-06-18,38246.09
2027-06-19,38246.09
2027-06-20,38246.09
2027-06-21,38246.09
2027-06-22,38246.09
2027-06-23,38246.09
2027-06-24,38246.09
2027-06-25,38246.09
2027-06-26,38246.09
2027-06-27,38246.09
2027-06-28,38246.09
2027-06-29,38246.09
2027-06-30,38246.09
2027-07-01,26123.1322580645
2027-07-02,26123.1322580645
2027-07-03,26123.1322580645
2027-07-04,26123.1322580645
2027-07-05,26123.1322580645
2027-07-06,26123.1322580645
2027-07-07,26123.1322580645
2027-07-08,26123.1322580645
2027-07-09,26123.1322580645
2027-07-10,26123.1322580645
2027-07-11,26123.1322580645
2027-07-12,26123.1322580645
2027-07-13,26123.1322580645
2027-07-14,26123.1322580645
2027-07-15,26123.1322580645
2027-07-16,26123.1322580645
2027-07-17,26123.1322580645
2027-07-18,26123.1322580645
2027-07-19,26123.1322580645
2027-07-20,26123.1322580645
2027-07-21,26123.1322580645
2027-07-22,26123.1322580645
2027-07-23,26123.1322580645
2027-07-24,26123.1322580645
2027-07-25,26123.1322580645
2027-07-26,26123.1322580645
2027-07-27,26123.1322580645
2027-07-28,26123.1322580645
2027-07-29,26123.1322580645
2027-07-30,26123.1322580645
2027-07-31,26123.1322580645
2027-08-01,37438.3516129032
2027-08-02,37438.3516129032
2027-08-03,37438.3516129032
2027-08-04,37438.3516129032
2027-08-05,37438.3516129032
2027-08-06,37438.3516129032
2027-08-07,37438.3516129032
2027-08-08,37438.3516129032
2027-08-09,37438.3516129032
2027-08-10,37438.3516129032
2027-08-11,37438.3516129032
2027-08-12,37438.3516129032
2027-08-13,37438.3516129032
2027-08-14,37438.3516129032
2027-08-15,37438.3516129032
2027-08-16,37438.3516129032
2027-08-17,37438.3516129032
2027-08-18,37438.3516129032
2027-08-19,37438.3516129032
2027-08-20,37438.3516129032
2027-08-21,37438.3516129032
2027-08-22,37438.3516129032
2027-08-23,37438.3516129032
2027-08-24,37438.3516129032
2027-08-25,37438.3516129032
2027-08-26,37438.3516129032
2027-08-27,37438.3516129032
2027-08-28,37438.3516129032
2027-08-29,37438.3516129032
2027-08-30,37438.3516129032
2027-08-31,37438.3516129032
2027-09-01,36318.48
2027-09-02,36318.48
2027-09-03,36318.48
2027-09-04,36318.48
2027-09-05,36318.48
2027-09-06,36318.48
2027-09-07,36318.48
2027-09-08,36318.48
2027-09-09,36318.48
2027-09-10,36318.48
2027-09-11,36318.48
2027-09-12,36318.48
2027-09-13,36318.48
2027-09-14,36318.48
2027-09-15,36318.48
2027-09-16,36318.48
2027-09-17,36318.48
2027-09-18,36318.48
2027-09-19,36318.48
2027-09-20,36318.48
2027-09-21,36318.48
2027-09-22,36318.48
2027-09-23,36318.48
2027-09-24,36318.48
2027-09-25,36318.48
2027-09-26,36318.48
2027-09-27,36318.48
2027-09-28,36318.48
2027-09-29,36318.48
2027-09-30,36318.48
2027-10-01,45734.6387096774
2027-10-02,45734.6387096774
2027-10-03,45734.6387096774
2027-10-04,45734.6387096774
2027-10-05,45734.6387096774
2027-10-06,45734.6387096774
2027-10-07,45734.6387096774
2027-10-08,45734.6387096774
2027-10-09,45734.6387096774
2027-10-10,45734.6387096774
2027-10-11,45734.6387096774
2027-10-12,45734.6387096774
2027-10-13,45734.6387096774
2027-10-14,45734.6387096774
2027-10-15,45734.6387096774
2027-10-16,45734.6387096774
2027-10-17,45734.6387096774
2027-10-18,45734.6387096774
2027-10-19,45734.6387096774
2027-10-20,45734.6387096774
2027-10-21,45734.6387096774
2027-10-22,45734.6387096774
2027-10-23,45734.6387096774
2027-10-24,45734.6387096774
2027-10-25,45734.6387096774
2027-10-26,45734.6387096774
2027-10-27,45734.6387096774
2027-10-28,45734.6387096774
2027-10-29,45734.6387096774
2027-10-30,45734.6387096774
2027-10-31,45734.6387096774
2027-11-01,11642.6266666667
2027-11-02,11642.6266666667
2027-11-03,11642.6266666667
2027-11-04,11642.6266666667
2027-11-05,11642.6266666667
2027-11-06,11642.6266666667
2027-11-07,11642.6266666667
2027-11-08,11642.6266666667
2027-11-09,11642.6266666667
2027-11-10,11642.6266666667
2027-11-11,11642.6266666667
2027-11-12,11642.6266666667
2027-11-13,11642.6266666667
2027-11-14,11642.6266666667
2027-11-15,11642.6266666667
2027-11-16,11642.6266666667
2027-11-17,11642.6266666667
2027-11-18,11642.6266666667
2027-11-19,11642.6266666667
2027-11-20,11642.6266666667
2027-11-21,11642.6266666667
2027-11-22,11642.6266666667
2027-11-23,11642.6266666667
2027-11-24,11642.6266666667
2027-11-25,11642.6266666667
2027-11-26,11642.6266666667
2027-11-27,11642.6266666667
2027-11-28,11642.6266666667
2027-11-29,11642.6266666667
2027-11-30,11642.6266666667
2027-12-01,45330.6
