Date,"Adjusted Daily Consumption, Kwh"
01/01/2017,153910
02/01/2017,153910
03/01/2017,153910
04/01/2017,153910
05/01/2017,153910
06/01/2017,153910
07/01/2017,153910
08/01/2017,153910
09/01/2017,153910
10/01/2017,153910
11/01/2017,153910
12/01/2017,153910
13/01/2017,153910
14/01/2017,153910
15/01/2017,153910
16/01/2017,153910
17/01/2017,153910
18/01/2017,153910
19/01/2017,153910
20/01/2017,153910
21/01/2017,153910
22/01/2017,153910
23/01/2017,153910
24/01/2017,153910
25/01/2017,153910
26/01/2017,153910
27/01/2017,153910
28/01/2017,153910
29/01/2017,153910
30/01/2017,153910
01/02/2017,182614
02/02/2017,182614
03/02/2017,182614
04/02/2017,182614
05/02/2017,182614
06/02/2017,182614
07/02/2017,182614
08/02/2017,182614
09/02/2017,182614
10/02/2017,182614
11/02/2017,182614
12/02/2017,182614
13/02/2017,182614
14/02/2017,182614
15/02/2017,182614
16/02/2017,182614
17/02/2017,182614
18/02/2017,182614
19/02/2017,182614
20/02/2017,182614
21/02/2017,182614
22/02/2017,182614
23/02/2017,182614
24/02/2017,182614
25/02/2017,182614
26/02/2017,182614
27/02/2017,182614
28/02/2017,182614
01/03/2017,134468
02/03/2017,134468
03/03/2017,134468
04/03/2017,134468
05/03/2017,134468
06/03/2017,134468
07/03/2017,134468
08/03/2017,134468
09/03/2017,134468
10/03/2017,134468
11/03/2017,134468
12/03/2017,134468
13/03/2017,134468
14/03/2017,134468
15/03/2017,134468
16/03/2017,134468
17/03/2017,134468
18/03/2017,134468
19/03/2017,134468
20/03/2017,134468
21/03/2017,134468
22/03/2017,134468
23/03/2017,134468
24/03/2017,134468
25/03/2017,134468
26/03/2017,134468
27/03/2017,134468
28/03/2017,134468
29/03/2017,134468
30/03/2017,134468
31/03/2017,134468
01/04/2017,142808
02/04/2017,142808
03/04/2017,142808
04/04/2017,142808
05/04/2017,142808
06/04/2017,142808
07/04/2017,142808
08/04/2017,142808
09/04/2017,142808
10/04/2017,142808
11/04/2017,142808
12/04/2017,142808
13/04/2017,142808
14/04/2017,142808
15/04/2017,142808
16/04/2017,142808
17/04/2017,142808
18/04/2017,142808
19/04/2017,142808
20/04/2017,142808
21/04/2017,142808
22/04/2017,142808
23/04/2017,142808
24/04/2017,142808
25/04/2017,142808
26/04/2017,142808
27/04/2017,142808
28/04/2017,142808
29/04/2017,142808
30/04/2017,142808
01/05/2017,151815
02/05/2017,151815
03/05/2017,151815
04/05/2017,151815
05/05/2017,151815
06/05/2017,151815
07/05/2017,151815
08/05/2017,151815
09/05/2017,151815
10/05/2017,151815
11/05/2017,151815
12/05/2017,151815
13/05/2017,151815
14/05/2017,151815
15/05/2017,151815
16/05/2017,151815
17/05/2017,151815
18/05/2017,151815
19/05/2017,151815
20/05/2017,151815
21/05/2017,151815
22/05/2017,151815
23/05/2017,151815
24/05/2017,151815
25/05/2017,151815
26/05/2017,151815
27/05/2017,151815
28/05/2017,151815
29/05/2017,151815
01/06/2017,27481
02/06/2017,27481
03/06/2017,27481
04/06/2017,27481
05/06/2017,27481
06/06/2017,27481
07/06/2017,27481
08/06/2017,27481
09/06/2017,27481
10/06/2017,27481
11/06/2017,27481
12/06/2017,27481
13/06/2017,27481
14/06/2017,27481
15/06/2017,27481
16/06/2017,27481
17/06/2017,27481
18/06/2017,27481
19/06/2017,27481
20/06/2017,27481
21/06/2017,27481
22/06/2017,27481
23/06/2017,27481
24/06/2017,27481
25/06/2017,27481
26/06/2017,27481
27/06/2017,27481
28/06/2017,27481
29/06/2017,27481
30/06/2017,27481
01/10/2017,0
02/10/2017,0
03/10/2017,0
04/10/2017,0
05/10/2017,0
06/10/2017,0
07/10/2017,0
08/10/2017,0
09/10/2017,0
10/10/2017,0
11/10/2017,0
12/10/2017,0
13/10/2017,0
14/10/2017,0
15/10/2017,0
16/10/2017,0
17/10/2017,0
18/10/2017,0
19/10/2017,0
20/10/2017,0
21/10/2017,0
22/10/2017,0
23/10/2017,0
24/10/2017,0
25/10/2017,0
26/10/2017,0
27/10/2017,0
28/10/2017,0
29/10/2017,0
30/10/2017,0
31/10/2017,0
01/11/2017,22220
02/11/2017,22220
03/11/2017,22220
04/11/2017,22220
05/11/2017,22220
06/11/2017,22220
07/11/2017,22220
08/11/2017,22220
09/11/2017,22220
10/11/2017,22220
11/11/2017,22220
12/11/2017,22220
13/11/2017,22220
14/11/2017,22220
15/11/2017,22220
16/11/2017,22220
17/11/2017,22220
18/11/2017,22220
19/11/2017,22220
20/11/2017,22220
21/11/2017,22220
22/11/2017,22220
23/11/2017,22220
24/11/2017,22220
25/11/2017,22220
26/11/2017,22220
27/11/2017,22220
28/11/2017,22220
01/12/2017,121127
02/12/2017,121127
03/12/2017,121127
04/12/2017,121127
05/12/2017,121127
06/12/2017,121127
07/12/2017,121127
08/12/2017,121127
09/12/2017,121127
10/12/2017,121127
11/12/2017,121127
12/12/2017,121127
13/12/2017,121127
14/12/2017,121127
15/12/2017,121127
16/12/2017,121127
17/12/2017,121127
18/12/2017,121127
19/12/2017,121127
20/12/2017,121127
21/12/2017,121127
22/12/2017,121127
23/12/2017,121127
24/12/2017,121127
25/12/2017,121127
26/12/2017,121127
27/12/2017,121127
28/12/2017,121127
29/12/2017,121127
30/12/2017,121127
31/12/2017,121127
01/01/2018,114406
02/01/2018,114406
03/01/2018,114406
04/01/2018,114406
05/01/2018,114406
06/01/2018,114406
07/01/2018,114406
08/01/2018,114406
09/01/2018,114406
10/01/2018,114406
11/01/2018,114406
12/01/2018,114406
13/01/2018,114406
14/01/2018,114406
15/01/2018,114406
16/01/2018,114406
17/01/2018,114406
18/01/2018,114406
19/01/2018,114406
20/01/2018,114406
21/01/2018,114406
22/01/2018,114406
23/01/2018,114406
24/01/2018,114406
25/01/2018,114406
26/01/2018,114406
27/01/2018,114406
28/01/2018,114406
01/02/2018,81950
02/02/2018,81950
03/02/2018,81950
04/02/2018,81950
05/02/2018,81950
06/02/2018,81950
07/02/2018,81950
08/02/2018,81950
09/02/2018,81950
10/02/2018,81950
11/02/2018,81950
12/02/2018,81950
13/02/2018,81950
14/02/2018,81950
15/02/2018,81950
16/02/2018,81950
17/02/2018,81950
18/02/2018,81950
19/02/2018,81950
20/02/2018,81950
21/02/2018,81950
22/02/2018,81950
23/02/2018,81950
24/02/2018,81950
25/02/2018,81950
26/02/2018,81950
27/02/2018,81950
28/02/2018,81950
01/03/2018,10990
02/03/2018,10990
03/03/2018,10990
04/03/2018,10990
05/03/2018,10990
06/03/2018,10990
07/03/2018,10990
08/03/2018,10990
09/03/2018,10990
10/03/2018,10990
11/03/2018,10990
12/03/2018,10990
13/03/2018,10990
14/03/2018,10990
15/03/2018,10990
16/03/2018,10990
17/03/2018,10990
18/03/2018,10990
19/03/2018,10990
20/03/2018,10990
21/03/2018,10990
22/03/2018,10990
23/03/2018,10990
24/03/2018,10990
25/03/2018,10990
26/03/2018,10990
27/03/2018,10990
28/03/2018,10990
29/03/2018,10990
30/03/2018,10990
31/03/2018,10990
01/04/2018,75895
02/04/2018,75895
03/04/2018,75895
04/04/2018,75895
05/04/2018,75895
06/04/2018,75895
07/04/2018,75895
08/04/2018,75895
09/04/2018,75895
10/04/2018,75895
11/04/2018,75895
12/04/2018,75895
13/04/2018,75895
14/04/2018,75895
15/04/2018,75895
16/04/2018,75895
17/04/2018,75895
18/04/2018,75895
19/04/2018,75895
20/04/2018,75895
21/04/2018,75895
22/04/2018,75895
23/04/2018,75895
24/04/2018,75895
25/04/2018,75895
26/04/2018,75895
27/04/2018,75895
28/04/2018,75895
29/04/2018,75895
30/04/2018,75895
01/05/2018,69545
02/05/2018,69545
03/05/2018,69545
04/05/2018,69545
05/05/2018,69545
06/05/2018,69545
07/05/2018,69545
08/05/2018,69545
09/05/2018,69545
10/05/2018,69545
11/05/2018,69545
12/05/2018,69545
13/05/2018,69545
14/05/2018,69545
15/05/2018,69545
16/05/2018,69545
17/05/2018,69545
18/05/2018,69545
19/05/2018,69545
20/05/2018,69545
21/05/2018,69545
22/05/2018,69545
23/05/2018,69545
24/05/2018,69545
25/05/2018,69545
26/05/2018,69545
27/05/2018,69545
28/05/2018,69545
29/05/2018,69545
01/06/2018,0
02/06/2018,0
03/06/2018,0
04/06/2018,0
05/06/2018,0
06/06/2018,0
07/06/2018,0
08/06/2018,0
09/06/2018,0
10/06/2018,0
11/06/2018,0
12/06/2018,0
13/06/2018,0
14/06/2018,0
15/06/2018,0
16/06/2018,0
17/06/2018,0
18/06/2018,0
19/06/2018,0
20/06/2018,0
21/06/2018,0
22/06/2018,0
23/06/2018,0
24/06/2018,0
25/06/2018,0
26/06/2018,0
27/06/2018,0
28/06/2018,0
29/06/2018,0
01/07/2018,0
02/07/2018,0
03/07/2018,0
04/07/2018,0
05/07/2018,0
06/07/2018,0
07/07/2018,0
08/07/2018,0
09/07/2018,0
10/07/2018,0
11/07/2018,0
12/07/2018,0
13/07/2018,0
14/07/2018,0
15/07/2018,0
16/07/2018,0
17/07/2018,0
18/07/2018,0
19/07/2018,0
20/07/2018,0
21/07/2018,0
22/07/2018,0
23/07/2018,0
24/07/2018,0
25/07/2018,0
26/07/2018,0
27/07/2018,0
28/07/2018,0
29/07/2018,0
30/07/2018,0
31/07/2018,0
01/08/2018,0
02/08/2018,0
03/08/2018,0
04/08/2018,0
05/08/2018,0
06/08/2018,0
07/08/2018,0
08/08/2018,0
09/08/2018,0
10/08/2018,0
11/08/2018,0
12/08/2018,0
13/08/2018,0
14/08/2018,0
15/08/2018,0
16/08/2018,0
17/08/2018,0
18/08/2018,0
19/08/2018,0
20/08/2018,0
21/08/2018,0
22/08/2018,0
23/08/2018,0
24/08/2018,0
25/08/2018,0
26/08/2018,0
27/08/2018,0
28/08/2018,0
29/08/2018,0
30/08/2018,0
31/08/2018,0
01/09/2018,0
02/09/2018,0
03/09/2018,0
04/09/2018,0
05/09/2018,0
06/09/2018,0
07/09/2018,0
08/09/2018,0
09/09/2018,0
10/09/2018,0
11/09/2018,0
12/09/2018,0
13/09/2018,0
14/09/2018,0
15/09/2018,0
16/09/2018,0
17/09/2018,0
18/09/2018,0
19/09/2018,0
20/09/2018,0
21/09/2018,0
22/09/2018,0
23/09/2018,0
24/09/2018,0
25/09/2018,0
26/09/2018,0
27/09/2018,0
28/09/2018,0
29/09/2018,0
30/09/2018,0
01/10/2018,0
02/10/2018,0
03/10/2018,0
04/10/2018,0
05/10/2018,0
06/10/2018,0
07/10/2018,0
08/10/2018,0
09/10/2018,0
10/10/2018,0
11/10/2018,0
12/10/2018,0
13/10/2018,0
14/10/2018,0
15/10/2018,0
16/10/2018,0
17/10/2018,0
18/10/2018,0
19/10/2018,0
20/10/2018,0
21/10/2018,0
22/10/2018,0
23/10/2018,0
24/10/2018,0
25/10/2018,0
26/10/2018,0
27/10/2018,0
28/10/2018,0
29/10/2018,0
30/10/2018,0
31/10/2018,0
01/11/2018,0
02/11/2018,0
03/11/2018,0
04/11/2018,0
05/11/2018,0
06/11/2018,0
07/11/2018,0
08/11/2018,0
09/11/2018,0
10/11/2018,0
11/11/2018,0
12/11/2018,0
13/11/2018,0
14/11/2018,0
15/11/2018,0
16/11/2018,0
17/11/2018,0
18/11/2018,0
19/11/2018,0
20/11/2018,0
21/11/2018,0
22/11/2018,0
23/11/2018,0
24/11/2018,0
25/11/2018,0
26/11/2018,0
27/11/2018,0
28/11/2018,0
29/11/2018,0
30/11/2018,0
01/12/2018,34323
02/12/2018,34323
03/12/2018,34323
04/12/2018,34323
05/12/2018,34323
06/12/2018,34323
07/12/2018,34323
08/12/2018,34323
09/12/2018,34323
10/12/2018,34323
11/12/2018,34323
12/12/2018,34323
13/12/2018,34323
14/12/2018,34323
15/12/2018,34323
16/12/2018,34323
17/12/2018,34323
18/12/2018,34323
19/12/2018,34323
20/12/2018,34323
21/12/2018,34323
22/12/2018,34323
23/12/2018,34323
24/12/2018,34323
25/12/2018,34323
26/12/2018,34323
27/12/2018,34323
28/12/2018,34323
29/12/2018,34323
30/12/2018,34323
01/01/2019,109045
02/01/2019,109045
03/01/2019,109045
04/01/2019,109045
05/01/2019,109045
06/01/2019,109045
07/01/2019,109045
08/01/2019,109045
09/01/2019,109045
10/01/2019,109045
11/01/2019,109045
12/01/2019,109045
13/01/2019,109045
14/01/2019,109045
15/01/2019,109045
16/01/2019,109045
17/01/2019,109045
18/01/2019,109045
19/01/2019,109045
20/01/2019,109045
21/01/2019,109045
22/01/2019,109045
23/01/2019,109045
24/01/2019,109045
25/01/2019,109045
26/01/2019,109045
27/01/2019,109045
28/01/2019,109045
29/01/2019,109045
30/01/2019,109045
31/01/2019,109045
01/02/2019,97452
02/02/2019,97452
03/02/2019,97452
04/02/2019,97452
05/02/2019,97452
06/02/2019,97452
07/02/2019,97452
08/02/2019,97452
09/02/2019,97452
10/02/2019,97452
11/02/2019,97452
12/02/2019,97452
13/02/2019,97452
14/02/2019,97452
15/02/2019,97452
16/02/2019,97452
17/02/2019,97452
18/02/2019,97452
19/02/2019,97452
20/02/2019,97452
21/02/2019,97452
22/02/2019,97452
23/02/2019,97452
24/02/2019,97452
25/02/2019,97452
26/02/2019,97452
27/02/2019,97452
28/02/2019,97452
01/03/2019,92802
02/03/2019,92802
03/03/2019,92802
04/03/2019,92802
05/03/2019,92802
06/03/2019,92802
07/03/2019,92802
08/03/2019,92802
09/03/2019,92802
10/03/2019,92802
11/03/2019,92802
12/03/2019,92802
13/03/2019,92802
14/03/2019,92802
15/03/2019,92802
16/03/2019,92802
17/03/2019,92802
18/03/2019,92802
19/03/2019,92802
20/03/2019,92802
21/03/2019,92802
22/03/2019,92802
23/03/2019,92802
24/03/2019,92802
25/03/2019,92802
26/03/2019,92802
27/03/2019,92802
28/03/2019,92802
29/03/2019,92802
30/03/2019,92802
31/03/2019,92802
01/04/2019,106461
02/04/2019,106461
03/04/2019,106461
04/04/2019,106461
05/04/2019,106461
06/04/2019,106461
07/04/2019,106461
08/04/2019,106461
09/04/2019,106461
10/04/2019,106461
11/04/2019,106461
12/04/2019,106461
13/04/2019,106461
14/04/2019,106461
15/04/2019,106461
16/04/2019,106461
17/04/2019,106461
18/04/2019,106461
19/04/2019,106461
20/04/2019,106461
21/04/2019,106461
22/04/2019,106461
23/04/2019,106461
24/04/2019,106461
25/04/2019,106461
26/04/2019,106461
27/04/2019,106461
28/04/2019,106461
29/04/2019,106461
01/05/2019,165081
02/05/2019,165081
03/05/2019,165081
04/05/2019,165081
05/05/2019,165081
06/05/2019,165081
07/05/2019,165081
08/05/2019,165081
09/05/2019,165081
10/05/2019,165081
11/05/2019,165081
12/05/2019,165081
13/05/2019,165081
14/05/2019,165081
15/05/2019,165081
16/05/2019,165081
17/05/2019,165081
18/05/2019,165081
19/05/2019,165081
20/05/2019,165081
21/05/2019,165081
22/05/2019,165081
23/05/2019,165081
24/05/2019,165081
25/05/2019,165081
26/05/2019,165081
27/05/2019,165081
28/05/2019,165081
29/05/2019,165081
01/07/2019,0
02/07/2019,0
03/07/2019,0
04/07/2019,0
05/07/2019,0
06/07/2019,0
07/07/2019,0
08/07/2019,0
09/07/2019,0
10/07/2019,0
11/07/2019,0
12/07/2019,0
13/07/2019,0
14/07/2019,0
15/07/2019,0
16/07/2019,0
17/07/2019,0
18/07/2019,0
19/07/2019,0
20/07/2019,0
21/07/2019,0
22/07/2019,0
23/07/2019,0
24/07/2019,0
25/07/2019,0
26/07/2019,0
27/07/2019,0
28/07/2019,0
29/07/2019,0
30/07/2019,0
31/07/2019,0
01/08/2019,0
02/08/2019,0
03/08/2019,0
04/08/2019,0
05/08/2019,0
06/08/2019,0
07/08/2019,0
08/08/2019,0
09/08/2019,0
10/08/2019,0
11/08/2019,0
12/08/2019,0
13/08/2019,0
14/08/2019,0
15/08/2019,0
16/08/2019,0
17/08/2019,0
18/08/2019,0
19/08/2019,0
20/08/2019,0
21/08/2019,0
22/08/2019,0
23/08/2019,0
24/08/2019,0
25/08/2019,0
26/08/2019,0
27/08/2019,0
28/08/2019,0
29/08/2019,0
30/08/2019,0
31/08/2019,0
01/09/2019,0
02/09/2019,0
03/09/2019,0
04/09/2019,0
05/09/2019,0
06/09/2019,0
07/09/2019,0
08/09/2019,0
09/09/2019,0
10/09/2019,0
11/09/2019,0
12/09/2019,0
13/09/2019,0
14/09/2019,0
15/09/2019,0
16/09/2019,0
17/09/2019,0
18/09/2019,0
19/09/2019,0
20/09/2019,0
21/09/2019,0
22/09/2019,0
23/09/2019,0
24/09/2019,0
25/09/2019,0
26/09/2019,0
27/09/2019,0
28/09/2019,0
29/09/2019,0
30/09/2019,0
01/10/2019,0
02/10/2019,0
03/10/2019,0
04/10/2019,0
05/10/2019,0
06/10/2019,0
07/10/2019,0
08/10/2019,0
09/10/2019,0
10/10/2019,0
11/10/2019,0
12/10/2019,0
13/10/2019,0
14/10/2019,0
15/10/2019,0
16/10/2019,0
17/10/2019,0
18/10/2019,0
19/10/2019,0
20/10/2019,0
21/10/2019,0
22/10/2019,0
23/10/2019,0
24/10/2019,0
25/10/2019,0
26/10/2019,0
27/10/2019,0
28/10/2019,0
29/10/2019,0
30/10/2019,0
31/10/2019,0
01/11/2019,0
02/11/2019,0
03/11/2019,0
04/11/2019,0
05/11/2019,0
06/11/2019,0
07/11/2019,0
08/11/2019,0
09/11/2019,0
10/11/2019,0
11/11/2019,0
12/11/2019,0
13/11/2019,0
14/11/2019,0
15/11/2019,0
16/11/2019,0
17/11/2019,0
18/11/2019,0
19/11/2019,0
20/11/2019,0
21/11/2019,0
22/11/2019,0
23/11/2019,0
24/11/2019,0
25/11/2019,0
26/11/2019,0
27/11/2019,0
28/11/2019,0
29/11/2019,0
30/11/2019,0
01/12/2019,26858
02/12/2019,26858
03/12/2019,26858
04/12/2019,26858
05/12/2019,26858
06/12/2019,26858
07/12/2019,26858
08/12/2019,26858
09/12/2019,26858
10/12/2019,26858
11/12/2019,26858
12/12/2019,26858
13/12/2019,26858
14/12/2019,26858
15/12/2019,26858
16/12/2019,26858
17/12/2019,26858
18/12/2019,26858
19/12/2019,26858
20/12/2019,26858
21/12/2019,26858
22/12/2019,26858
23/12/2019,26858
24/12/2019,26858
25/12/2019,26858
26/12/2019,26858
27/12/2019,26858
28/12/2019,26858
29/12/2019,26858
30/12/2019,26858
31/12/2019,26858
01/01/2020,115036
02/01/2020,115036
03/01/2020,115036
04/01/2020,115036
05/01/2020,115036
06/01/2020,115036
07/01/2020,115036
08/01/2020,115036
09/01/2020,115036
10/01/2020,115036
11/01/2020,115036
12/01/2020,115036
13/01/2020,115036
14/01/2020,115036
15/01/2020,115036
16/01/2020,115036
17/01/2020,115036
18/01/2020,115036
19/01/2020,115036
20/01/2020,115036
21/01/2020,115036
22/01/2020,115036
23/01/2020,115036
24/01/2020,115036
25/01/2020,115036
26/01/2020,115036
27/01/2020,115036
28/01/2020,115036
29/01/2020,115036
30/01/2020,115036
31/01/2020,115036
01/02/2020,100042
02/02/2020,100042
03/02/2020,100042
04/02/2020,100042
05/02/2020,100042
06/02/2020,100042
07/02/2020,100042
08/02/2020,100042
09/02/2020,100042
10/02/2020,100042
11/02/2020,100042
12/02/2020,100042
13/02/2020,100042
14/02/2020,100042
15/02/2020,100042
16/02/2020,100042
17/02/2020,100042
18/02/2020,100042
19/02/2020,100042
20/02/2020,100042
21/02/2020,100042
22/02/2020,100042
23/02/2020,100042
24/02/2020,100042
01/03/2020,136142
02/03/2020,136142
03/03/2020,136142
04/03/2020,136142
05/03/2020,136142
06/03/2020,136142
07/03/2020,136142
08/03/2020,136142
09/03/2020,136142
10/03/2020,136142
11/03/2020,136142
12/03/2020,136142
13/03/2020,136142
14/03/2020,136142
15/03/2020,136142
16/03/2020,136142
17/03/2020,136142
18/03/2020,136142
19/03/2020,136142
20/03/2020,136142
21/03/2020,136142
22/03/2020,136142
23/03/2020,136142
24/03/2020,136142
25/03/2020,136142
26/03/2020,136142
27/03/2020,136142
28/03/2020,136142
29/03/2020,136142
30/03/2020,136142
31/03/2020,136142
01/04/2020,212154
02/04/2020,212154
03/04/2020,212154
04/04/2020,212154
05/04/2020,212154
06/04/2020,212154
07/04/2020,212154
08/04/2020,212154
09/04/2020,212154
10/04/2020,212154
11/04/2020,212154
12/04/2020,212154
13/04/2020,212154
14/04/2020,212154
15/04/2020,212154
16/04/2020,212154
17/04/2020,212154
18/04/2020,212154
19/04/2020,212154
20/04/2020,212154
21/04/2020,212154
22/04/2020,212154
23/04/2020,212154
24/04/2020,212154
25/04/2020,212154
26/04/2020,212154
27/04/2020,212154
28/04/2020,212154
29/04/2020,212154
30/04/2020,212154
01/05/2020,182338
02/05/2020,182338
03/05/2020,182338
04/05/2020,182338
05/05/2020,182338
06/05/2020,182338
07/05/2020,182338
08/05/2020,182338
09/05/2020,182338
10/05/2020,182338
11/05/2020,182338
12/05/2020,182338
13/05/2020,182338
14/05/2020,182338
15/05/2020,182338
16/05/2020,182338
17/05/2020,182338
18/05/2020,182338
19/05/2020,182338
20/05/2020,182338
22/05/2020,182338
23/05/2020,182338
24/05/2020,182338
25/05/2020,182338
26/05/2020,182338
27/05/2020,182338
28/05/2020,182338
29/05/2020,182338
01/06/2020,97261
02/06/2020,97261
03/06/2020,97261
04/06/2020,97261
05/06/2020,97261
06/06/2020,97261
07/06/2020,97261
08/06/2020,97261
09/06/2020,97261
10/06/2020,97261
11/06/2020,97261
12/06/2020,97261
13/06/2020,97261
14/06/2020,97261
15/06/2020,97261
16/06/2020,97261
17/06/2020,97261
18/06/2020,97261
19/06/2020,97261
20/06/2020,97261
21/06/2020,97261
22/06/2020,97261
23/06/2020,97261
24/06/2020,97261
25/06/2020,97261
26/06/2020,97261
27/06/2020,97261
28/06/2020,97261
29/06/2020,97261
30/06/2020,97261
01/07/2020,69000
02/07/2020,69000
03/07/2020,69000
04/07/2020,69000
05/07/2020,69000
06/07/2020,69000
07/07/2020,69000
08/07/2020,69000
09/07/2020,69000
10/07/2020,69000
11/07/2020,69000
12/07/2020,69000
01/08/2020,0
02/08/2020,0
03/08/2020,0
04/08/2020,0
05/08/2020,0
06/08/2020,0
07/08/2020,0
08/08/2020,0
09/08/2020,0
10/08/2020,0
11/08/2020,0
12/08/2020,0
13/08/2020,0
14/08/2020,0
15/08/2020,0
16/08/2020,0
17/08/2020,0
18/08/2020,0
19/08/2020,0
20/08/2020,0
21/08/2020,0
22/08/2020,0
23/08/2020,0
24/08/2020,0
25/08/2020,0
26/08/2020,0
27/08/2020,0
28/08/2020,0
29/08/2020,0
30/08/2020,0
31/08/2020,0
01/09/2020,0
02/09/2020,0
03/09/2020,0
04/09/2020,0
05/09/2020,0
06/09/2020,0
07/09/2020,0
08/09/2020,0
09/09/2020,0
10/09/2020,0
11/09/2020,0
12/09/2020,0
13/09/2020,0
14/09/2020,0
15/09/2020,0
16/09/2020,0
17/09/2020,0
18/09/2020,0
19/09/2020,0
20/09/2020,0
21/09/2020,0
22/09/2020,0
23/09/2020,0
24/09/2020,0
25/09/2020,0
26/09/2020,0
27/09/2020,0
28/09/2020,0
29/09/2020,0
30/09/2020,0
01/10/2020,0
02/10/2020,0
03/10/2020,0
04/10/2020,0
05/10/2020,0
06/10/2020,0
07/10/2020,0
08/10/2020,0
09/10/2020,0
10/10/2020,0
11/10/2020,0
12/10/2020,0
13/10/2020,0
14/10/2020,0
15/10/2020,0
16/10/2020,0
17/10/2020,0
18/10/2020,0
19/10/2020,0
20/10/2020,0
21/10/2020,0
22/10/2020,0
23/10/2020,0
24/10/2020,0
25/10/2020,0
26/10/2020,0
27/10/2020,0
28/10/2020,0
29/10/2020,0
30/10/2020,0
31/10/2020,0
01/11/2020,0
02/11/2020,0
03/11/2020,0
04/11/2020,0
05/11/2020,0
06/11/2020,0
07/11/2020,0
08/11/2020,0
09/11/2020,0
10/11/2020,0
11/11/2020,0
12/11/2020,0
13/11/2020,0
14/11/2020,0
15/11/2020,0
16/11/2020,0
17/11/2020,0
18/11/2020,0
19/11/2020,0
20/11/2020,0
21/11/2020,0
22/11/2020,0
23/11/2020,0
24/11/2020,0
25/11/2020,0
26/11/2020,0
27/11/2020,0
28/11/2020,0
29/11/2020,0
30/11/2020,0
01/12/2020,24640
02/12/2020,24640
03/12/2020,24640
04/12/2020,24640
05/12/2020,24640
06/12/2020,24640
07/12/2020,24640
08/12/2020,24640
09/12/2020,24640
10/12/2020,24640
11/12/2020,24640
12/12/2020,24640
13/12/2020,24640
14/12/2020,24640
15/12/2020,24640
16/12/2020,24640
17/12/2020,24640
18/12/2020,24640
19/12/2020,24640
20/12/2020,24640
21/12/2020,24640
22/12/2020,24640
23/12/2020,24640
24/12/2020,24640
25/12/2020,24640
26/12/2020,24640
27/12/2020,24640
28/12/2020,24640
29/12/2020,24640
30/12/2020,24640
31/12/2020,24640
01/01/2021,110333
02/01/2021,110333
03/01/2021,110333
04/01/2021,110333
05/01/2021,110333
06/01/2021,110333
07/01/2021,110333
08/01/2021,110333
09/01/2021,110333
10/01/2021,110333
11/01/2021,110333
12/01/2021,110333
13/01/2021,110333
14/01/2021,110333
15/01/2021,110333
16/01/2021,110333
17/01/2021,110333
18/01/2021,110333
19/01/2021,110333
20/01/2021,110333
21/01/2021,110333
22/01/2021,110333
23/01/2021,110333
24/01/2021,110333
25/01/2021,110333
01/02/2021,30450
02/02/2021,30450
03/02/2021,30450
04/02/2021,30450
05/02/2021,30450
06/02/2021,30450
07/02/2021,30450
08/02/2021,30450
09/02/2021,30450
10/02/2021,30450
11/02/2021,30450
12/02/2021,30450
13/02/2021,30450
14/02/2021,30450
15/02/2021,30450
16/02/2021,30450
17/02/2021,30450
18/02/2021,30450
19/02/2021,30450
20/02/2021,30450
21/02/2021,30450
22/02/2021,30450
23/02/2021,30450
24/02/2021,30450
25/02/2021,30450
26/02/2021,30450
27/02/2021,30450
28/02/2021,30450
01/03/2021,145767
02/03/2021,145767
03/03/2021,145767
04/03/2021,145767
05/03/2021,145767
06/03/2021,145767
07/03/2021,145767
08/03/2021,145767
09/03/2021,145767
10/03/2021,145767
11/03/2021,145767
12/03/2021,145767
13/03/2021,145767
14/03/2021,145767
15/03/2021,145767
16/03/2021,145767
17/03/2021,145767
18/03/2021,145767
19/03/2021,145767
20/03/2021,145767
21/03/2021,145767
22/03/2021,145767
23/03/2021,145767
24/03/2021,145767
25/03/2021,145767
26/03/2021,145767
27/03/2021,145767
28/03/2021,145767
29/03/2021,145767
31/03/2021,145767
01/04/2021,195546
02/04/2021,195546
03/04/2021,195546
04/04/2021,195546
05/04/2021,195546
06/04/2021,195546
07/04/2021,195546
08/04/2021,195546
09/04/2021,195546
10/04/2021,195546
11/04/2021,195546
12/04/2021,195546
13/04/2021,195546
14/04/2021,195546
15/04/2021,195546
16/04/2021,195546
17/04/2021,195546
18/04/2021,195546
19/04/2021,195546
20/04/2021,195546
21/04/2021,195546
22/04/2021,195546
23/04/2021,195546
24/04/2021,195546
25/04/2021,195546
26/04/2021,195546
27/04/2021,195546
28/04/2021,195546
29/04/2021,195546
30/04/2021,195546
01/05/2021,68313
02/05/2021,68313
03/05/2021,180112
05/05/2021,24816
06/05/2021,24080
07/05/2021,23088
08/05/2021,22608
09/05/2021,22304
10/05/2021,22352
11/05/2021,27776
12/05/2021,43712
13/05/2021,40368
14/05/2021,57536
15/05/2021,37184
16/05/2021,63520
17/05/2021,61712
18/05/2021,40080
19/05/2021,19264
20/05/2021,40064
21/05/2021,20384
22/05/2021,15632
23/05/2021,16672
24/05/2021,16736
25/05/2021,15264
26/05/2021,14192
27/05/2021,14240
28/05/2021,13968
29/05/2021,14000
30/05/2021,13968
31/05/2021,13856
01/06/2021,13280
02/06/2021,14752
03/06/2021,14592
04/06/2021,13376
05/06/2021,14080
06/06/2021,14976
07/06/2021,15184
08/06/2021,15440
09/06/2021,15664
10/06/2021,15568
11/06/2021,15728
12/06/2021,15984
13/06/2021,15632
14/06/2021,15648
15/06/2021,12320
16/06/2021,15120
17/06/2021,14944
18/06/2021,14784
19/06/2021,14832
20/06/2021,14752
21/06/2021,14768
22/06/2021,14944
23/06/2021,14576
24/06/2021,9104
25/06/2021,9104
26/06/2021,9104
27/06/2021,14320
28/06/2021,14480
29/06/2021,8608
30/06/2021,8608
01/07/2021,8608
02/07/2021,14320
03/07/2021,14400
04/07/2021,14528
05/07/2021,14560
06/07/2021,14464
07/07/2021,12592
08/07/2021,10704
09/07/2021,13424
10/07/2021,14512
11/07/2021,14512
12/07/2021,14400
13/07/2021,14400
14/07/2021,14624
15/07/2021,14640
16/07/2021,14736
17/07/2021,14928
18/07/2021,14944
19/07/2021,14928
20/07/2021,14160
21/07/2021,14736
22/07/2021,11568
23/07/2021,9920
24/07/2021,9856
25/07/2021,9504
26/07/2021,9424
27/07/2021,9296
28/07/2021,9168
29/07/2021,9184
30/07/2021,10624
31/07/2021,11104
01/08/2021,15456
02/08/2021,15840
03/08/2021,16240
04/08/2021,15792
05/08/2021,15520
06/08/2021,15584
07/08/2021,15968
08/08/2021,16064
09/08/2021,16080
10/08/2021,16256
11/08/2021,16384
12/08/2021,16256
13/08/2021,16240
14/08/2021,16048
15/08/2021,15808
16/08/2021,15984
17/08/2021,16048
18/08/2021,16272
19/08/2021,17248
20/08/2021,17312
21/08/2021,17328
22/08/2021,17040
23/08/2021,16352
24/08/2021,14160
25/08/2021,14464
26/08/2021,15968
27/08/2021,17152
28/08/2021,17008
29/08/2021,16736
30/08/2021,16672
31/08/2021,16528
01/09/2021,16160
02/09/2021,16048
03/09/2021,16224
04/09/2021,16096
05/09/2021,16032
06/09/2021,16016
07/09/2021,16192
08/09/2021,16288
09/09/2021,16368
10/09/2021,16320
11/09/2021,16608
12/09/2021,16368
13/09/2021,16176
14/09/2021,16048
15/09/2021,16240
16/09/2021,16208
17/09/2021,16176
18/09/2021,16256
19/09/2021,16416
20/09/2021,16384
21/09/2021,16288
22/09/2021,16416
23/09/2021,16640
24/09/2021,16512
25/09/2021,16528
26/09/2021,16352
27/09/2021,16352
28/09/2021,16848
29/09/2021,16592
30/09/2021,17136
01/10/2021,17584
02/10/2021,16784
03/10/2021,16448
04/10/2021,16320
05/10/2021,17328
06/10/2021,16272
07/10/2021,16048
08/10/2021,16496
09/10/2021,16752
10/10/2021,16656
11/10/2021,16528
12/10/2021,16800
13/10/2021,16912
14/10/2021,17168
15/10/2021,17680
16/10/2021,18240
17/10/2021,18064
18/10/2021,17808
19/10/2021,17296
20/10/2021,15888
21/10/2021,6880
22/10/2021,3248
23/10/2021,10880
24/10/2021,14784
25/10/2021,14752
26/10/2021,14880
27/10/2021,14688
28/10/2021,14560
29/10/2021,13824
30/10/2021,13120
31/10/2021,14352
01/11/2021,14368
02/11/2021,14480
03/11/2021,14704
04/11/2021,14704
05/11/2021,14992
06/11/2021,14848
07/11/2021,14560
08/11/2021,14464
09/11/2021,14512
10/11/2021,14480
11/11/2021,14528
12/11/2021,14496
13/11/2021,14528
14/11/2021,14384
15/11/2021,14208
16/11/2021,14192
17/11/2021,14128
18/11/2021,14224
19/11/2021,14160
20/11/2021,14368
21/11/2021,14384
22/11/2021,14528
23/11/2021,14352
24/11/2021,15696
25/11/2021,16384
26/11/2021,16368
27/11/2021,16288
28/11/2021,16160
29/11/2021,15904
30/11/2021,16112
01/12/2021,16640
02/12/2021,17088
03/12/2021,18848
04/12/2021,18304
05/12/2021,18176
06/12/2021,18672
07/12/2021,28672
08/12/2021,48016
09/12/2021,38496
10/12/2021,106320
11/12/2021,105424
12/12/2021,96000
13/12/2021,120688
14/12/2021,115872
15/12/2021,132992
16/12/2021,156640
17/12/2021,154048
18/12/2021,153696
19/12/2021,152784
20/12/2021,153408
21/12/2021,154192
22/12/2021,172336
23/12/2021,209072
24/12/2021,118208
25/12/2021,225886
26/12/2021,224539
27/12/2021,223931
28/12/2021,223233
29/12/2021,223178
30/12/2021,210096
31/12/2021,205760
01/01/2022,213072
02/01/2022,211744
03/01/2022,212576
04/01/2022,161824
05/01/2022,209424
06/01/2022,208416
07/01/2022,204976
08/01/2022,204432
09/01/2022,207088
10/01/2022,205680
11/01/2022,207968
12/01/2022,209536
13/01/2022,211776
14/01/2022,210176
15/01/2022,206896
16/01/2022,206544
17/01/2022,203872
18/01/2022,203920
19/01/2022,202080
20/01/2022,171424
21/01/2022,199952
22/01/2022,209584
23/01/2022,211808
24/01/2022,212304
25/01/2022,208416
26/01/2022,209072
27/01/2022,192656
28/01/2022,209696
29/01/2022,209584
30/01/2022,210400
31/01/2022,209840
01/02/2022,206288
02/02/2022,206016
03/02/2022,211808
04/02/2022,211504
05/02/2022,212640
06/02/2022,213712
07/02/2022,213120
08/02/2022,213920
09/02/2022,214000
10/02/2022,212496
11/02/2022,209792
12/02/2022,209312
13/02/2022,208352
14/02/2022,209744
15/02/2022,201664
16/02/2022,205680
17/02/2022,208000
18/02/2022,212912
19/02/2022,213808
20/02/2022,211456
21/02/2022,149808
22/02/2022,163920
23/02/2022,221952
24/02/2022,225424
25/02/2022,223296
26/02/2022,223056
27/02/2022,225808
28/02/2022,222800
01/03/2022,224208
02/03/2022,218560
03/03/2022,216992
04/03/2022,215952
05/03/2022,209008
06/03/2022,211056
07/03/2022,215472
08/03/2022,209872
09/03/2022,204016
10/03/2022,207952
11/03/2022,211264
12/03/2022,209920
13/03/2022,209008
15/03/2022,21840
16/03/2022,194528
17/03/2022,212464
18/03/2022,208912
19/03/2022,207696
20/03/2022,213104
21/03/2022,213216
22/03/2022,213616
23/03/2022,213792
24/03/2022,213952
25/03/2022,220336
26/03/2022,219632
27/03/2022,212384
28/03/2022,215632
29/03/2022,216864
30/03/2022,214480
31/03/2022,215328
01/04/2022,209936
02/04/2022,218480
03/04/2022,217808
04/04/2022,217952
05/04/2022,216896
06/04/2022,216672
07/04/2022,218752
08/04/2022,221600
09/04/2022,221600
10/04/2022,221600
11/04/2022,218240
12/04/2022,214512
13/04/2022,213280
14/04/2022,186224
15/04/2022,104784
16/04/2022,100672
17/04/2022,110576
18/04/2022,107376
19/04/2022,89152
20/04/2022,93760
21/04/2022,96704
22/04/2022,94432
23/04/2022,92336
24/04/2022,90992
25/04/2022,91440
26/04/2022,91232
27/04/2022,90672
28/04/2022,101200
29/04/2022,129920
30/04/2022,179872
01/05/2022,208336
02/05/2022,208512
03/05/2022,212896
04/05/2022,214576
05/05/2022,214544
06/05/2022,212192
07/05/2022,214656
08/05/2022,214576
09/05/2022,214160
10/05/2022,214240
11/05/2022,218288
12/05/2022,217744
13/05/2022,209744
14/05/2022,213760
15/05/2022,218960
16/05/2022,220032
17/05/2022,222336
18/05/2022,214384
19/05/2022,222176
20/05/2022,222304
21/05/2022,222832
22/05/2022,220752
23/05/2022,215824
24/05/2022,216384
25/05/2022,218336
26/05/2022,217536
27/05/2022,215728
28/05/2022,216992
29/05/2022,219568
30/05/2022,221200
31/05/2022,220880
01/06/2022,218416
02/06/2022,222480
03/06/2022,221616
04/06/2022,222624
05/06/2022,193456
06/06/2022,169712
07/06/2022,167328
08/06/2022,168416
09/06/2022,169632
10/06/2022,171440
11/06/2022,171024
12/06/2022,150896
13/06/2022,121600
14/06/2022,119904
15/06/2022,120848
16/06/2022,119584
17/06/2022,66832
18/06/2022,17600
19/06/2022,17744
20/06/2022,17600
21/06/2022,16656
22/06/2022,14512
23/06/2022,14912
24/06/2022,15488
25/06/2022,13616
26/06/2022,12720
27/06/2022,12800
28/06/2022,14224
29/06/2022,14896
30/06/2022,15072
01/07/2022,14336
02/07/2022,13520
03/07/2022,13008
04/07/2022,12816
05/07/2022,12784
06/07/2022,14352
07/07/2022,14912
08/07/2022,14464
09/07/2022,13792
10/07/2022,12832
11/07/2022,13040
12/07/2022,13232
13/07/2022,12128
14/07/2022,11808
15/07/2022,11152
16/07/2022,10928
17/07/2022,11136
18/07/2022,11152
19/07/2022,11408
20/07/2022,11504
21/07/2022,11552
22/07/2022,11456
23/07/2022,11616
24/07/2022,11408
25/07/2022,11552
26/07/2022,13312
27/07/2022,13488
28/07/2022,13136
29/07/2022,13456
30/07/2022,13248
31/07/2022,11968
01/08/2022,12000
02/08/2022,12112
03/08/2022,11952
04/08/2022,11776
05/08/2022,11680
06/08/2022,11512
07/08/2022,11488
08/08/2022,11424
09/08/2022,11312
10/08/2022,11200
11/08/2022,11296
12/08/2022,11280
13/08/2022,11328
14/08/2022,11168
15/08/2022,11120
16/08/2022,11056
17/08/2022,11152
18/08/2022,11120
19/08/2022,11104
20/08/2022,11008
21/08/2022,11072
22/08/2022,11152
23/08/2022,11264
24/08/2022,11248
25/08/2022,11280
26/08/2022,11456
27/08/2022,11184
28/08/2022,11184
29/08/2022,11168
30/08/2022,4320
31/08/2022,272
01/09/2022,16
02/09/2022,992
03/09/2022,7776
04/09/2022,11040
05/09/2022,11392
06/09/2022,11472
08/09/2022,10816
09/09/2022,10736
10/09/2022,11184
11/09/2022,11200
12/09/2022,11344
13/09/2022,11952
14/09/2022,12320
15/09/2022,12384
16/09/2022,12416
17/09/2022,12272
18/09/2022,12080
19/09/2022,12016
20/09/2022,13408
21/09/2022,14224
22/09/2022,13776
23/09/2022,15168
24/09/2022,15440
25/09/2022,15168
26/09/2022,15056
27/09/2022,9264
28/09/2022,576
29/09/2022,0
30/09/2022,0
01/10/2022,6304
02/10/2022,10864
03/10/2022,10944
04/10/2022,10800
05/10/2022,10720
06/10/2022,10992
07/10/2022,11168
08/10/2022,11120
09/10/2022,11104
10/10/2022,10912
11/10/2022,12784
12/10/2022,14384
13/10/2022,15232
14/10/2022,12928
15/10/2022,13536
16/10/2022,15216
17/10/2022,15216
18/10/2022,15200
19/10/2022,16064
20/10/2022,15488
21/10/2022,14944
22/10/2022,14480
23/10/2022,14320
24/10/2022,14544
25/10/2022,16272
26/10/2022,17616
27/10/2022,19344
28/10/2022,19808
29/10/2022,20128
30/10/2022,20384
31/10/2022,20528
01/11/2022,20240
02/11/2022,20368
03/11/2022,20640
04/11/2022,20752
05/11/2022,20608
06/11/2022,20736
07/11/2022,20864
08/11/2022,20528
09/11/2022,20400
10/11/2022,20352
11/11/2022,20384
12/11/2022,20336
13/11/2022,18496
14/11/2022,19440
15/11/2022,19520
16/11/2022,50512
17/11/2022,96032
18/11/2022,105968
19/11/2022,136144
20/11/2022,145024
21/11/2022,148720
22/11/2022,148976
23/11/2022,149696
24/11/2022,147600
25/11/2022,164288
26/11/2022,167088
27/11/2022,165328
28/11/2022,165376
29/11/2022,164560
30/11/2022,186976
01/12/2022,212624
02/12/2022,212704
03/12/2022,210480
04/12/2022,209872
05/12/2022,210064
06/12/2022,210352
07/12/2022,208768
08/12/2022,209216
09/12/2022,210720
10/12/2022,212512
11/12/2022,211776
12/12/2022,211232
13/12/2022,210208
14/12/2022,209168
15/12/2022,207936
16/12/2022,192288
17/12/2022,205232
18/12/2022,204880
19/12/2022,204208
20/12/2022,204864
21/12/2022,202800
22/12/2022,207808
23/12/2022,209008
24/12/2022,205264
25/12/2022,95984
26/12/2022,164256
27/12/2022,197200
28/12/2022,191984
29/12/2022,138736
30/12/2022,151584
31/12/2022,205328
01/01/2023,205456
02/01/2023,208528
03/01/2023,86848
04/01/2023,17936
05/01/2023,122160
06/01/2023,201696
07/01/2023,200160
08/01/2023,197440
09/01/2023,193504
10/01/2023,193136
11/01/2023,197728
12/01/2023,196768
13/01/2023,194608
14/01/2023,196720
15/01/2023,194080
16/01/2023,203616
17/01/2023,202848
18/01/2023,211456
19/01/2023,202336
20/01/2023,197312
21/01/2023,202608
22/01/2023,204864
23/01/2023,197504
24/01/2023,201712
25/01/2023,124176
26/01/2023,224145
27/01/2023,230854
28/01/2023,228601
29/01/2023,200016
30/01/2023,201584
31/01/2023,206720
01/02/2023,204384
02/02/2023,206176
03/02/2023,208592
04/02/2023,207040
05/02/2023,204432
06/02/2023,203824
07/02/2023,213616
08/02/2023,173104
09/02/2023,210768
10/02/2023,211488
11/02/2023,211536
12/02/2023,211168
13/02/2023,210768
14/02/2023,210912
15/02/2023,119712
16/02/2023,259874
17/02/2023,254494
18/02/2023,205568
19/02/2023,206880
20/02/2023,212208
21/02/2023,212304
22/02/2023,207664
23/02/2023,191744
24/02/2023,210624
25/02/2023,210624
26/02/2023,214944
27/02/2023,214768
28/02/2023,212304
01/03/2023,218096
02/03/2023,220320
03/03/2023,214368
04/03/2023,224672
05/03/2023,195344
06/03/2023,178032
07/03/2023,172464
08/03/2023,173040
09/03/2023,173744
10/03/2023,173984
11/03/2023,171520
12/03/2023,142032
13/03/2023,120832
14/03/2023,120320
15/03/2023,120416
16/03/2023,119280
17/03/2023,117136
18/03/2023,115616
19/03/2023,84608
20/03/2023,67872
21/03/2023,32240
22/03/2023,14240
23/03/2023,14064
24/03/2023,14080
25/03/2023,14064
26/03/2023,12304
27/03/2023,11872
28/03/2023,13872
29/03/2023,14688
30/03/2023,14608
31/03/2023,13648
01/04/2023,13376
02/04/2023,11840
03/04/2023,11888
04/04/2023,11344
05/04/2023,6144
06/04/2023,0
07/04/2023,0
08/04/2023,0
09/04/2023,0
10/04/2023,0
11/04/2023,0
12/04/2023,0
13/04/2023,0
14/04/2023,0
15/04/2023,0
16/04/2023,0
17/04/2023,0
18/04/2023,0
22/04/2023,10320
23/04/2023,10304
24/04/2023,10368
25/04/2023,10576
26/04/2023,11216
27/04/2023,11744
28/04/2023,12032
29/04/2023,12160
30/04/2023,12176
01/05/2023,12032
02/05/2023,11968
03/05/2023,12000
04/05/2023,12032
05/05/2023,12080
06/05/2023,11968
07/05/2023,12080
08/05/2023,12048
09/05/2023,11888
10/05/2023,11728
11/05/2023,11984
12/05/2023,12480
13/05/2023,12320
14/05/2023,12192
15/05/2023,12176
16/05/2023,12272
17/05/2023,12304
18/05/2023,12384
19/05/2023,12336
20/05/2023,12336
21/05/2023,12320
22/05/2023,12352
23/05/2023,12464
24/05/2023,12208
25/05/2023,12112
26/05/2023,11792
27/05/2023,12096
28/05/2023,12032
29/05/2023,12160
30/05/2023,12304
