Date,"Maximum Raw,NTU","Maximum Settled,.NTU","Maximum Combined Filtered.
Turbiditv, NTU"
2017-01-01,1.81,3.71,0.02
2017-01-02,2.01,4.16,0.02
2017-01-03,1.27,3.41,0.02
2017-01-04,3.08,3.32,0.02
2017-01-05,3.12,3.54,0.02
2017-01-06,1.52,9.11,0.02
2017-01-07,1.83,2.99,0.02
2017-01-08,3.75,3.82,0.02
2017-01-09,3.75,3.46,0.02
2017-01-10,3.38,4.83,0.02
2017-01-11,2.55,2.89,0.03
2017-01-12,2.12,2.73,0.02
2017-01-13,1.25,2.56,0.02
2017-01-14,2.85,3.10,0.03
2017-01-15,1.44,2.43,0.02
2017-01-16,2.40,2.55,0.02
2017-01-17,1.18,2.52,0.02
2017-01-18,1.03,2.46,0.02
2017-01-19,1.05,2.41,0.02
2017-01-20,1.40,2.80,0.02
2017-01-21,1.21,2.51,0.02
2017-01-22,1.28,3.39,0.02
2017-01-23,3.58,4.54,0.03
2017-01-24,2.86,3.96,0.02
2017-01-25,3.74,5.93,0.02
2017-01-26,2.08,5.39,0.02
2017-01-27,2.15,6.97,0.02
2017-01-28,2.58,5.91,0.02
2017-01-29,3.49,3.92,0.02
2017-01-30,1.98,3.95,0.02
2017-01-31,1.25,5.07,0.02
2017-02-01,2.85,3.84,0.02
2017-02-02,2.19,3.57,0.02
2017-02-03,2.19,15.19,0.02
2017-02-04,0.99,13.97,0.02
2017-02-05,1.26,13.65,0.02
2017-02-06,1.42,3.61,0.02
2017-02-07,1.83,11.00,0.02
2017-02-08,1.85,6.92,0.02
2017-02-09,1.28,3.97,0.02
2017-02-10,1.37,5.16,0.03
2017-02-11,1.44,4.39,0.02
2017-02-12,1.15,4.38,0.02
2017-02-13,1.10,3.62,0.02
2017-02-14,1.19,3.18,0.02
2017-02-15,1.16,3.56,0.02
2017-02-16,2.57,3.76,0.02
2017-02-17,2.04,4.18,0.02
2017-02-18,2.04,3.70,0.02
2017-02-19,2.11,3.24,0.02
2017-02-20,2.65,3.24,0.02
2017-02-21,3.64,3.23,0.02
2017-02-22,2.36,2.94,0.02
2017-02-23,2.70,9.45,0.02
2017-02-24,2.33,3.31,0.02
2017-02-25,1.77,2.79,0.02
2017-02-26,2.46,2.85,0.02
2017-02-27,1.96,3.14,0.02
2017-02-28,1.83,3.22,0.02
2017-03-01,2.51,2.52,0.02
2017-03-02,2.01,2.93,0.02
2017-03-03,2.00,3.02,0.02
2017-03-04,1.93,2.73,0.02
2017-03-05,2.12,7.04,0.02
2017-03-06,2.06,2.85,0.02
2017-03-07,2.13,3.00,0.02
2017-03-08,2.72,3.09,0.02
2017-03-09,2.43,2.60,0.03
2017-03-10,2.49,2.54,0.02
2017-03-11,3.31,2.75,0.02
2017-03-12,2.72,2.45,0.02
2017-03-13,3.04,2.51,0.02
2017-03-14,2.91,2.82,0.02
2017-03-15,2.97,3.36,0.02
2017-03-16,3.01,3.12,0.02
2017-03-17,4.60,2.53,0.02
2017-03-18,2.14,2.23,0.02
2017-03-19,1.44,2.32,0.02
2017-03-20,0.90,1.93,0.02
2017-03-21,0.72,1.85,0.02
2017-03-22,0.93,1.73,0.02
2017-03-23,3.23,2.34,0.02
2017-03-24,2.10,1.81,0.02
2017-03-25,0.51,1.59,0.02
2017-03-26,0.69,1.89,0.02
2017-03-27,1.28,4.08,0.02
2017-03-28,0.65,1.68,0.02
2017-03-29,0.59,1.84,0.02
2017-03-30,0.62,1.54,0.02
2017-04-01,1.02,1.41,0.02
2017-04-02,1.24,1.48,0.02
2017-04-03,0.74,2.05,0.02
2017-04-04,0.71,1.53,0.02
2017-04-05,0.57,1.54,0.02
2017-04-06,0.64,1.41,0.02
2017-04-07,0.77,1.39,0.02
2017-04-08,0.95,1.63,0.02
2017-04-09,0.74,1.78,0.02
2017-04-10,0.71,1.59,0.02
2017-04-11,0.70,1.76,0.02
2017-04-12,0.72,1.24,0.02
2017-04-13,0.64,1.10,0.02
2017-04-14,0.56,1.19,0.02
2017-04-15,0.70,1.03,0.02
2017-04-16,0.55,0.87,0.02
2017-04-17,0.87,0.82,0.02
2017-04-18,0.68,0.74,0.02
2017-04-19,0.58,0.78,0.02
2017-04-20,0.67,0.83,0.02
2017-04-21,1.91,0.91,0.02
2017-04-22,1.13,0.83,0.02
2017-04-23,1.15,0.80,0.02
2017-04-24,1.35,0.77,0.02
2017-04-25,1.56,2.16,0.02
2017-04-26,1.15,4.36,0.02
2017-04-27,1.18,4.09,0.02
2017-04-28,1.52,3.97,0.02
2017-04-29,1.82,4.58,0.02
2017-04-30,1.59,4.69,0.03
2017-05-01,1.65,4.73,0.02
2017-05-02,1.40,4.32,0.02
2017-05-03,1.54,4.55,0.02
2017-05-04,4.69,4.99,0.02
2017-05-05,2.28,5.57,0.02
2017-05-06,3.03,6.39,0.02
2017-05-07,1.79,4.90,0.02
2017-05-08,1.46,5.23,0.02
2017-05-09,2.13,5.05,0.02
2017-05-10,2.14,5.30,0.02
2017-05-11,7.45,5.09,0.02
2017-05-12,2.71,4.76,0.02
2017-05-13,2.81,4.89,0.02
2017-05-14,2.64,5.10,0.02
2017-05-15,2.72,6.40,0.02
2017-05-16,3.14,5.42,0.03
2017-05-17,3.40,4.83,0.02
2017-05-18,4.79,5.74,0.02
2017-05-19,5.65,9.84,0.02
2017-05-20,7.93,7.68,0.02
2017-05-21,7.19,6.70,0.02
2017-05-22,7.92,9.96,0.02
2017-05-23,8.40,8.14,0.02
2017-05-24,11.92,6.27,0.02
2017-05-25,10.94,7.99,0.02
2017-05-26,9.39,6.82,0.02
2017-05-27,5.02,5.26,0.02
2017-05-28,3.34,5.22,0.02
2017-05-29,3.29,5.60,0.02
2017-05-30,3.33,5.90,0.03
2017-05-31,1.41,4.49,
2017-06-01,3.85,5.35,
2017-06-02,2.32,6.10,
2017-06-03,,,
2017-06-04,,,
2017-06-05,,,
2017-06-06,4.00,7.63,
2017-06-07,3.42,8.23,
2017-06-08,3.44,9.36,0.02
2017-06-09,1.60,5.55,0.02
2017-06-10,1.35,4.38,0.02
2017-06-11,3.55,3.84,0.02
2017-06-12,4.44,3.98,0.02
2017-06-13,2.02,3.76,0.02
2017-06-14,2.73,3.33,0.02
2017-06-15,1.18,4.13,0.02
2017-06-16,0.92,4.71,
2017-06-17,0.87,3.95,
2017-06-18,0.91,3.02,
2017-06-19,1.30,3.02,
2017-06-20,1.35,2.97,
2017-06-21,1.39,3.21,
2017-06-22,1.45,3.09,
2017-06-23,1.87,5.43,
2017-06-24,1.37,5.25,
2017-06-25,1.49,5.45,
2017-06-26,1.18,4.63,
2017-06-27,1.01,5.31,
2017-06-28,,,
2017-06-29,,,
2017-06-30,,,
2017-07-01,,,
2017-07-02,,,
2017-07-03,,,
2017-07-04,,,
2017-07-05,,,
2017-07-06,,,
2017-07-07,,,
2017-07-08,,,
2017-07-09,,,
2017-07-10,,,
2017-07-11,,,
2017-07-12,,,
2017-07-13,,,
2017-07-14,,,
2017-07-15,,,
2017-07-16,,,
2017-07-17,,,
2017-07-18,,,
2017-07-19,,,
2017-07-20,,,
2017-07-21,,,
2017-07-22,,,
2017-07-23,,,
2017-07-24,,,
2017-07-25,,,
2017-07-26,,,
2017-07-27,,,
2017-07-28,,,
2017-07-29,,,
2017-07-30,,,
2017-07-31,,,
2017-08-01,,,
2017-08-02,,,
2017-08-03,,,
2017-08-04,,,
2017-08-05,,,
2017-08-06,,,
2017-08-07,,,
2017-08-08,,,
2017-08-09,,,
2017-08-10,,,
2017-08-11,,,
2017-08-12,,,
2017-08-13,,,
2017-08-14,,,
2017-08-15,,,
2017-08-16,,,
2017-08-17,,,
2017-08-18,,,
2017-08-19,,,
2017-08-20,,,
2017-08-21,,,
2017-08-22,,,
2017-08-23,,,
2017-08-24,,,
2017-08-25,,,
2017-08-26,,,
2017-08-27,,,
2017-08-28,,,
2017-08-29,,,
2017-08-30,,,
2017-08-31,,,
2017-09-01,,,
2017-09-02,,,
2017-09-03,,,
2017-09-04,,,
2017-09-05,,,
2017-09-06,,,
2017-09-07,,,
2017-09-08,,,
2017-09-09,,,
2017-09-10,,,
2017-09-11,,,
2017-09-12,,,
2017-09-13,,,
2017-09-14,,,
2017-09-15,,,
2017-09-16,,,
2017-09-17,,,
2017-09-18,,,
2017-09-19,,,
2017-09-20,,,
2017-09-21,,,
2017-09-22,,,
2017-09-23,,,
2017-09-24,,,
2017-09-25,,,
2017-09-26,,,
2017-09-27,,,
2017-09-28,,,
2017-09-29,,,
2017-09-30,,,
2017-10-01,,,
2017-10-02,,,
2017-10-03,3.58,,
2017-10-04,2.26,,
2017-10-05,2.43,,
2017-10-06,2.63,4.89,
2017-10-07,1.91,2.75,
2017-10-08,1.63,2.46,
2017-10-09,1.05,2.19,
2017-10-10,0.85,2.80,
2017-10-11,0.75,3.45,
2017-10-12,0.74,8.21,
2017-10-13,0.75,15.51,
2017-10-14,0.87,18.42,
2017-10-15,0.86,21.02,
2017-10-16,0.82,7.18,
2017-10-17,0.82,6.21,
2017-10-18,,,
2017-10-19,1.83,8.90,
2017-10-20,1.33,2.22,
2017-10-21,1.35,2.54,
2017-10-22,1.93,3.37,
2017-10-23,2.23,3.97,
2017-10-24,3.60,4.49,
2017-10-25,3.09,4.53,
2017-10-26,3.15,3.51,
2017-10-27,3.48,3.16,
2017-10-28,3.61,5.64,
2017-10-29,3.10,5.11,
2017-10-30,4.42,4.82,
2017-10-31,3.46,3.96,
2017-11-01,2.48,3.48,
2017-11-02,2.34,3.67,
2017-11-03,1.53,2.97,
2017-11-04,1.76,2.67,
2017-11-05,1.58,2.44,
2017-11-06,1.47,3.27,0.03
2017-11-07,1.72,3.90,0.03
2017-11-08,1.31,3.45,0.03
2017-11-09,1.03,3.05,0.03
2017-11-10,1.19,3.21,0.03
2017-11-11,1.63,3.71,0.03
2017-11-12,1.91,3.65,0.03
2017-11-13,2.41,3.69,0.03
2017-11-14,2.42,3.47,0.03
2017-11-15,3.24,6.22,0.03
2017-11-16,4.22,3.57,0.03
2017-11-17,2.57,4.11,0.03
2017-11-18,1.74,3.34,0.03
2017-11-19,1.71,3.45,0.03
2017-11-20,2.62,3.74,0.03
2017-11-21,1.57,3.49,0.03
2017-11-22,1.56,2.88,0.03
2017-11-23,1.42,3.01,0.03
2017-11-24,1.56,3.00,0.03
2017-11-25,2.65,3.02,0.03
2017-11-26,1.60,2.84,0.03
2017-11-27,2.58,3.09,0.03
2017-11-28,2.61,12.29,0.03
2017-11-29,1.35,2.65,0.03
2017-11-30,1.76,2.67,0.03
2017-12-01,1.46,2.42,0.03
2017-12-02,0.64,2.35,0.03
2017-12-03,0.72,2.64,0.03
2017-12-04,0.47,2.53,0.03
2017-12-05,0.48,2.51,0.03
2017-12-06,0.57,2.26,0.03
2017-12-07,0.92,2.38,0.04
2017-12-08,0.90,2.45,0.03
2017-12-09,1.44,2.83,0.03
2017-12-10,1.61,3.09,0.03
2017-12-11,1.45,2.88,0.03
2017-12-12,1.02,2.66,0.03
2017-12-13,1.02,3.08,0.03
2017-12-14,1.25,2.75,0.03
2017-12-15,0.94,2.50,0.03
2017-12-16,0.78,2.15,0.03
2017-12-17,0.78,1.82,0.03
2017-12-18,0.50,2.05,0.03
2017-12-19,0.45,3.46,0.03
2017-12-20,0.81,1.92,0.03
2017-12-21,0.74,1.79,0.03
2017-12-22,0.68,1.93,0.03
2017-12-23,0.65,1.90,0.03
2017-12-24,0.76,2.11,0.03
2017-12-25,0.79,1.86,0.03
2017-12-26,1.18,2.05,0.03
2017-12-27,0.87,1.96,0.03
2017-12-28,0.90,1.72,0.03
2017-12-29,0.95,1.89,0.03
2017-12-30,1.38,1.86,0.03
2017-12-31,1.51,1.80,0.03
2018-01-01,1.07,1.76,0.03
2018-01-02,1.69,1.98,0.03
2018-01-03,1.21,2.00,0.03
2018-01-04,2.69,3.76,0.03
2018-01-05,1.04,2.11,0.03
2018-01-06,1.37,1.80,0.03
2018-01-07,0.99,1.75,0.03
2018-01-08,1.98,1.79,0.03
2018-01-09,1.07,2.67,0.03
2018-01-10,0.64,1.54,0.03
2018-01-11,0.65,1.61,0.03
2018-01-12,0.78,1.60,0.03
2018-01-13,0.96,1.74,0.03
2018-01-14,0.98,1.74,0.03
2018-01-15,0.91,1.61,0.03
2018-01-16,1.92,1.66,0.03
2018-01-17,1.00,1.71,0.03
2018-01-18,0.92,1.86,0.03
2018-01-19,2.04,1.93,0.04
2018-01-20,0.90,1.71,0.03
2018-01-21,0.83,1.66,0.03
2018-01-22,0.80,1.79,0.03
2018-01-23,0.88,1.66,0.03
2018-01-24,0.89,1.57,0.03
2018-01-25,1.57,1.56,0.03
2018-01-26,0.73,1.55,0.03
2018-01-27,0.97,1.70,0.03
2018-01-28,0.95,3.42,0.04
2018-01-29,1.89,2.07,0.03
2018-01-30,2.97,1.43,0.03
2018-01-31,0.94,1.72,0.03
2018-02-01,0.76,1.93,0.03
2018-02-02,0.77,1.38,0.03
2018-02-03,0.77,1.68,0.03
2018-02-04,1.09,1.88,0.03
2018-02-05,0.51,1.51,0.03
2018-02-06,0.40,2.01,0.03
2018-02-07,0.45,1.40,0.03
2018-02-08,1.21,2.07,0.03
2018-02-09,1.31,1.55,0.03
2018-02-10,1.15,1.36,0.03
2018-02-11,1.82,2.70,0.03
2018-02-12,0.76,2.82,0.03
2018-02-13,0.87,2.72,0.03
2018-02-14,0.87,2.80,0.03
2018-02-15,0.74,2.77,0.03
2018-02-16,0.85,2.51,0.03
2018-02-17,0.69,2.37,0.03
2018-02-18,0.61,2.44,0.03
2018-02-19,0.93,2.49,0.03
2018-02-20,0.87,2.67,0.03
2018-02-21,3.60,1.48,0.03
2018-02-22,2.58,1.46,0.03
2018-02-23,2.90,1.40,0.03
2018-02-24,1.05,1.52,0.03
2018-02-25,0.81,1.44,0.03
2018-02-26,0.56,2.21,0.03
2018-02-27,0.46,1.02,0.03
2018-02-28,0.41,0.92,0.03
2018-03-01,,,
2018-03-02,,,
2018-03-03,,,
2018-03-04,,,
2018-03-05,0.06,,
2018-03-06,,,
2018-03-07,,,
2018-03-08,,,
2018-03-09,,,
2018-03-10,,,
2018-03-11,,,
2018-03-12,4.03,1.77,
2018-03-13,2.92,1.47,0.08
2018-03-14,4.97,1.88,0.03
2018-03-15,2.43,1.58,0.03
2018-03-16,1.81,1.92,0.03
2018-03-17,1.74,2.02,0.03
2018-03-18,1.74,1.66,0.03
2018-03-19,1.38,1.45,0.03
2018-03-20,1.61,1.53,0.03
2018-03-21,1.74,1.63,0.03
2018-03-22,2.28,2.37,0.03
2018-03-23,2.22,1.84,0.03
2018-03-24,1.70,1.68,0.03
2018-03-25,1.11,1.72,0.03
2018-03-26,1.48,1.78,0.03
2018-03-27,1.63,1.83,0.03
2018-03-28,1.41,1.86,0.03
2018-03-29,1.12,1.82,0.03
2018-03-30,0.70,1.68,0.04
2018-03-31,0.51,1.65,0.03
2018-04-01,0.42,1.59,0.03
2018-04-02,0.25,1.60,0.04
2018-04-03,1.39,1.73,0.03
2018-04-04,1.20,2.49,0.03
2018-04-05,1.04,1.82,0.03
2018-04-06,0.48,1.67,0.03
2018-04-07,0.36,4.97,0.03
2018-04-08,0.66,1.66,0.03
2018-04-09,0.58,1.65,0.03
2018-04-10,0.53,1.74,0.03
2018-04-11,0.50,1.72,0.03
2018-04-12,0.66,1.62,0.03
2018-04-13,0.61,1.72,0.03
2018-04-14,0.43,1.87,0.03
2018-04-15,0.68,1.91,0.03
2018-04-16,0.74,2.13,0.03
2018-04-17,0.73,2.30,0.03
2018-04-18,0.44,1.91,0.03
2018-04-19,0.35,1.56,0.03
2018-04-20,0.36,1.49,0.03
2018-04-21,0.45,1.76,0.04
2018-04-22,0.28,1.62,0.03
2018-04-23,0.85,1.57,0.03
2018-04-24,0.75,1.72,0.03
2018-04-25,1.41,1.57,0.03
2018-04-26,0.81,3.10,0.03
2018-04-27,0.58,3.77,0.03
2018-04-28,0.51,4.46,0.03
2018-04-29,0.58,4.21,0.03
2018-04-30,1.69,5.19,0.03
2018-05-01,1.66,4.98,0.03
2018-05-02,0.78,4.20,0.03
2018-05-03,0.62,4.99,0.03
2018-05-04,0.42,9.85,0.03
2018-05-05,0.44,4.35,0.03
2018-05-06,1.16,4.83,0.03
2018-05-07,0.90,4.83,0.03
2018-05-08,0.36,3.77,0.03
2018-05-09,0.26,3.28,0.03
2018-05-10,0.34,3.23,0.03
2018-05-11,0.50,3.22,0.03
2018-05-12,0.50,3.36,0.03
2018-05-13,1.13,3.13,0.03
2018-05-14,0.38,3.56,0.03
2018-05-15,,,
2018-05-16,1.67,3.06,0.04
2018-05-17,0.89,3.37,0.03
2018-05-18,0.81,3.23,0.03
2018-05-19,0.54,2.60,0.03
2018-05-20,0.49,2.45,0.03
2018-05-21,0.67,2.36,0.03
2018-05-22,,,
2018-05-23,,,
2018-05-24,,,
2018-05-25,,,
2018-05-26,,,
2018-05-27,,,
2018-05-28,,,
2018-05-29,,,
2018-05-30,,,
2018-05-31,,,
2018-06-01,,,
2018-06-02,,,
2018-06-03,,,
2018-06-04,,,
2018-06-05,,,
2018-06-06,,,
2018-06-07,,,
2018-06-08,,,
2018-06-09,,,
2018-06-10,,,
2018-06-11,,,
2018-06-12,,,
2018-06-13,,,
2018-06-14,,,
2018-06-15,,,
2018-06-16,,,
2018-06-17,,,
2018-06-18,,,
2018-06-19,,,
2018-06-20,,,
2018-06-21,,,
2018-06-22,,,
2018-06-23,,,
2018-06-24,,,
2018-06-25,,,
2018-06-26,,,
2018-06-27,,,
2018-06-28,,,
2018-06-29,,,
2018-06-30,,,
2018-07-01,,,
2018-07-02,,,
2018-07-03,,,
2018-07-04,,,
2018-07-05,,,
2018-07-06,,,
2018-07-07,,,
2018-07-08,,,
2018-07-09,,,
2018-07-10,,,
2018-07-11,,,
2018-07-12,,,
2018-07-13,,,
2018-07-14,,,
2018-07-15,,,
2018-07-16,,,
2018-07-17,,,
2018-07-18,,,
2018-07-19,,,
2018-07-20,,,
2018-07-21,,,
2018-07-22,,,
2018-07-23,,,
2018-07-24,,,
2018-07-25,,,
2018-07-26,,,
2018-07-27,,,
2018-07-28,,,
2018-07-29,,,
2018-07-30,,,
2018-07-31,,,
2018-08-01,,,
2018-08-02,,,
2018-08-03,,,
2018-08-04,,,
2018-08-05,,,
2018-08-06,,,
2018-08-07,,,
2018-08-08,,,
2018-08-09,,,
2018-08-10,,,
2018-08-11,,,
2018-08-12,,,
2018-08-13,,,
2018-08-14,,,
2018-08-15,,,
2018-08-16,,,
2018-08-17,,,
2018-08-18,,,
2018-08-19,,,
2018-08-20,,,
2018-08-21,,,
2018-08-22,,,
2018-08-23,,,
2018-08-24,,,
2018-08-25,,,
2018-08-26,,,
2018-08-27,,,
2018-08-28,,,
2018-08-29,,,
2018-08-30,,,
2018-08-31,,,
2018-09-01,,,
2018-09-02,,,
2018-09-03,,,
2018-09-04,,,
2018-09-05,,,
2018-09-06,,,
2018-09-07,,,
2018-09-08,,,
2018-09-09,,,
2018-09-10,,,
2018-09-11,,,
2018-09-12,,,
2018-09-13,,,
2018-09-14,,,
2018-09-15,,,
2018-09-16,,,
2018-09-17,,,
2018-09-18,,,
2018-09-19,,,
2018-09-20,,,
2018-09-21,,,
2018-09-22,,,
2018-09-23,,,
2018-09-24,,,
2018-09-25,,,
2018-09-26,,,
2018-09-27,,,
2018-09-28,,,
2018-09-29,,,
2018-09-30,,,
2018-10-01,,,
2018-10-02,,,
2018-10-03,,,
2018-10-04,,,
2018-10-05,,,
2018-10-06,,,
2018-10-07,,,
2018-10-08,,,
2018-10-09,,,
2018-10-10,,,
2018-10-11,,,
2018-10-12,,,
2018-10-13,,,
2018-10-14,,,
2018-10-15,,,
2018-10-16,,,
2018-10-17,,,
2018-10-18,,,
2018-10-19,,,
2018-10-20,,,
2018-10-21,,,
2018-10-22,,,
2018-10-23,,,
2018-10-24,,,
2018-10-25,,,
2018-10-26,,,
2018-10-27,,,
2018-10-28,,,
2018-10-29,,,
2018-10-30,,,
2018-10-31,,,
2018-11-01,,,
2018-11-02,,,
2018-11-03,,,
2018-11-04,,,
2018-11-05,,,
2018-11-06,,,
2018-11-07,,,
2018-11-08,,,
2018-11-09,3.20,3.49,
2018-11-10,2.69,2.91,
2018-11-11,7.43,2.47,
2018-11-12,5.72,8.68,
2018-11-13,2.25,3.59,
2018-11-14,2.48,3.78,
2018-11-15,2.53,3.17,
2018-11-16,2.23,4.20,
2018-11-17,1.96,4.63,
2018-11-18,2.68,5.49,
2018-11-19,3.20,6.80,
2018-11-20,2.66,6.04,
2018-11-21,4.85,4.56,
2018-11-22,5.23,3.84,
2018-11-23,7.49,3.57,
2018-11-24,6.10,4.51,
2018-11-25,3.94,3.91,
2018-11-26,3.67,5.32,
2018-11-27,4.19,7.94,
2018-11-28,5.09,5.14,
2018-11-29,4.96,4.13,
2018-11-30,4.46,3.74,
2018-12-01,5.40,3.25,
2018-12-02,6.63,5.07,
2018-12-03,5.84,5.20,
2018-12-04,4.35,5.19,0.04
2018-12-05,3.84,4.46,0.04
2018-12-06,3.20,4.36,0.04
2018-12-07,2.69,3.43,0.04
2018-12-08,2.63,3.41,0.04
2018-12-09,2.55,3.22,0.04
2018-12-10,70.35,4.35,0.04
2018-12-11,3.80,4.62,0.04
2018-12-12,37.99,8.85,0.04
2018-12-13,2.62,3.54,0.04
2018-12-14,2.57,3.54,0.04
2018-12-15,2.62,3.58,0.04
2018-12-16,2.64,3.94,0.04
2018-12-17,3.84,3.71,0.04
2018-12-18,2.37,3.43,0.04
2018-12-19,2.55,3.51,0.04
2018-12-20,3.22,3.65,0.04
2018-12-21,4.97,4.89,0.04
2018-12-22,5.06,5.90,0.04
2018-12-23,4.12,5.09,0.04
2018-12-24,1.67,6.71,0.04
2018-12-25,4.30,6.18,0.04
2018-12-26,3.21,4.52,0.04
2018-12-27,5.10,4.44,0.04
2018-12-28,2.03,5.00,0.04
2018-12-29,1.80,4.70,0.04
2018-12-30,1.57,4.38,0.04
2018-12-31,1.95,5.32,0.04
2019-01-01,1.49,4.34,0.04
2019-01-02,2.54,4.61,0.04
2019-01-03,1.71,4.25,0.04
2019-01-04,1.67,4.19,0.04
2019-01-05,2.69,5.30,0.04
2019-01-06,1.41,5.38,0.04
2019-01-07,1.32,4.65,0.04
2019-01-08,1.31,3.73,0.04
2019-01-09,1.37,4.55,0.04
2019-01-10,1.50,4.30,0.04
2019-01-11,1.68,4.16,0.83
2019-01-12,1.29,4.25,0.70
2019-01-13,1.26,4.66,0.04
2019-01-14,1.60,3.54,0.04
2019-01-15,1.27,3.04,0.04
2019-01-16,0.92,3.12,0.04
2019-01-17,0.93,2.97,0.04
2019-01-18,1.02,3.22,0.04
2019-01-19,0.99,3.11,0.04
2019-01-20,1.00,3.37,0.04
2019-01-21,1.04,3.85,0.04
2019-01-22,0.77,3.14,0.04
2019-01-23,0.75,2.90,0.04
2019-01-24,0.73,2.87,0.04
2019-01-25,0.75,3.10,0.04
2019-01-26,0.77,2.90,0.04
2019-01-27,0.74,2.94,0.04
2019-01-28,0.86,3.04,0.04
2019-01-29,0.79,3.12,0.04
2019-01-30,0.73,2.84,0.04
2019-01-31,1.73,3.12,0.04
2019-02-01,1.30,3.22,0.04
2019-02-02,1.12,3.48,0.04
2019-02-03,0.87,3.29,0.04
2019-02-04,0.62,2.86,0.04
2019-02-05,0.61,3.04,0.04
2019-02-06,10.75,3.24,0.04
2019-02-07,0.61,3.32,0.04
2019-02-08,0.64,3.29,0.04
2019-02-09,0.61,2.87,0.04
2019-02-10,0.70,3.06,0.70
2019-02-11,1.82,2.98,0.04
2019-02-12,0.76,3.13,1.37
2019-02-13,0.87,3.25,0.04
2019-02-14,0.87,54.83,0.70
2019-02-15,0.74,55.53,0.04
2019-02-16,0.85,2.91,0.05
2019-02-17,0.69,2.85,0.05
2019-02-18,0.61,3.31,0.05
2019-02-19,0.93,3.22,0.05
2019-02-20,0.87,2.86,0.05
2019-02-21,0.83,2.92,0.05
2019-02-22,0.83,3.53,0.05
2019-02-23,0.94,3.00,0.05
2019-02-24,1.26,2.77,0.05
2019-02-25,1.23,3.07,0.05
2019-02-26,1.06,3.00,0.05
2019-02-27,1.61,3.08,0.05
2019-02-28,1.26,3.07,0.05
2019-03-01,1.66,3.11,0.05
2019-03-02,1.55,2.87,0.05
2019-03-03,1.00,2.77,0.05
2019-03-04,0.88,2.86,0.05
2019-03-05,2.46,2.93,0.05
2019-03-06,17.40,3.54,0.88
2019-03-07,15.23,3.17,0.05
2019-03-08,1.49,3.06,0.88
2019-03-09,1.22,2.88,0.88
2019-03-10,1.87,2.93,0.88
2019-03-11,2.53,2.80,0.05
2019-03-12,1.69,2.81,0.05
2019-03-13,1.58,54.51,0.05
2019-03-14,25.99,50.72,0.05
2019-03-15,2.39,2.86,0.88
2019-03-16,2.09,2.70,0.05
2019-03-17,2.54,2.78,0.05
2019-03-18,6.87,3.03,0.05
2019-03-19,4.17,2.86,0.05
2019-03-20,2.84,2.72,0.05
2019-03-21,2.63,2.74,0.05
2019-03-22,1.51,3.07,0.05
2019-03-23,2.61,4.54,0.06
2019-03-24,1.38,3.50,0.05
2019-03-25,1.66,2.85,0.05
2019-03-26,1.53,2.72,0.05
2019-03-27,1.15,2.70,0.05
2019-03-28,1.21,2.89,0.05
2019-03-29,1.52,3.00,0.05
2019-03-30,1.54,2.92,0.05
2019-03-31,1.37,2.90,0.05
2019-05-01,1.37,3.26,0.05
2019-05-02,1.09,3.70,0.05
2019-05-03,1.36,2.33,0.06
2019-05-04,1.29,3.08,0.05
2019-05-05,1.72,3.28,0.05
2019-05-06,2.09,3.19,0.88
2019-05-07,1.69,58.55,0.05
2019-05-08,1.46,3.66,0.05
2019-05-09,1.41,3.66,0.05
2019-05-10,1.24,59.82,0.88
2019-05-11,2.02,51.73,0.05
2019-05-12,1.78,3.71,0.88
2019-05-13,2.14,3.75,0.88
2019-05-14,34.64,62.38,0.05
2019-05-15,2.28,3.48,0.88
2019-05-16,2.42,4.07,0.05
2019-05-17,2.66,3.91,0.05
2019-05-18,2.72,3.61,0.05
2019-05-19,2.78,3.92,0.05
2019-05-20,3.07,3.32,0.05
2019-05-21,2.88,2.41,0.05
2019-05-22,2.56,2.73,0.06
2019-05-23,2.47,2.94,0.06
2019-05-24,2.11,2.81,0.06
2019-05-25,1.95,2.33,0.06
2019-05-26,2.11,2.57,0.06
2019-05-27,2.12,2.63,0.05
2019-05-28,2.02,2.40,0.05
2019-05-29,1.92,2.86,0.05
2019-05-30,1.90,2.63,0.06
2019-05-31,1.92,3.93,0.07
2019-06-01,2.00,6.85,
2019-06-02,2.45,7.89,
2019-06-03,2.82,9.37,
2019-06-04,,,
2019-06-05,,,
2019-06-06,,,
2019-06-07,,,
2019-06-08,,,
2019-06-09,,,
2019-06-10,,,
2019-06-11,,,
2019-06-12,,,
2019-06-13,,,
2019-06-14,,,
2019-06-15,,,
2019-06-16,,,
2019-06-17,,,
2019-06-18,,,
2019-06-19,,,
2019-06-20,,,
2019-06-21,,,
2019-06-22,,,
2019-06-23,,,
2019-06-24,,,
2019-06-25,,,
2019-06-26,,,
2019-06-27,,,
2019-06-28,,,
2019-06-29,,,
2019-06-30,,,
2019-07-01,,,
2019-07-02,,,
2019-07-03,,,
2019-07-04,,,
2019-07-05,,,
2019-07-06,,,
2019-07-07,,,
2019-07-08,,,
2019-07-09,,,
2019-07-10,,,
2019-07-11,,,
2019-07-12,,,
2019-07-13,,,
2019-07-14,,,
2019-07-15,,,
2019-07-16,,,
2019-07-17,,,
2019-07-18,,,
2019-07-19,,,
2019-07-20,,,
2019-07-21,,,
2019-07-22,,,
2019-07-23,,,
2019-07-24,,,
2019-07-25,,,
2019-07-26,,,
2019-07-27,,,
2019-07-28,,,
2019-07-29,,,
2019-07-30,,,
2019-07-31,,,
2019-08-01,,,
2019-08-02,,,
2019-08-03,,,
2019-08-04,,,
2019-08-05,,,
2019-08-06,,,
2019-08-07,,,
2019-08-08,,,
2019-08-09,,,
2019-08-10,,,
2019-08-11,,,
2019-08-12,,,
2019-08-13,,,
2019-08-14,,,
2019-08-15,,,
2019-08-16,,,
2019-08-17,,,
2019-08-18,,,
2019-08-19,,,
2019-08-20,,,
2019-08-21,,,
2019-08-22,,,
2019-08-23,,,
2019-08-24,,,
2019-08-25,,,
2019-08-26,,,
2019-08-27,,,
2019-08-28,,,
2019-08-29,,,
2019-08-30,,,
2019-08-31,,,
2019-09-01,,,
2019-09-02,,,
2019-09-03,,,
2019-09-04,,,
2019-09-05,,,
2019-09-06,,,
2019-09-07,,,
2019-09-08,,,
2019-09-09,,,
2019-09-10,,,
2019-09-11,,,
2019-09-12,,,
2019-09-13,,,
2019-09-14,,,
2019-09-15,,,
2019-09-16,,,
2019-09-17,,,
2019-09-18,,,
2019-09-19,,,
2019-09-20,,,
2019-09-21,,,
2019-09-22,,,
2019-09-23,,,
2019-09-24,,,
2019-09-25,,,
2019-09-26,,,
2019-09-27,,,
2019-09-28,,,
2019-09-29,,,
2019-09-30,,,
2019-10-01,,,
2019-10-02,,,
2019-10-03,,,
2019-10-04,,,
2019-10-05,,,
2019-10-06,,,
2019-10-07,,,
2019-10-08,,,
2019-10-09,,,
2019-10-10,,,
2019-10-11,,,
2019-10-12,,,
2019-10-13,,,
2019-10-14,,,
2019-10-15,,,
2019-10-16,,,
2019-10-17,,,
2019-10-18,,,
2019-10-19,,,
2019-10-20,,,
2019-10-21,,,
2019-10-22,,,
2019-10-23,,,
2019-10-24,,,
2019-10-25,,,
2019-10-26,,,
2019-10-27,,,
2019-10-28,,,
2019-10-29,,,
2019-10-30,,,
2019-10-31,,,
2019-11-01,,,
2019-11-02,,,
2019-11-03,,,
2019-11-04,,,
2019-11-05,,,
2019-11-06,,,
2019-11-07,1.58,1.06,
2019-11-08,1.02,1.42,
2019-11-09,0.42,1.16,
2019-11-10,0.46,1.16,
2019-11-11,7.19,1.05,
2019-11-12,7.78,1.11,
2019-11-13,0.48,1.19,
2019-11-14,10.12,1.46,
2019-11-15,0.56,1.51,
2019-11-16,0.53,1.73,
2019-11-17,0.53,1.48,
2019-11-18,0.65,0.83,
2019-11-19,0.94,1.29,
2019-11-20,0.55,1.38,
2019-11-21,1.23,1.35,
2019-11-22,1.64,1.17,
2019-11-23,1.52,0.93,
2019-11-24,1.01,1.16,
2019-11-25,1.80,0.82,
2019-11-26,1.45,2.03,
2019-11-27,2.25,2.57,
2019-11-28,2.42,2.15,
2019-11-29,2.54,2.14,
2019-11-30,1.94,2.59,
2019-12-01,1.55,2.42,0.04
2019-12-02,1.39,2.15,0.04
2019-12-03,1.49,3.02,0.04
2019-12-04,1.58,2.24,0.04
2019-12-05,1.46,1.90,0.04
2019-12-06,1.52,1.98,0.04
2019-12-07,1.45,2.02,0.04
2019-12-08,1.29,2.14,0.03
2019-12-09,1.44,2.25,0.04
2019-12-10,1.53,2.06,0.03
2019-12-11,1.50,2.23,0.03
2019-12-12,1.29,2.07,0.04
2019-12-13,1.05,2.68,0.04
2019-12-14,0.72,2.63,0.04
2019-12-15,0.81,2.54,0.04
2019-12-16,0.98,2.81,0.04
2019-12-17,0.83,2.42,0.04
2019-12-18,0.85,2.22,0.04
2019-12-19,1.07,2.12,0.04
2019-12-20,1.07,2.64,0.04
2019-12-21,0.97,2.81,0.04
2019-12-22,0.79,2.30,0.05
2019-12-23,0.83,2.65,0.04
2019-12-24,1.31,2.46,0.04
2019-12-25,1.36,2.25,0.04
2019-12-26,0.88,2.00,0.05
2019-12-27,0.89,2.74,0.04
2019-12-28,0.84,1.84,0.04
2019-12-29,0.76,1.88,0.04
2019-12-30,1.03,1.55,0.04
2019-12-31,1.40,1.90,0.04
2020-01-01,1.91,2.01,0.04
2020-01-02,1.76,1.99,0.04
2020-01-03,1.41,1.91,0.04
2020-01-04,0.99,2.55,0.04
2020-01-05,1.21,2.41,0.04
2020-01-06,1.70,2.32,0.04
2020-01-07,1.57,2.40,0.04
2020-01-08,1.72,2.40,0.04
2020-01-09,2.69,2.24,0.04
2020-01-10,0.71,2.45,0.04
2020-01-11,0.53,2.38,0.04
2020-01-12,0.59,2.33,0.04
2020-01-13,0.56,2.25,0.04
2020-01-14,0.64,2.38,0.04
2020-01-15,3.84,2.14,0.04
2020-01-16,3.35,2.04,0.04
2020-01-17,1.67,2.17,0.05
2020-01-18,1.31,2.20,0.04
2020-01-19,1.23,2.35,0.04
2020-01-20,3.09,2.17,0.04
2020-01-21,1.19,2.25,0.04
2020-01-22,2.38,4.00,0.04
2020-01-23,0.64,3.39,0.04
2020-01-24,0.67,2.35,0.04
2020-01-25,2.61,2.29,0.04
2020-01-26,0.46,2.21,0.04
2020-01-27,1.34,2.42,0.04
2020-01-28,1.18,2.61,0.04
2020-01-29,1.38,2.45,0.04
2020-01-30,1.23,2.22,0.04
2020-01-31,0.49,2.22,0.04
2020-02-01,0.62,2.33,0.05
2020-02-02,1.17,2.46,0.05
2020-02-03,0.54,2.35,0.05
2020-02-04,2.30,2.78,0.05
2020-02-05,1.63,2.37,0.05
2020-02-06,2.39,2.80,0.05
2020-02-07,1.93,3.21,0.05
2020-02-08,1.95,3.09,0.05
2020-02-09,1.66,2.90,0.05
2020-02-10,1.57,3.41,0.05
2020-02-11,1.43,2.70,0.05
2020-02-12,2.60,2.82,0.05
2020-02-13,1.34,2.72,0.05
2020-02-14,1.25,2.80,0.05
2020-02-15,2.28,2.77,0.05
2020-02-16,0.83,2.51,0.05
2020-02-17,1.71,2.37,0.05
2020-02-18,3.37,2.38,0.05
2020-02-19,3.06,2.53,0.05
2020-02-20,1.91,2.53,0.05
2020-02-21,2.06,2.83,0.05
2020-02-22,2.19,5.82,0.05
2020-02-23,1.70,5.88,0.05
2020-02-24,2.29,4.62,0.05
2020-02-25,1.73,2.87,0.05
2020-02-26,2.15,2.77,0.05
2020-02-27,3.63,2.93,0.05
2020-02-28,2.21,3.32,0.05
2020-02-29,2.40,2.76,0.05
2020-03-01,1.60,2.68,0.05
2020-03-02,2.03,2.69,0.05
2020-03-03,1.79,2.89,0.05
2020-03-04,2.01,2.67,0.05
2020-03-05,0.81,2.61,0.05
2020-03-06,1.42,2.56,0.05
2020-03-07,1.12,2.78,0.05
2020-03-08,1.18,2.57,0.05
2020-03-09,0.82,2.69,0.05
2020-03-10,0.99,2.77,0.05
2020-03-11,1.06,2.80,0.05
2020-03-12,1.45,2.48,0.05
2020-03-13,1.42,2.71,0.05
2020-03-14,0.97,2.55,0.06
2020-03-15,1.69,2.45,0.05
2020-03-16,1.48,2.65,0.05
2020-03-17,1.12,2.97,0.05
2020-03-18,0.87,2.62,0.05
2020-03-19,2.42,2.90,0.05
2020-03-20,0.90,2.82,0.05
2020-03-21,1.52,2.71,0.05
2020-03-22,0.91,2.62,0.05
2020-03-23,1.47,3.12,0.05
2020-03-24,1.31,3.16,0.05
2020-03-25,0.87,3.27,0.05
2020-03-26,1.25,3.75,0.05
2020-03-27,1.60,4.27,0.05
2020-03-28,2.14,3.81,0.05
2020-03-29,3.29,4.38,0.05
2020-03-30,3.91,5.09,0.05
2020-03-31,4.00,5.14,0.05
2020-04-01,2.51,8.62,0.05
2020-04-02,3.07,5.05,0.05
2020-04-03,1.72,4.51,0.05
2020-04-04,1.27,5.17,0.05
2020-04-05,1.39,4.60,0.05
2020-04-06,1.67,5.21,0.05
2020-04-07,3.00,5.57,0.05
2020-04-08,1.37,4.61,0.05
2020-04-09,1.07,4.17,0.05
2020-04-10,4.04,4.32,0.05
2020-04-11,6.06,4.93,0.05
2020-04-12,6.68,4.69,0.05
2020-04-13,6.28,4.47,0.05
2020-04-14,5.47,3.91,0.05
2020-04-15,3.78,3.37,0.05
2020-04-16,5.09,4.44,0.06
2020-04-17,5.28,3.60,0.05
2020-04-18,3.68,3.23,0.05
2020-04-19,6.05,2.68,0.05
2020-04-20,4.74,2.57,0.06
2020-04-21,3.52,2.75,0.06
2020-04-22,5.14,3.02,0.06
2020-04-23,5.45,3.28,0.05
2020-04-24,3.31,2.83,0.05
2020-04-25,2.71,2.46,0.05
2020-04-26,2.11,2.36,0.05
2020-04-27,2.08,2.78,0.05
2020-04-28,4.10,2.83,0.05
2020-04-29,2.89,2.75,0.05
2020-04-30,2.95,2.76,0.05
2020-05-01,3.17,3.11,0.05
2020-05-02,4.11,2.76,0.05
2020-05-03,2.47,2.67,0.05
2020-05-04,3.67,2.69,0.05
2020-05-05,2.78,2.75,0.05
2020-05-06,3.43,2.86,0.05
2020-05-07,3.22,2.89,0.06
2020-05-08,4.34,3.06,0.06
2020-05-09,2.64,2.97,0.05
2020-05-10,3.97,2.86,0.05
2020-05-11,3.60,2.53,0.06
2020-05-12,3.80,2.85,0.06
2020-05-13,3.04,2.34,0.07
2020-05-14,2.90,2.29,0.06
2020-05-15,1.23,2.46,0.06
2020-05-16,1.47,2.46,0.06
2020-05-17,1.83,2.31,0.06
2020-05-18,2.49,2.53,0.06
2020-05-19,2.61,2.37,0.06
2020-05-20,3.41,2.29,0.06
2020-05-21,2.02,2.05,0.06
2020-05-22,3.46,2.03,0.06
2020-05-23,1.24,2.51,0.06
2020-05-24,1.00,4.49,0.07
2020-05-25,0.98,2.99,0.04
2020-05-26,1.46,2.64,0.04
2020-05-27,2.66,2.31,0.04
2020-05-28,4.85,2.43,0.04
2020-05-29,5.62,2.58,0.04
2020-05-30,4.35,2.47,0.04
2020-05-31,4.51,2.87,0.04
2020-06-01,5.34,4.03,0.04
2020-06-02,5.96,2.24,0.04
2020-06-03,7.03,2.46,0.04
2020-06-04,4.31,2.42,0.04
2020-06-05,2.54,3.42,0.04
2020-06-06,2.02,2.52,0.04
2020-06-07,3.07,2.72,0.04
2020-06-08,1.93,4.06,0.06
2020-06-09,2.87,2.38,0.04
2020-06-10,1.92,2.28,0.04
2020-06-11,0.92,2.20,0.04
2020-06-12,1.36,2.34,0.04
2020-06-13,1.76,2.41,0.04
2020-06-14,0.95,2.77,0.04
2020-06-15,0.96,2.46,0.04
2020-06-16,0.77,2.50,0.04
2020-06-17,0.67,2.45,0.04
2020-06-18,0.78,2.63,0.04
2020-06-19,0.67,2.74,0.04
2020-06-20,0.80,3.18,0.04
2020-06-21,0.90,2.91,0.04
2020-06-22,2.17,3.20,0.04
2020-06-23,1.48,2.98,0.04
2020-06-24,2.79,3.26,0.04
2020-06-25,3.19,3.20,0.04
2020-06-26,3.79,3.01,0.04
2020-06-27,2.74,3.03,0.04
2020-06-28,5.02,3.14,0.04
2020-06-29,1.43,3.18,0.04
2020-06-30,3.09,3.38,0.04
2020-07-01,2.78,3.39,0.04
2020-07-02,1.86,3.24,0.04
2020-07-03,3.13,3.20,0.04
2020-07-04,4.25,3.01,0.04
2020-07-05,2.64,2.81,0.04
2020-07-06,2.74,2.75,0.04
2020-07-07,2.26,3.21,0.04
2020-07-08,1.74,3.55,0.04
2020-07-09,2.50,3.46,0.04
2020-07-10,2.62,3.99,0.04
2020-07-11,5.70,3.44,0.04
2020-07-12,1.36,2.84,0.04
2020-07-13,1.90,2.55,
2020-07-14,1.46,1.93,
2020-07-15,0.71,1.30,
2020-07-16,0.70,1.19,
2020-07-17,0.84,1.50,
2020-07-18,,,
2020-07-19,,,
2020-07-20,,,
2020-07-21,,,
2020-07-22,,,
2020-07-23,,,
2020-07-24,,,
2020-07-25,,,
2020-07-26,,,
2020-07-27,,,
2020-07-28,,,
2020-07-29,,,
2020-07-30,,,
2020-07-31,,,
2020-08-01,,,
2020-08-02,,,
2020-08-03,,,
2020-08-04,,,
2020-08-05,,,
2020-08-06,,,
2020-08-07,,,
2020-08-08,,,
2020-08-09,,,
2020-08-10,,,
2020-08-11,,,
2020-08-12,,,
2020-08-13,,,
2020-08-14,,,
2020-08-15,,,
2020-08-16,,,
2020-08-17,,,
2020-08-18,,,
2020-08-19,,,
2020-08-20,,,
2020-08-21,,,
2020-08-22,,,
2020-08-23,,,
2020-08-24,,,
2020-08-25,,,
2020-08-26,,,
2020-08-27,,,
2020-08-28,,,
2020-08-29,,,
2020-08-30,,,
2020-08-31,,,
2020-09-01,,,
2020-09-02,,,
2020-09-03,,,
2020-09-04,,,
2020-09-05,,,
2020-09-06,,,
2020-09-07,,,
2020-09-08,20.01,,
2020-09-09,7.28,,
2020-09-10,8.68,,
2020-09-11,11.75,,
2020-09-12,12.16,,
2020-09-13,10.04,,
2020-09-14,6.97,,
2020-09-15,4.56,,
2020-09-16,20.50,,
2020-09-17,2.02,,
2020-09-18,11.23,,
2020-09-19,3.82,,
2020-09-20,6.19,,
2020-09-21,16.80,,
2020-09-22,17.61,6.95,
2020-09-23,6.18,11.69,
2020-09-24,2.13,7.61,
2020-09-25,9.61,9.58,
2020-09-26,4.68,1.51,
2020-09-27,1.06,1.51,
2020-09-28,2.41,6.24,
2020-09-29,1.64,22.56,
2020-09-30,2.64,11.14,
2020-10-01,1.84,10.35,0.00
2020-10-02,2.42,9.24,0.00
2020-10-03,1.98,7.90,0.00
2020-10-04,2.78,8.52,0.00
2020-10-05,4.25,11.26,0.00
2020-10-06,1.59,8.82,0.00
2020-10-07,2.39,9.40,0.00
2020-10-08,2.45,15.38,0.00
2020-10-09,1.46,20.83,0.00
2020-10-10,1.47,22.22,0.00
2020-10-11,1.23,23.77,0.00
2020-10-12,1.02,11.11,0.00
2020-10-13,1.40,5.97,0.00
2020-10-14,1.05,8.20,0.00
2020-10-15,1.35,13.30,0.00
2020-10-16,1.42,10.01,0.00
2020-10-17,1.37,5.35,0.00
2020-10-18,,,
2020-10-19,,,
2020-10-20,,,
2020-10-21,,,
2020-10-22,,,
2020-10-23,,,
2020-10-24,,,
2020-10-25,,,
2020-10-26,,,
2020-10-27,,,
2020-10-28,,,
2020-10-29,,,
2020-10-30,,,
2020-10-31,,,
2020-11-01,0.56,2.60,0.17
2020-11-02,2.32,5.27,0.00
2020-11-03,4.76,3.86,0.00
2020-11-04,3.89,3.66,0.00
2020-11-05,5.96,1.21,0.00
2020-11-06,7.22,0.94,0.00
2020-11-07,9.05,0.88,0.00
2020-11-08,8.59,0.66,0.00
2020-11-09,4.38,2.88,0.00
2020-11-10,2.92,4.85,0.00
2020-11-11,3.54,4.96,0.00
2020-11-12,9.97,4.19,0.00
2020-11-13,7.64,4.49,0.00
2020-11-14,3.15,4.62,0.00
2020-11-15,1.83,3.94,0.00
2020-11-16,4.26,3.37,0.00
2020-11-17,8.43,3.05,0.00
2020-11-18,1.70,4.66,0.00
2020-11-19,3.46,4.42,0.00
2020-11-20,2.94,2.60,0.00
2020-11-21,10.37,1.72,0.00
2020-11-22,5.24,1.17,0.00
2020-11-23,2.43,2.38,0.00
2020-11-24,4.59,4.64,0.00
2020-11-25,4.46,4.95,0.00
2020-11-26,3.22,4.66,0.00
2020-11-27,4.15,4.03,0.00
2020-11-28,5.12,3.44,0.00
2020-11-29,4.41,2.94,0.00
2020-11-30,4.27,3.44,0.00
2020-12-01,4.57,3.60,0.08
2020-12-02,6.05,2.89,0.07
2020-12-03,3.90,2.53,0.07
2020-12-04,3.19,2.84,0.07
2020-12-05,1.74,2.28,0.07
2020-12-06,1.08,2.08,0.07
2020-12-07,1.14,2.38,0.07
2020-12-08,2.61,3.39,0.07
2020-12-09,2.35,2.52,0.07
2020-12-10,3.52,2.37,0.07
2020-12-11,0.96,2.46,0.07
2020-12-12,0.76,2.20,0.07
2020-12-13,0.64,2.04,0.07
2020-12-14,0.80,2.42,0.07
2020-12-15,0.71,2.39,0.07
2020-12-16,0.66,2.46,0.07
2020-12-17,0.59,2.24,0.06
2020-12-18,1.73,4.47,0.06
2020-12-19,1.04,2.79,0.06
2020-12-20,0.85,1.87,0.06
2020-12-21,1.13,2.81,0.06
2020-12-22,0.98,2.59,0.07
2020-12-23,0.64,2.13,0.06
2020-12-24,0.70,1.78,0.06
2020-12-25,1.33,3.03,0.06
2020-12-26,1.12,2.49,0.06
2020-12-27,0.80,2.92,0.06
2020-12-28,0.72,2.14,0.06
2020-12-29,0.70,2.00,0.07
2020-12-30,0.87,1.99,0.07
2020-12-31,0.63,1.90,0.07
2021-01-01,0.58,1.96,0.06
2021-01-02,2.63,2.23,0.06
2021-01-03,1.01,2.38,0.06
2021-01-04,3.38,2.13,0.06
2021-01-05,2.70,2.45,0.06
2021-01-06,3.67,2.41,0.06
2021-01-07,1.81,2.02,0.06
2021-01-08,0.53,2.15,0.06
2021-01-09,0.67,2.39,0.06
2021-01-10,0.62,2.00,0.06
2021-01-11,0.82,1.62,0.06
2021-01-12,0.77,2.13,0.06
2021-01-13,0.72,2.06,0.07
2021-01-14,0.79,1.94,0.06
2021-01-15,0.95,1.90,0.06
2021-01-16,0.94,1.79,0.06
2021-01-17,1.25,1.80,0.06
2021-01-18,0.85,2.33,0.06
2021-01-19,0.93,1.86,0.06
2021-01-20,1.01,2.23,0.06
2021-01-21,1.20,2.08,0.06
2021-01-22,1.66,2.24,0.06
2021-01-23,1.34,2.05,0.06
2021-01-24,1.13,1.87,0.06
2021-01-25,1.21,1.74,0.02
2021-01-26,1.74,1.68,0.00
2021-01-27,1.03,2.13,0.00
2021-01-28,1.24,1.82,0.00
2021-01-29,1.04,2.48,0.00
2021-01-30,1.59,2.04,0.00
2021-01-31,1.65,1.93,0.00
2021-02-01,1.81,2.21,0.00
2021-02-02,4.08,2.08,0.00
2021-02-03,2.58,2.15,0.03
2021-02-04,3.89,2.18,0.06
2021-02-05,2.20,1.71,0.01
2021-02-06,2.55,1.29,0.00
2021-02-07,2.82,1.81,0.00
2021-02-08,2.93,1.95,0.00
2021-02-09,4.38,1.73,0.00
2021-02-10,2.64,1.96,0.00
2021-02-11,1.30,2.15,0.01
2021-02-12,3.35,2.26,0.06
2021-02-13,1.66,2.36,0.06
2021-02-14,1.92,2.10,0.06
2021-02-15,1.66,1.97,0.06
2021-02-16,1.72,2.01,0.06
2021-02-17,3.03,2.41,0.06
2021-02-18,0.94,2.15,0.06
2021-02-19,1.11,2.18,0.06
2021-02-20,2.81,2.77,0.06
2021-02-21,2.63,2.64,0.06
2021-02-22,2.99,2.73,0.06
2021-02-23,3.49,2.62,0.06
2021-02-24,1.92,2.52,0.06
2021-02-25,4.83,2.56,0.06
2021-02-26,1.53,2.49,0.06
2021-02-27,1.68,2.38,0.06
2021-02-28,2.36,2.19,0.06
2021-03-01,3.86,2.38,0.06
2021-03-02,3.71,2.60,0.06
2021-03-03,2.57,2.28,0.06
2021-03-04,4.62,2.60,0.06
2021-03-05,3.36,3.01,0.06
2021-03-06,3.56,2.53,0.06
2021-03-07,3.57,2.86,0.06
2021-03-08,6.35,2.96,0.06
2021-03-09,5.59,2.82,0.06
2021-03-10,8.01,2.74,0.06
2021-03-11,5.90,2.60,0.06
2021-03-12,4.65,2.73,0.06
2021-03-13,3.68,2.72,0.06
2021-03-14,2.73,2.67,0.06
2021-03-15,3.46,2.81,0.06
2021-03-16,6.73,3.18,0.06
2021-03-17,16.68,3.70,0.06
2021-03-18,8.04,3.23,0.06
2021-03-19,3.56,3.09,0.06
2021-03-20,4.18,3.43,0.06
2021-03-21,4.17,3.85,0.06
2021-03-22,3.32,3.18,0.07
2021-03-23,3.75,3.51,0.06
2021-03-24,3.84,3.09,0.06
2021-03-25,5.76,3.17,0.06
2021-03-26,3.66,3.84,0.06
2021-03-27,4.93,3.36,0.06
2021-03-28,5.51,4.08,0.06
2021-03-29,6.82,4.89,0.05
2021-03-30,7.97,3.11,0.02
2021-03-31,6.69,4.40,0.07
2021-04-01,5.83,4.44,0.06
2021-04-02,5.16,4.47,0.06
2021-04-03,6.18,4.39,0.06
2021-04-04,4.97,3.67,0.06
2021-04-05,6.22,3.47,0.06
2021-04-06,6.22,3.17,0.06
2021-04-07,6.11,3.19,0.06
2021-04-08,4.58,3.52,0.06
2021-04-09,6.02,3.42,0.06
2021-04-10,5.23,3.76,0.06
2021-04-11,6.41,4.59,0.06
2021-04-12,4.94,3.06,0.06
2021-04-13,1.88,3.50,0.06
2021-04-14,3.97,3.35,0.06
2021-04-15,2.34,3.26,0.07
2021-04-16,2.81,3.39,0.06
2021-04-17,4.70,3.10,0.06
2021-04-18,5.42,3.50,0.06
2021-04-19,3.65,3.66,0.06
2021-04-20,5.87,3.15,0.06
2021-04-21,4.77,3.68,0.06
2021-04-22,5.75,4.29,0.06
2021-04-23,3.12,3.73,0.06
2021-04-24,3.82,2.86,0.06
2021-04-25,3.25,2.91,0.06
2021-04-26,2.44,3.91,0.07
2021-04-27,4.77,2.88,0.06
2021-04-28,4.83,3.01,0.06
2021-04-29,6.51,2.87,0.06
2021-04-30,3.63,2.87,0.06
2021-05-01,3.62,2.92,0.06
2021-05-02,4.65,2.86,0.06
2021-05-03,5.08,2.80,0.06
2021-05-04,4.19,1.91,
2021-05-05,5.05,2.16,
2021-05-06,2.91,2.03,
2021-05-07,4.00,2.38,
2021-05-08,5.36,2.24,
2021-05-09,4.85,2.46,
2021-05-10,3.71,2.23,
2021-05-11,5.08,2.58,
2021-05-12,3.00,2.45,
2021-05-13,5.67,2.62,
2021-05-14,5.18,2.13,
2021-05-15,3.70,2.22,
2021-05-16,4.17,2.85,
2021-05-17,4.96,2.28,
2021-05-18,4.47,2.77,
2021-05-19,5.92,2.80,
2021-05-20,5.72,3.04,
2021-05-21,5.52,3.40,
2021-05-22,6.34,2.49,
2021-05-23,6.26,2.29,
2021-05-24,8.27,2.86,
2021-05-25,6.04,2.67,
2021-05-26,5.55,3.34,
2021-05-27,4.92,3.39,
2021-05-28,5.57,4.68,
2021-05-29,5.67,7.91,
2021-05-30,5.07,5.33,
2021-05-31,3.24,5.13,
2021-06-01,4.14,3.36,0.00
2021-06-02,6.12,3.37,0.00
2021-06-03,4.63,3.03,0.00
2021-06-04,3.89,2.74,0.00
2021-06-05,4.88,2.54,0.00
2021-06-06,3.49,2.22,0.00
2021-06-07,4.92,2.55,0.00
2021-06-08,7.40,2.48,0.00
2021-06-09,2.88,2.99,0.00
2021-06-10,2.09,2.17,0.00
2021-06-11,2.46,2.04,0.00
2021-06-12,2.53,1.92,0.00
2021-06-13,2.50,1.95,0.00
2021-06-14,2.56,14.09,0.00
2021-06-15,2.48,15.72,0.00
2021-06-16,1.63,7.46,0.00
2021-06-17,2.13,1.87,0.00
2021-06-18,2.19,1.77,0.00
2021-06-19,1.76,1.48,0.00
2021-06-20,1.99,1.90,0.00
2021-06-21,2.46,1.97,0.00
2021-06-22,2.33,1.83,0.00
2021-06-23,2.77,2.72,0.00
2021-06-24,2.17,4.21,0.00
2021-06-25,2.92,1.88,0.00
2021-06-26,3.18,1.62,0.00
2021-06-27,2.21,4.66,0.00
2021-06-28,1.95,2.01,0.00
2021-06-29,1.78,1.54,0.00
2021-06-30,2.02,1.68,0.00
2021-07-01,2.77,1.46,0.00
2021-07-02,2.23,1.20,0.00
2021-07-03,2.19,1.28,0.00
2021-07-04,2.05,1.23,0.00
2021-07-05,1.74,1.26,0.00
2021-07-06,0.72,0.57,0.00
2021-07-07,0.00,0.00,0.00
2021-07-08,3.64,2.27,0.00
2021-07-09,2.25,3.76,0.00
2021-07-10,2.24,2.62,0.00
2021-07-11,2.25,2.47,0.00
2021-07-12,2.46,2.29,0.00
2021-07-13,1.93,6.73,0.00
2021-07-14,1.79,2.40,0.00
2021-07-15,2.43,3.09,0.00
2021-07-16,1.87,2.52,0.00
2021-07-17,2.01,2.43,0.00
2021-07-18,1.77,2.94,0.00
2021-07-19,0.94,1.76,0.00
2021-07-20,1.03,1.48,0.00
2021-07-21,0.00,0.00,0.00
2021-07-22,0.00,0.00,0.00
2021-07-23,0.00,0.00,0.00
2021-07-24,0.00,0.00,0.00
2021-07-25,0.00,0.00,0.00
2021-07-26,0.00,0.00,0.00
2021-07-27,0.00,0.00,0.00
2021-07-28,0.00,0.00,0.00
2021-07-29,0.45,1.55,0.00
2021-07-30,2.66,4.00,0.00
2021-07-31,2.29,5.04,0.00
2021-08-01,2.19,3.72,0.00
2021-08-02,2.60,3.15,0.00
2021-08-03,2.91,3.65,0.00
2021-08-04,2.91,2.97,0.00
2021-08-05,2.07,2.79,0.00
2021-08-06,2.05,2.43,0.00
2021-08-07,2.62,2.96,0.00
2021-08-08,2.45,3.42,0.00
2021-08-09,2.45,3.19,0.00
2021-08-10,2.19,3.13,0.00
2021-08-11,2.10,3.06,0.00
2021-08-12,1.94,2.03,0.00
2021-08-13,1.55,1.55,0.00
2021-08-14,1.53,1.53,0.00
2021-08-15,0.98,0.98,0.00
2021-08-16,1.03,1.03,0.00
2021-08-17,1.30,1.64,0.00
2021-08-18,3.16,2.77,0.00
2021-08-19,3.16,3.22,0.00
2021-08-20,2.64,3.68,0.00
2021-08-21,2.50,3.25,0.00
2021-08-22,2.77,3.73,0.00
2021-08-23,5.86,4.31,0.00
2021-08-24,4.66,3.17,0.00
2021-08-25,3.55,3.29,0.00
2021-08-26,1.76,2.56,0.00
2021-08-27,1.50,2.64,0.00
2021-08-28,1.32,2.21,0.00
2021-08-29,1.37,2.82,0.00
2021-08-30,1.90,3.13,0.00
2021-08-31,1.64,2.73,0.00
2021-09-01,1.85,3.22,0.00
2021-09-02,2.59,3.50,0.00
2021-09-03,1.91,2.77,0.00
2021-09-04,1.71,2.72,0.00
2021-09-05,1.76,2.78,0.00
2021-09-06,2.69,3.36,0.00
2021-09-07,2.13,2.91,0.00
2021-09-08,3.24,2.42,0.00
2021-09-09,2.27,4.18,0.00
2021-09-10,2.44,3.82,0.00
2021-09-11,3.33,3.72,0.00
2021-09-12,2.32,2.15,0.00
2021-09-13,2.63,2.00,0.00
2021-09-14,1.59,2.46,0.00
2021-09-15,1.69,1.99,0.00
2021-09-16,1.26,2.06,0.00
2021-09-17,1.40,2.24,0.00
2021-09-18,1.74,2.12,0.00
2021-09-19,2.24,1.85,0.00
2021-09-20,4.36,1.58,0.00
2021-09-21,2.80,2.97,0.00
2021-09-22,1.04,2.79,0.00
2021-09-23,0.57,3.20,0.00
2021-09-24,0.54,2.65,0.00
2021-09-25,0.74,1.85,0.00
2021-09-26,0.95,1.87,0.00
2021-09-27,1.05,2.18,0.00
2021-09-28,1.43,1.79,0.00
2021-09-29,3.03,2.38,0.00
2021-09-30,1.71,2.12,0.00
2021-10-01,1.77,3.06,0.00
2021-10-02,1.62,2.39,0.00
2021-10-03,2.28,1.85,0.00
2021-10-04,4.05,2.35,0.00
2021-10-05,2.78,2.78,0.00
2021-10-06,2.19,2.39,0.00
2021-10-07,2.70,2.66,0.00
2021-10-08,2.64,3.08,0.00
2021-10-09,2.49,1.92,0.00
2021-10-10,2.78,2.58,0.00
2021-10-11,3.13,2.39,0.00
2021-10-12,4.87,1.58,0.00
2021-10-13,4.16,1.69,0.00
2021-10-14,5.41,1.66,0.00
2021-10-15,5.04,1.75,0.00
2021-10-16,5.25,1.34,0.00
2021-10-17,2.98,1.38,0.00
2021-10-18,1.62,1.40,0.00
2021-10-19,2.60,2.77,0.00
2021-10-20,5.52,2.50,0.00
2021-10-21,6.05,2.39,0.00
2021-10-22,3.33,2.17,0.00
2021-10-23,2.26,1.50,0.00
2021-10-24,2.27,1.21,0.00
2021-10-25,1.59,1.23,0.00
2021-10-26,2.17,1.74,0.00
2021-10-27,2.68,2.14,0.00
2021-10-28,2.18,1.75,0.00
2021-10-29,1.87,2.46,0.00
2021-10-30,2.38,1.81,0.00
2021-10-31,1.98,1.63,0.00
2021-11-01,2.07,1.46,0.00
2021-11-02,1.64,1.61,0.00
2021-11-03,1.58,1.43,0.00
2021-11-04,2.75,1.56,0.00
2021-11-05,1.52,1.69,0.00
2021-11-06,1.74,1.61,0.00
2021-11-07,2.91,1.79,0.00
2021-11-08,2.49,2.47,0.00
2021-11-09,2.18,1.48,0.00
2021-11-10,1.73,1.43,0.00
2021-11-11,0.98,1.17,0.00
2021-11-12,0.77,1.07,0.00
2021-11-13,2.10,1.06,0.00
2021-11-14,2.38,0.96,0.00
2021-11-15,1.69,1.04,0.00
2021-11-16,2.93,1.10,0.00
2021-11-17,2.88,1.65,0.00
2021-11-18,2.97,1.10,0.00
2021-11-19,2.63,1.00,0.00
2021-11-20,2.31,1.10,0.00
2021-11-21,2.16,1.02,0.00
2021-11-22,1.69,1.09,0.00
2021-11-23,1.71,1.29,0.00
2021-11-24,1.41,1.85,0.00
2021-11-25,1.42,1.11,0.00
2021-11-26,1.31,0.99,0.00
2021-11-27,1.35,1.01,0.00
2021-11-28,1.24,1.01,0.00
2021-11-29,0.98,1.15,0.00
2021-11-30,1.04,1.78,0.00
2021-12-01,0.89,2.64,0.00
2021-12-02,0.76,2.48,0.00
2021-12-03,0.77,2.03,0.00
2021-12-04,0.67,1.80,0.00
2021-12-05,0.60,2.31,0.00
2021-12-06,0.86,2.43,0.00
2021-12-07,0.92,2.27,0.00
2021-12-08,0.84,2.33,0.04
2021-12-09,0.84,1.74,0.07
2021-12-10,0.79,2.08,0.07
2021-12-11,0.91,1.64,0.07
2021-12-12,0.82,1.74,0.07
2021-12-13,0.79,2.38,0.08
2021-12-14,0.62,2.80,0.08
2021-12-15,0.59,2.71,0.08
2021-12-16,0.64,2.30,0.08
2021-12-17,0.65,2.17,0.08
2021-12-18,0.81,2.14,0.07
2021-12-19,0.75,2.40,0.07
2021-12-20,0.72,2.52,0.07
2021-12-21,0.85,3.03,0.08
2021-12-22,0.78,3.08,0.07
2021-12-23,4.25,2.87,0.08
2021-12-24,4.69,2.26,0.07
2021-12-25,5.90,2.24,0.07
2021-12-26,5.08,2.19,0.07
2021-12-27,4.47,2.15,0.07
2021-12-28,4.76,2.15,0.08
2021-12-29,5.62,2.12,0.07
2021-12-30,4.45,1.64,0.07
2021-12-31,4.97,1.62,0.07
2022-01-01,4.28,1.60,0.07
2022-01-02,3.70,1.62,0.07
2022-01-03,4.66,1.90,0.08
2022-01-04,4.05,1.89,0.07
2022-01-05,3.32,1.70,0.07
2022-01-06,5.05,1.71,0.07
2022-01-07,5.35,1.68,0.07
2022-01-08,5.01,1.68,0.07
2022-01-09,4.10,1.85,0.07
2022-01-10,3.74,1.79,0.07
2022-01-11,6.05,1.69,0.07
2022-01-12,4.78,1.71,0.07
2022-01-13,3.63,1.72,0.07
2022-01-14,3.81,1.62,0.07
2022-01-15,5.19,1.73,0.07
2022-01-16,5.02,2.24,0.07
2022-01-17,5.62,2.52,0.07
2022-01-18,5.18,2.31,0.07
2022-01-19,3.09,1.89,0.07
2022-01-20,1.29,1.81,0.05
2022-01-21,1.21,1.96,0.05
2022-01-22,1.19,2.69,0.06
2022-01-23,2.49,2.66,0.05
2022-01-24,3.15,2.11,0.05
2022-01-25,2.52,2.00,0.06
2022-01-26,1.09,2.19,0.05
2022-01-27,1.40,1.76,0.05
2022-01-28,4.91,1.96,0.05
2022-01-29,2.94,1.91,0.05
2022-01-30,3.87,1.95,0.05
2022-01-31,4.18,1.78,0.05
2022-02-01,2.84,1.92,0.05
2022-02-02,2.99,1.78,0.05
2022-02-03,3.61,1.69,0.05
2022-02-04,2.94,1.92,0.05
2022-02-05,3.02,2.15,0.05
2022-02-06,1.98,2.21,0.05
2022-02-07,1.05,1.99,0.05
2022-02-08,1.51,2.07,0.05
2022-02-09,4.96,2.14,0.05
2022-02-10,0.89,2.05,0.05
2022-02-11,0.99,1.90,0.05
2022-02-12,3.21,2.01,0.05
2022-02-13,3.22,2.00,0.05
2022-02-14,3.18,1.86,0.05
2022-02-15,4.45,1.70,0.05
2022-02-16,3.42,1.96,0.05
2022-02-17,3.39,1.90,0.05
2022-02-18,3.44,1.84,0.05
2022-02-19,1.90,1.71,0.05
2022-02-20,2.87,1.72,0.05
2022-02-21,2.56,1.95,0.05
2022-02-22,1.42,2.15,0.05
2022-02-23,2.32,1.72,0.05
2022-02-24,2.35,1.79,0.05
2022-02-25,2.01,1.87,0.05
2022-02-26,2.24,1.86,0.05
2022-02-27,4.80,1.90,0.05
2022-02-28,6.35,1.76,0.06
2022-03-01,17.07,2.00,0.05
2022-03-02,9.95,2.05,0.05
2022-03-03,11.81,1.93,0.05
2022-03-04,11.29,1.61,0.05
2022-03-05,10.72,1.96,0.05
2022-03-06,10.05,1.82,0.05
2022-03-07,11.75,2.09,0.05
2022-03-08,8.87,1.99,0.05
2022-03-09,9.87,1.88,0.05
2022-03-10,10.95,2.00,0.05
2022-03-11,9.99,1.74,0.05
2022-03-12,10.16,2.11,0.05
2022-03-13,12.31,2.03,0.05
2022-03-14,1.55,2.34,0.06
2022-03-15,1.42,2.37,0.05
2022-03-16,1.18,1.84,0.05
2022-03-17,2.90,2.10,0.05
2022-03-18,2.26,1.91,0.06
2022-03-19,2.95,2.38,0.06
2022-03-20,1.60,1.98,0.06
2022-03-21,1.29,1.96,0.06
2022-03-22,1.63,2.11,0.06
2022-03-23,2.14,2.25,0.06
2022-03-24,1.43,2.27,0.06
2022-03-25,3.87,2.47,0.06
2022-03-26,3.19,2.23,0.06
2022-03-27,2.13,2.09,0.06
2022-03-28,1.24,2.33,0.06
2022-03-29,1.69,2.13,0.06
2022-03-30,4.12,2.63,0.06
2022-03-31,4.36,2.38,0.06
2022-04-01,7.69,2.40,0.06
2022-04-02,2.18,2.19,0.06
2022-04-03,1.22,2.41,0.06
2022-04-04,1.23,2.35,0.06
2022-04-05,1.42,2.40,0.06
2022-04-06,1.40,2.36,0.06
2022-04-07,1.43,2.50,0.06
2022-04-08,1.53,2.38,0.06
2022-04-09,1.53,2.52,0.06
2022-04-10,2.81,2.53,0.06
2022-04-11,2.30,2.20,0.06
2022-04-12,4.28,1.93,0.06
2022-04-13,3.45,2.03,0.06
2022-04-14,4.20,1.76,0.05
2022-04-15,2.74,1.69,0.06
2022-04-16,3.80,1.46,0.05
2022-04-17,4.49,2.31,0.05
2022-04-18,10.65,2.48,0.05
2022-04-19,6.87,1.74,0.05
2022-04-20,7.28,1.84,0.05
2022-04-21,3.56,1.89,0.05
2022-04-22,1.49,1.81,0.05
2022-04-23,2.35,1.56,0.06
2022-04-24,3.71,1.44,0.05
2022-04-25,2.02,1.53,0.05
2022-04-26,2.75,1.54,0.05
2022-04-27,2.36,1.61,0.06
2022-04-28,3.06,1.96,0.06
2022-04-29,2.78,2.51,0.06
2022-04-30,3.89,2.21,0.06
2022-05-01,6.86,2.40,0.06
2022-05-02,2.18,2.19,0.06
2022-05-03,1.22,2.41,0.05
2022-05-04,1.23,2.35,0.06
2022-05-05,1.42,2.40,0.06
2022-05-06,1.40,2.36,0.05
2022-05-07,1.43,2.50,0.05
2022-05-08,1.53,2.38,0.05
2022-05-09,1.53,2.52,0.05
2022-05-10,2.81,2.53,0.05
2022-05-11,2.30,2.20,0.05
2022-05-12,4.28,1.93,0.05
2022-05-13,3.45,2.03,0.05
2022-05-14,4.20,1.76,0.05
2022-05-15,2.74,1.69,0.05
2022-05-16,3.80,1.46,0.05
2022-05-17,4.49,1.47,0.05
2022-05-18,10.65,3.14,0.05
2022-05-19,6.87,1.74,0.05
2022-05-20,7.28,1.84,0.05
2022-05-21,3.56,1.89,0.05
2022-05-22,1.49,1.81,0.05
2022-05-23,2.35,1.56,0.05
2022-05-24,3.71,1.44,0.05
2022-05-25,2.02,1.53,0.06
2022-05-26,2.75,1.54,0.05
2022-05-27,2.36,1.61,0.05
2022-05-28,3.06,1.96,0.05
2022-05-29,2.78,2.51,0.05
2022-05-30,2.89,2.21,0.05
2022-05-31,4.36,2.38,0.05
2022-06-01,2.06,1.98,0.05
2022-06-02,1.16,1.96,0.05
2022-06-03,3.44,1.93,0.05
2022-06-04,4.45,1.81,0.05
2022-06-05,1.37,1.74,0.05
2022-06-06,1.19,1.93,0.05
2022-06-07,2.52,1.94,0.05
2022-06-08,2.17,1.96,0.05
2022-06-09,1.84,2.02,0.05
2022-06-10,1.79,2.06,0.05
2022-06-11,2.31,2.11,0.05
2022-06-12,2.71,1.85,0.05
2022-06-13,3.79,1.86,0.05
2022-06-14,2.05,1.50,0.05
2022-06-15,4.28,1.64,0.05
2022-06-16,5.16,2.84,0.05
2022-06-17,3.52,3.72,
2022-06-18,1.36,2.44,
2022-06-19,0.61,1.42,
2022-06-20,0.40,1.08,
2022-06-21,,,
2022-06-22,,,
2022-06-23,,,
2022-06-24,,,
2022-06-25,,,
2022-06-26,,,
2022-06-27,,,
2022-06-28,,,
2022-06-29,,,
2022-06-30,,,
2022-07-01,2.00,,0.00
2022-07-02,,,0.00
2022-07-03,,,0.00
2022-07-04,,,0.00
2022-07-05,1.51,,0.00
2022-07-06,0.98,,0.00
2022-07-07,0.90,,0.00
2022-07-08,0.88,,0.00
2022-07-09,,,0.00
2022-07-10,,,0.00
2022-07-11,2.75,,0.00
2022-07-12,,,0.00
2022-07-13,,,0.00
2022-07-14,,,0.00
2022-07-15,,,0.00
2022-07-16,,,0.00
2022-07-17,,,0.00
2022-07-18,,,0.00
2022-07-19,,,0.00
2022-07-20,,,0.00
2022-07-21,,,0.00
2022-07-22,,,0.00
2022-07-23,,,0.00
2022-07-24,,,0.00
2022-07-25,2.14,,0.00
2022-07-26,1.06,,0.00
2022-07-27,0.98,,0.00
2022-07-28,1.08,,0.00
2022-07-29,1.00,,0.00
2022-07-30,,,0.00
2022-07-31,,,0.00
2022-08-01,,,0.00
2022-08-02,,,0.00
2022-08-03,,,0.00
2022-08-04,,,0.00
2022-08-05,,,0.00
2022-08-06,,,0.00
2022-08-07,,,0.00
2022-08-08,,,0.00
2022-08-09,,,0.00
2022-08-10,,,0.00
2022-08-11,,,0.00
2022-08-12,,,0.00
2022-08-13,,,0.00
2022-08-14,,,0.00
2022-08-15,,,0.00
2022-08-16,,,0.00
2022-08-17,,,0.00
2022-08-18,,,0.00
2022-08-19,,,0.00
2022-08-20,,,0.00
2022-08-21,,,0.00
2022-08-22,,,0.00
2022-08-23,,,0.00
2022-08-24,,,0.00
2022-08-25,,,0.00
2022-08-26,,,0.00
2022-08-27,,,0.00
2022-08-28,,,0.00
2022-08-29,,,0.00
2022-08-30,,,0.00
2022-08-31,,,0.00
2022-09-01,,,0.00
2022-09-02,,,0.00
2022-09-03,,,0.00
2022-09-04,,,0.00
2022-09-05,,,0.00
2022-09-06,,,0.00
2022-09-07,,,0.00
2022-09-08,,,0.00
2022-09-09,,,0.00
2022-09-10,,,0.00
2022-09-11,,,0.00
2022-09-12,,,0.00
2022-09-13,,,0.00
2022-09-14,,,0.00
2022-09-15,,,0.00
2022-09-16,,,0.00
2022-09-17,,,0.00
2022-09-18,,,0.00
2022-09-19,1.86,,0.00
2022-09-20,1.48,,0.00
2022-09-21,1.25,,0.00
2022-09-22,3.38,2.78,0.00
2022-09-23,3.94,1.67,0.00
2022-09-24,4.42,1.35,0.00
2022-09-25,7.47,1.16,0.00
2022-09-26,3.34,1.35,0.00
2022-09-27,,,0.00
2022-09-28,,,0.00
2022-09-29,,,0.00
2022-09-30,,,0.00
2022-10-01,,,0.00
2022-10-02,,,0.00
2022-10-03,,,0.00
2022-10-04,,,0.00
2022-10-05,,,0.00
2022-10-06,,,0.00
2022-10-07,,,0.00
2022-10-08,,,0.00
2022-10-09,,,0.00
2022-10-10,10.76,2.43,0.00
2022-10-11,12.23,1.67,0.00
2022-10-12,8.79,1.72,0.00
2022-10-13,6.48,2.28,0.00
2022-10-14,5.23,1.36,0.00
2022-10-15,2.95,0.89,0.00
2022-10-16,2.88,0.87,0.00
2022-10-17,2.88,0.80,0.00
2022-10-18,3.26,0.82,0.00
2022-10-19,3.05,0.90,0.00
2022-10-20,3.06,1.04,0.00
2022-10-21,4.04,1.62,0.00
2022-10-22,3.08,1.67,0.00
2022-10-23,2.94,1.89,0.00
2022-10-24,2.91,3.03,0.00
2022-10-25,5.32,2.03,0.00
2022-10-26,11.03,1.87,0.00
2022-10-27,8.49,1.70,0.00
2022-10-28,6.25,1.76,0.00
2022-10-29,4.08,1.73,0.00
2022-10-30,5.85,2.37,0.00
2022-10-31,6.43,1.74,0.00
2022-11-01,4.61,2.13,0.00
2022-11-02,5.63,1.94,0.00
2022-11-03,7.37,2.08,0.00
2022-11-04,5.37,2.19,0.00
2022-11-05,6.28,2.35,0.00
2022-11-06,6.73,1.98,0.00
2022-11-07,3.40,1.98,0.00
2022-11-08,2.39,2.10,0.00
2022-11-09,2.17,2.29,0.00
2022-11-10,3.65,3.37,0.00
2022-11-11,4.37,2.81,0.00
2022-11-12,3.54,2.75,0.00
2022-11-13,1.50,2.32,0.00
2022-11-14,2.78,2.12,0.00
2022-11-15,5.89,2.03,0.02
2022-11-16,2.37,2.13,0.06
2022-11-17,3.17,2.73,0.07
2022-11-18,2.25,2.96,0.06
2022-11-19,1.74,2.71,0.06
2022-11-20,0.86,2.41,0.06
2022-11-21,0.42,2.33,0.06
2022-11-22,0.35,2.18,0.06
2022-11-23,1.24,2.25,0.06
2022-11-24,4.87,2.30,0.06
2022-11-25,5.46,2.46,0.06
2022-11-26,4.82,2.41,0.06
2022-11-27,4.91,1.95,0.06
2022-11-28,2.86,1.74,0.06
2022-11-29,1.01,2.08,0.06
2022-11-30,0.73,2.02,0.06
2022-12-01,0.81,1.75,0.06
2022-12-02,0.69,2.23,0.06
2022-12-03,4.40,2.57,0.06
2022-12-04,2.75,2.41,0.06
2022-12-05,3.59,2.21,0.06
2022-12-06,3.12,2.18,0.06
2022-12-07,5.70,2.19,0.06
2022-12-08,2.14,2.57,0.06
2022-12-09,2.73,2.32,0.06
2022-12-10,4.01,2.39,0.06
2022-12-11,5.46,2.35,0.06
2022-12-12,1.95,2.43,0.06
2022-12-13,1.48,2.41,0.06
2022-12-14,1.24,2.38,0.06
2022-12-15,1.17,2.48,0.06
2022-12-16,1.86,2.74,0.06
2022-12-17,2.29,2.53,0.06
2022-12-18,1.21,2.06,0.06
2022-12-19,2.01,2.31,0.06
2022-12-20,2.37,2.65,0.06
2022-12-21,2.36,2.70,0.06
2022-12-22,2.80,2.41,0.06
2022-12-23,3.10,2.42,0.06
2022-12-24,4.39,3.07,0.07
2022-12-25,2.14,3.03,0.07
2022-12-26,4.22,4.12,0.06
2022-12-27,3.66,4.64,0.07
2022-12-28,4.94,3.51,0.06
2022-12-29,4.00,2.46,0.06
2022-12-30,2.62,1.94,0.06
2022-12-31,2.37,2.07,0.06
2023-01-01,2.00,2.03,0.06
2023-01-02,0.79,2.41,0.06
2023-01-03,0.80,2.22,0.06
2023-01-04,1.82,2.27,0.06
2023-01-05,2.41,1.94,0.06
2023-01-06,1.31,1.65,0.06
2023-01-07,3.01,2.03,0.06
2023-01-08,3.87,2.05,0.06
2023-01-09,3.15,1.78,0.06
2023-01-10,2.48,1.89,0.06
2023-01-11,2.28,1.63,0.06
2023-01-12,1.53,1.90,0.06
2023-01-13,2.01,2.26,0.06
2023-01-14,3.63,3.29,0.06
2023-01-15,3.65,3.59,0.06
2023-01-16,3.99,2.45,0.06
2023-01-17,2.83,2.63,0.06
2023-01-18,2.45,1.98,0.06
2023-01-19,2.00,2.12,0.06
2023-01-20,3.47,1.88,0.06
2023-01-21,2.12,1.99,0.06
2023-01-22,2.09,1.85,0.06
2023-01-23,1.95,2.37,0.06
2023-01-24,1.37,2.16,0.07
2023-01-25,2.04,2.12,0.07
2023-01-26,3.64,2.20,0.06
2023-01-27,2.33,1.98,0.07
2023-01-28,2.63,2.01,0.06
2023-01-29,1.58,2.06,0.06
2023-01-30,2.34,1.81,0.06
2023-01-31,3.35,1.99,0.06
2023-02-01,4.63,1.80,0.06
2023-02-02,3.13,1.84,0.06
2023-02-03,3.03,2.08,0.06
2023-02-04,2.05,1.99,0.06
2023-02-05,2.95,1.98,0.06
2023-02-06,1.53,2.03,0.06
2023-02-07,2.96,2.17,0.06
2023-02-08,3.36,1.71,0.06
2023-02-09,1.29,1.64,0.06
2023-02-10,1.71,2.21,0.06
2023-02-11,1.16,2.49,0.06
2023-02-12,2.43,2.56,0.06
2023-02-13,2.38,2.15,0.06
2023-02-14,3.34,1.96,0.06
2023-02-15,2.43,1.88,0.06
2023-02-16,2.41,2.21,0.06
2023-02-17,1.77,2.23,0.06
2023-02-18,2.97,2.06,0.06
2023-02-19,3.30,1.93,0.06
2023-02-20,2.22,1.96,0.06
2023-02-21,2.55,2.17,0.06
2023-02-22,2.20,2.35,0.06
2023-02-23,1.67,1.90,0.06
2023-02-24,1.77,1.90,0.06
2023-02-25,2.92,2.18,0.06
2023-02-26,1.83,2.27,0.06
2023-02-27,2.22,2.11,0.06
2023-02-28,2.92,2.01,0.06
2023-03-01,2.58,2.15,0.06
2023-03-02,2.51,2.56,0.06
2023-03-03,2.58,2.69,0.06
2023-03-04,3.18,2.10,0.06
2023-03-05,2.54,2.06,0.06
2023-03-06,2.99,2.27,0.06
2023-03-07,4.02,2.27,0.06
2023-03-08,2.54,2.26,0.06
2023-03-09,3.54,2.47,0.06
2023-03-10,3.59,2.56,0.06
2023-03-11,2.61,2.81,0.06
2023-03-12,2.22,2.45,0.06
2023-03-13,1.94,2.75,0.06
2023-03-14,2.21,2.38,0.06
2023-03-15,3.22,2.73,0.06
2023-03-16,2.47,2.77,0.06
2023-03-17,3.28,2.53,0.06
2023-03-18,2.53,2.81,0.06
2023-03-19,4.33,2.79,
2023-03-20,4.23,3.58,
2023-03-21,3.45,5.31,
2023-03-22,0.40,5.24,
2023-03-23,,,
2023-03-24,,,
2023-03-25,,,
2023-03-26,,,
2023-03-27,,,
2023-03-28,,,
2023-03-29,,,
2023-03-30,,,
2023-03-31,,,
2023-04-01,,,
2023-04-02,,,
2023-04-03,,,
2023-04-04,,,
2023-04-05,,,
2023-04-06,,,
2023-04-07,,,
2023-04-08,,,
2023-04-09,,,
2023-04-10,,,
2023-04-11,,,
2023-04-12,,,
2023-04-13,,,
2023-04-14,,,
2023-04-15,,,
2023-04-16,,,
2023-04-17,,,
2023-04-18,,,
2023-04-19,,,
2023-04-20,,,
2023-04-21,,,
2023-04-22,,,
2023-04-23,,,
2023-04-24,,,
2023-04-25,,,
2023-04-26,,,
2023-04-27,,,
2023-04-28,,,
2023-04-29,,,
2023-04-30,,,
2023-05-01,,,
2023-05-02,,,
2023-05-03,,,
2023-05-04,,,
2023-05-05,,,
2023-05-06,,,
2023-05-07,,,
2023-05-08,,,
2023-05-09,,,
2023-05-10,,,
2023-05-11,,,
2023-05-12,,,
2023-05-13,,,
2023-05-14,,,
2023-05-15,,,
2023-05-16,,,
2023-05-17,,,
2023-05-18,,,
2023-05-19,,,
2023-05-20,,,
2023-05-21,,,
2023-05-22,,,
2023-05-23,,,
2023-05-24,,,
2023-05-25,,,
2023-05-26,,,
2023-05-27,,,
2023-05-28,,,
2023-05-29,,,
2023-05-30,,,
2023-05-31,,,