Date,Treated_Water_Predictions
2022-01-01,9.07587679305019
2022-01-02,9.114729571035113
2022-01-03,9.287853321994342
2022-01-04,9.921546920738205
2022-01-05,9.996200921066432
2022-01-06,10.312313733766235
2022-01-07,10.481976292245765
2022-01-08,10.089143955304932
2022-01-09,10.261631446608947
2022-01-10,10.410961703501185
2022-01-11,10.443601126088401
2022-01-12,10.00851159262637
2022-01-13,9.781652118562421
2022-01-14,9.439234294099302
2022-01-15,5.970237497819641
2022-01-16,2.511934119303635
2022-01-17,2.0636106581856586
2022-01-18,2.1596612868432707
2022-01-19,2.4885906288638617
2022-01-20,6.286922011831483
2022-01-21,7.365034662730641
2022-01-22,7.436700031911166
2022-01-23,7.508489254180407
2022-01-24,7.536702768471428
2022-01-25,7.499376383835727
2022-01-26,7.308204050427527
2022-01-27,7.47922609083572
2022-01-28,5.257261456706996
2022-01-29,2.2778575242513917
2022-01-30,2.096006860980012
2022-01-31,1.741217527772133
2022-02-01,2.020200543645149
2022-02-02,3.092080810344899
2022-02-03,6.429509156016567
2022-02-04,7.1638677407697795
2022-02-05,7.450850178585563
2022-02-06,7.680652872510804
2022-02-07,7.648514257470009
2022-02-08,7.600598575109068
2022-02-09,7.5793724195260355
2022-02-10,7.655047432673721
2022-02-11,7.70729194701145
2022-02-12,7.694187797626065
2022-02-13,7.695997503799927
2022-02-14,7.688682634157084
2022-02-15,7.699699945110872
2022-02-16,7.683469031974707
2022-02-17,7.7605866918573385
2022-02-18,7.700314134907254
2022-02-19,7.715920368433301
2022-02-20,7.694214628008139
2022-02-21,7.687214883102896
2022-02-22,7.714215372911494
2022-02-23,7.7123521849960195
2022-02-24,7.7026400697677095
2022-02-25,7.635766652572699
2022-02-26,7.687376044993706
2022-02-27,7.698178958280603
2022-02-28,7.708406270444827
2022-03-01,7.678528869565078
2022-03-02,7.833606814379474
2022-03-03,7.772327304800294
2022-03-04,7.672289069691275
2022-03-05,7.663192451525862
2022-03-06,7.648860434362743
2022-03-07,7.630181896914734
2022-03-08,7.616412869462253
2022-03-09,7.600431861183548
2022-03-10,7.643607936968992
2022-03-11,7.594083215438449
2022-03-12,7.631157461135541
2022-03-13,7.634109017658514
2022-03-14,7.5155792626997675
2022-03-15,7.615169946738646
2022-03-16,7.630899440613849
2022-03-17,7.553156991044748
2022-03-18,7.378626932675552
2022-03-19,7.305198820158458
2022-03-20,7.439221665071911
2022-03-21,7.499456300786549
2022-03-22,7.079878833223528
2022-03-23,7.1325859786192884
2022-03-24,7.318600249275647
2022-03-25,7.279492637079659
2022-03-26,7.680159916909965
2022-03-27,7.716315507379813
2022-03-28,7.641961340122647
2022-03-29,7.446079999933178
2022-03-30,7.64280376791679
2022-03-31,7.650009301942046
2022-04-01,7.558116756514239
2022-04-02,7.426977861058353
2022-04-03,7.42795332131439
2022-04-04,7.2777421755640095
2022-04-05,7.265639650529663
2022-04-06,7.287549520168202
2022-04-07,7.229395194101872
2022-04-08,7.305586538858139
2022-04-09,7.414791826722437
2022-04-10,7.409311323472801
2022-04-11,7.345191574919881
2022-04-12,7.131864731957532
2022-04-13,7.208585360778619
2022-04-14,7.08438754973205
2022-04-15,7.5017296381994765
2022-04-16,7.558959955624606
2022-04-17,7.861393950427345
2022-04-18,7.969649183738707
2022-04-19,7.999349806623539
2022-04-20,7.9908932899169
2022-04-21,7.6128877951411695
2022-04-22,7.715617662512996
2022-04-23,7.840262151650688
2022-04-24,7.795017147415889
2022-04-25,7.979529474358925
2022-04-26,8.023246103819075
2022-04-27,8.076541650151801
2022-04-28,7.312059297939969
2022-04-29,7.04824238806735
2022-04-30,6.501240503265773
2022-05-01,5.60467775438019
2022-05-02,4.702403586162739
2022-05-03,3.8425207241668797
2022-05-04,3.6548573452748445
2022-05-05,5.953391998834514
2022-05-06,7.1509583980627145
2022-05-07,7.198522093827802
2022-05-08,7.782302055944764
2022-05-09,7.875345775417697
2022-05-10,7.934829933282652
2022-05-11,7.923342642721215
2022-05-12,7.894338658349733
2022-05-13,7.91392755480732
2022-05-14,7.939794047496721
2022-05-15,7.902212462485716
2022-05-16,7.959708375075317
2022-05-17,8.021363033696504
2022-05-18,7.991705969001917
2022-05-19,7.956818505585187
2022-05-20,7.963792640770119
2022-05-21,7.939625527117996
2022-05-22,7.945744313780292
2022-05-23,7.981593959732441
2022-05-24,7.969676644007966
2022-05-25,7.987321916770226
2022-05-26,7.985312434565491
2022-05-27,7.9510949183985
2022-05-28,7.996600458202567
2022-05-29,8.048465491243974
2022-05-30,7.978855685196303
2022-05-31,7.919407699004303
2022-06-01,7.861148708762472
2022-06-02,7.9612786148106345
2022-06-03,7.935383308305485
2022-06-04,7.983036423533025
2022-06-05,8.034823263820684
2022-06-06,8.021590514208292
2022-06-07,8.002705819404174
2022-06-08,7.946846975465845
2022-06-09,8.013295681029703
2022-06-10,8.028937749696388
2022-06-11,8.051916535948816
2022-06-12,7.9643242385706445
2022-06-13,7.970389496008485
2022-06-14,7.977427280341951
2022-06-15,8.004155837869579
2022-06-16,8.070376498588908
2022-06-17,8.073056387479582
2022-06-18,8.07154993279005
2022-06-19,8.022084049358831
2022-06-20,8.030846414773949
2022-06-21,7.990454144140844
2022-06-22,8.039315321521775
2022-06-23,7.977185913067477
2022-06-24,7.999278116691341
2022-06-25,8.063999477919419
2022-06-26,8.040639417575262
2022-06-27,8.01887139866701
2022-06-28,7.991224874472319
2022-06-29,8.05262896949214
2022-06-30,8.072375801258765
2022-07-01,8.072377753297252
2022-07-02,8.072472761447717
2022-07-03,8.031449381330805
2022-07-04,8.01567312584468
2022-07-05,8.05897154007541
2022-07-06,8.05706138119476
2022-07-07,8.036405574625007
2022-07-08,8.017477557020523
2022-07-09,7.996552712607219
2022-07-10,8.03624005208296
2022-07-11,8.036614396948723
2022-07-12,8.015973191829536
2022-07-13,7.949678608716343
2022-07-14,8.00739946502476
2022-07-15,7.97377012494143
2022-07-16,7.996616434627375
2022-07-17,8.043683582552147
2022-07-18,8.034986812690788
2022-07-19,8.041133922659682
2022-07-20,7.9565618602859205
2022-07-21,7.9545245230714166
2022-07-22,7.964261855080045
2022-07-23,7.912253735030198
2022-07-24,7.976557042332837
2022-07-25,8.033091584967407
2022-07-26,8.03512100968702
2022-07-27,7.923480523802685
2022-07-28,7.978893176130291
2022-07-29,7.865604548574194
2022-07-30,7.510193216710475
2022-07-31,7.42580374321415
2022-08-01,7.324906389337903
2022-08-02,7.2982332807302726
2022-08-03,7.264943406831074
2022-08-04,7.5761616114406465
2022-08-05,7.4311047032065085
2022-08-06,7.239390503955211
2022-08-07,7.3518333939834175
2022-08-08,7.3004783729878975
2022-08-09,7.297125447380973
2022-08-10,7.266319475195182
2022-08-11,7.571147563480525
2022-08-12,7.402113395793099
2022-08-13,7.403577046274563
2022-08-14,7.3802838234201795
2022-08-15,7.22429314219054
2022-08-16,7.161015839767764
2022-08-17,7.125067749135887
2022-08-18,7.265513018977421
2022-08-19,7.279741759699936
2022-08-20,7.286905671754215
2022-08-21,7.269115062650412
2022-08-22,7.279917089625019
2022-08-23,7.293705194252535
2022-08-24,7.265923634986731
2022-08-25,7.306602859486415
2022-08-26,7.311261456980009
2022-08-27,7.283645919504657
2022-08-28,7.280919606356873
2022-08-29,7.328460299363179
2022-08-30,7.301045181484702
2022-08-31,7.342887500355648
2022-09-01,7.268318324426477
2022-09-02,7.315538457528712
2022-09-03,7.31744270953657
2022-09-04,7.313974623875034
2022-09-05,7.309487053524431
2022-09-06,7.313541136260625
2022-09-07,7.298400596110671
2022-09-08,7.2748514274775244
2022-09-09,7.318226146310625
2022-09-10,7.335010777233439
2022-09-11,7.296434734014342
2022-09-12,7.242939368951013
2022-09-13,7.275468306495702
2022-09-14,7.327399551855749
2022-09-15,7.356180819410969
2022-09-16,7.37708393450196
2022-09-17,7.333851715814482
2022-09-18,7.315329609053305
2022-09-19,7.353657836673076
2022-09-20,7.314626733099093
2022-09-21,7.336106578007932
2022-09-22,7.3576046781690945
2022-09-23,7.342980168395835
2022-09-24,7.379133746602751
2022-09-25,7.376058591517454
2022-09-26,7.331370686003464
2022-09-27,7.354304410824981
2022-09-28,7.345039400014462
2022-09-29,7.386839183324615
2022-09-30,7.377524560324758
2022-10-01,7.356224760637917
2022-10-02,7.333831109949846
2022-10-03,7.2012594002884835
2022-10-04,7.359374280689426
2022-10-05,7.597860817375642
2022-10-06,7.349058402570209
2022-10-07,7.094619236735341
2022-10-08,7.119566396599087
2022-10-09,7.218301245955982
2022-10-10,7.239183905921163
2022-10-11,7.370480399306925
2022-10-12,7.363698364703787
2022-10-13,7.370674545663661
2022-10-14,7.362505378614868
2022-10-15,7.368018871650975
2022-10-16,7.350336627595978
2022-10-17,7.359991351300051
2022-10-18,7.381543392896525
2022-10-19,7.36640842337663
2022-10-20,7.358182554282859
2022-10-21,7.3471542496249524
2022-10-22,7.358782809648236
2022-10-23,7.351989906097393
2022-10-24,7.415276549607554
2022-10-25,7.43575988847829
2022-10-26,7.892108408231673
2022-10-27,7.659605591075164
2022-10-28,7.526824997759157
2022-10-29,7.4519303408529405
2022-10-30,7.361875676711302
2022-10-31,7.358089164890918
2022-11-01,7.3582253462665665
2022-11-02,7.384287520708217
2022-11-03,7.36966084013529
2022-11-04,7.3296364466313335
2022-11-05,7.685140916534668
2022-11-06,7.817401670199326
2022-11-07,8.020289856000032
2022-11-08,8.176431887845458
2022-11-09,8.129969167655211
2022-11-10,7.7510293636888346
2022-11-11,7.886057648621113
2022-11-12,7.894158905510535
2022-11-13,8.076570943938696
2022-11-14,8.133213369582792
2022-11-15,8.175609554110126
2022-11-16,8.031521253075766
2022-11-17,7.5943579566110095
2022-11-18,7.394646838267179
2022-11-19,7.406692313747292
2022-11-20,7.263758653800643
2022-11-21,7.320895145513659
2022-11-22,7.326948060427079
2022-11-23,7.37072163484878
2022-11-24,7.51157415549892
2022-11-25,7.816734186216642
2022-11-26,8.097978492606938
2022-11-27,8.203212545550594
2022-11-28,8.155872203904615
2022-11-29,8.218556847948944
2022-11-30,8.199837070123706
2022-12-01,8.1723139663339
2022-12-02,8.138018011423846
2022-12-03,8.202663143421375
2022-12-04,8.087470396994789
2022-12-05,8.10719195383645
2022-12-06,7.988081932199371
2022-12-07,7.447739128399855
2022-12-08,7.921644962024939
2022-12-09,7.885323607546274
2022-12-10,8.015725319457752
2022-12-11,8.196398511353232
2022-12-12,7.997909546171058
2022-12-13,7.711727699300784
2022-12-14,7.521255576660637
2022-12-15,7.41702521500198
2022-12-16,7.345514470668892
2022-12-17,7.360764507049952
2022-12-18,7.397051009341815
2022-12-19,7.377821605167249
2022-12-20,7.276232257019579
2022-12-21,7.368272188668567
2022-12-22,7.3055036621916125
2022-12-23,7.376342747264182
2022-12-24,7.395851630258929
2022-12-25,7.409182399597349
2022-12-26,7.434047423666565
2022-12-27,7.447986861811422
2022-12-28,7.42656281955085
2022-12-29,7.365952221895574
2022-12-30,7.313993386990841
2022-12-31,7.032020275945777
2023-01-01,7.106482356056373
2023-01-02,7.044833435444058
2023-01-03,7.424736017305346
2023-01-04,7.379563123077778
2023-01-05,7.404810807162508
2023-01-06,7.422402537169957
2023-01-07,7.416350211819028
2023-01-08,7.370888278008131
2023-01-09,7.417720877367883
2023-01-10,7.437732723123782
2023-01-11,7.26328997260496
2023-01-12,7.354258255714502
2023-01-13,7.3942912435375
2023-01-14,7.423714949040216
2023-01-15,7.427832213933734
2023-01-16,7.392926061638721
2023-01-17,7.440506669742412
2023-01-18,7.421247841234463
2023-01-19,7.493225354414427
2023-01-20,7.439633665524463
2023-01-21,7.512526785014705
2023-01-22,7.472315725315276
2023-01-23,7.4245920777857
2023-01-24,7.4710711571631085
2023-01-25,7.443245074988101
2023-01-26,7.430653552967512
2023-01-27,7.437202853083175
2023-01-28,7.4230077130666485
2023-01-29,7.444671894889374
2023-01-30,7.432523162568458
2023-01-31,7.428564987007072
2023-02-01,7.448026852564274
2023-02-02,7.409749931063276
2023-02-03,7.4507058219488576
2023-02-04,7.448862724623984
2023-02-05,7.4402459442357545
2023-02-06,7.470913122231459
2023-02-07,7.425123164946748
2023-02-08,7.4521793479667515
2023-02-09,7.421772770566422
2023-02-10,7.319200495063036
2023-02-11,7.381195738746431
2023-02-12,7.389060227939677
2023-02-13,7.427189242126784
2023-02-14,7.438289793070474
2023-02-15,7.448911316526488
2023-02-16,7.441270840674783
2023-02-17,7.461212430363706
2023-02-18,7.428210298084503
2023-02-19,7.474872844778321
2023-02-20,7.45649462695264
2023-02-21,7.447322842498376
2023-02-22,7.438503425282454
2023-02-23,7.436881375563803
2023-02-24,7.463319646451123
2023-02-25,7.443235295146869
2023-02-26,7.456577157727343
2023-02-27,7.44528621215906
2023-02-28,7.4428195286370995
2023-03-01,7.469622315953565
2023-03-02,7.453623386813913
2023-03-03,7.453797145602661
2023-03-04,7.390660209754364
2023-03-05,7.355253559806573
2023-03-06,7.301081963613418
2023-03-07,7.304569717001573
2023-03-08,7.284501894106204
2023-03-09,7.458866335349971
2023-03-10,7.433655352542147
2023-03-11,7.473382401410937
2023-03-12,7.465028312454906
2023-03-13,7.394579508740456
2023-03-14,7.392711102581353
2023-03-15,7.375145072393919
2023-03-16,7.179477762035082
2023-03-17,7.135272377180827
2023-03-18,7.064076337250936
2023-03-19,7.1871692076327385
2023-03-20,7.304151706395715
2023-03-21,7.354289771684881
2023-03-22,7.38608569664878
2023-03-23,7.318214272597084
2023-03-24,7.333488782993352
2023-03-25,7.288745223137843
2023-03-26,7.29405334732353
2023-03-27,7.401877858089113
2023-03-28,7.389759253928591
2023-03-29,7.286958532340548
2023-03-30,7.401169401005696
2023-03-31,7.341303129150271
2023-04-01,7.3505223048831025
2023-04-02,7.317348649871451
2023-04-03,7.339594568513409
2023-04-04,7.322268570823188
2023-04-05,7.293006141088329
2023-04-06,7.34114445322013
2023-04-07,7.325199629832904
2023-04-08,7.3345063550846
2023-04-09,7.356367655867874
2023-04-10,7.239610835844122
2023-04-11,7.198531504735558
2023-04-12,7.255635613058895
2023-04-13,7.262521969706561
2023-04-14,7.318187031115517
2023-04-15,7.2502710738191505
2023-04-16,7.375875117491095
2023-04-17,7.3708111874608
2023-04-18,7.336640841678916
2023-04-19,7.338858193998293
2023-04-20,7.327211080720946
2023-04-21,7.342273857934908
2023-04-22,7.329613686296185
2023-04-23,7.346002078669115
2023-04-24,7.310885164221531
2023-04-25,7.359960224189974
2023-04-26,7.350754571990154
2023-04-27,7.218886998167419
2023-04-28,7.276403279910977
2023-04-29,7.325647706165037
2023-04-30,7.266030937453257
2023-05-01,7.294164877120578
2023-05-02,7.245104716444114
2023-05-03,7.278148134953599
2023-05-04,7.279612586980127
2023-05-05,7.2953161968832685
2023-05-06,7.3622523700728335
2023-05-07,7.3455768146761935
2023-05-08,7.318974269859165
2023-05-09,7.331239080873379
2023-05-10,7.352376538902976
2023-05-11,7.3362818747297025
2023-05-12,7.355036162474297
2023-05-13,7.3729149338982145
2023-05-14,7.351709358387832
2023-05-15,7.319450604690538
2023-05-16,7.318083192442283
2023-05-17,7.296240420070735
2023-05-18,7.340470625028518
2023-05-19,7.3724425907582996
2023-05-20,7.342792097091015
2023-05-21,7.340570297441806
2023-05-22,7.374564170911336
2023-05-23,7.322469488763843
2023-05-24,7.237233449213734
2023-05-25,7.15605869933891
2023-05-26,7.3428941745480305
2023-05-27,7.267704820583553
2023-05-28,7.356081061872378
2023-05-29,7.326220462518222
2023-05-30,7.35702122306535
2023-05-31,7.35453489302506
2023-06-01,7.375036175397247
2023-06-02,7.316041225420673
2023-06-03,7.277897629270097
2023-06-04,7.259328160364489
2023-06-05,7.275160167448409
2023-06-06,7.236341597258368
2023-06-07,7.294267999702904
2023-06-08,7.354033992166883
2023-06-09,7.333685332952146
2023-06-10,7.320625216942038
2023-06-11,7.348935750090501
2023-06-12,7.335059068637683
2023-06-13,7.3346768957635025
2023-06-14,7.374231035278629
2023-06-15,7.3446638241222715
2023-06-16,7.26613553531772
2023-06-17,7.278412300226262
2023-06-18,7.260327024218526
2023-06-19,7.304449668028651
2023-06-20,7.350616122167209
2023-06-21,7.310090567256242
2023-06-22,7.318341516682616
2023-06-23,7.3296765637971255
2023-06-24,7.3422088146319675
2023-06-25,7.3625852800636595
2023-06-26,7.338707721806137
2023-06-27,7.332804646476425
2023-06-28,7.286963885170166
2023-06-29,7.198834419811001
2023-06-30,7.2133787372589255
2023-07-01,7.300698623147392
2023-07-02,7.081683700556213
2023-07-03,7.303375118955475
2023-07-04,7.2458623884895506
2023-07-05,7.338302581978517
2023-07-06,7.325624455841205
2023-07-07,7.354636284023803
2023-07-08,7.358432212417779
2023-07-09,7.375509379249593
2023-07-10,7.342585205525693
2023-07-11,7.338958854876317
2023-07-12,7.3139359529507555
2023-07-13,7.277818301522857
2023-07-14,7.262034315798043
2023-07-15,7.322931184123871
2023-07-16,7.260159409845133
2023-07-17,7.293318350785183
2023-07-18,7.288399049270655
2023-07-19,7.289950440384423
2023-07-20,7.287697302020414
2023-07-21,7.295691442071757
2023-07-22,7.311754091222962
2023-07-23,7.305970670898124
2023-07-24,7.3930240565387395
2023-07-25,7.356723744254123
2023-07-26,7.324644784076792
2023-07-27,7.295268505901393
2023-07-28,7.183831782050415
2023-07-29,7.007039097117732
2023-07-30,7.194490579754619
2023-07-31,7.2942513819829164
2023-08-01,7.311662629177303
2023-08-02,7.364685515766861
2023-08-03,7.344578922597572
2023-08-04,7.142811210232431
2023-08-05,6.9930613870270815
2023-08-06,7.111709531231921
2023-08-07,7.20331776223452
2023-08-08,7.150652534845692
2023-08-09,7.128875067693189
2023-08-10,7.234436914869373
2023-08-11,7.201808810873639
2023-08-12,7.301753119784492
2023-08-13,7.32026533943645
2023-08-14,7.321581662158117
2023-08-15,7.251959894381202
2023-08-16,7.350474816855941
2023-08-17,7.242012962089481
2023-08-18,7.291052328155598
2023-08-19,7.286320273797172
2023-08-20,7.277772737683515
2023-08-21,7.305774566222547
2023-08-22,6.741825100598644
2023-08-23,6.294951222531131
2023-08-24,7.01025560960446
2023-08-25,5.731585917195978
2023-08-26,3.8900668930457862
2023-08-27,5.204685687072875
2023-08-28,6.795235425284801
2023-08-29,6.970406709197326
2023-08-30,7.300765207305615
2023-08-31,7.2967181595747945
2023-09-01,7.083401470784674
2023-09-02,7.211009918977744
2023-09-03,7.309805325789702
2023-09-04,7.261011912828277
2023-09-05,7.249327195335938
2023-09-06,7.31159235653603
2023-09-07,7.265806361396403
2023-09-08,7.243559628282403
2023-09-09,7.222475215950227
2023-09-10,7.274594989660874
2023-09-11,7.309605378546112
2023-09-12,7.331250961821578
2023-09-13,7.293945414434875
2023-09-14,7.2758773587246965
2023-09-15,7.302213175684869
2023-09-16,7.25427679293192
2023-09-17,7.289395393779483
2023-09-18,7.273537595575907
2023-09-19,7.237064874902966
2023-09-20,7.285801697917013
2023-09-21,7.2936338717479945
2023-09-22,7.2847130027200615
2023-09-23,7.161063542207877
2023-09-24,7.221986986996985
2023-09-25,7.271844221204768
2023-09-26,7.199401317210162
2023-09-27,7.212927028834184
2023-09-28,7.121446340548244
2023-09-29,7.041240312002852
2023-09-30,7.113106803013489
2023-10-01,7.155650941487717
2023-10-02,7.2551989945353474
2023-10-03,7.186688550193199
2023-10-04,7.210904400104122
2023-10-05,7.250021132141432
2023-10-06,7.2342147948271665
2023-10-07,7.31628891741635
2023-10-08,7.2576257050873
2023-10-09,7.275137555539113
2023-10-10,7.292732842240654
2023-10-11,7.23226552923239
2023-10-12,7.323127482476594
2023-10-13,7.302896297400439
2023-10-14,7.278602462750234
2023-10-15,7.26868082720747
2023-10-16,7.271743319015379
2023-10-17,7.292480218634023
2023-10-18,7.273634572440178
2023-10-19,7.338771891181718
2023-10-20,7.291258006068764
2023-10-21,7.321518809505441
2023-10-22,7.32042942998191
2023-10-23,7.253359655825448
2023-10-24,7.259657368563378
2023-10-25,7.26945596377898
2023-10-26,7.29660308907966
2023-10-27,7.371408795646654
2023-10-28,7.3349056033272255
2023-10-29,7.261525913727728
2023-10-30,7.333541952310748
2023-10-31,7.299812615871067
2023-11-01,7.3413379986027625
2023-11-02,7.272220278637891
2023-11-03,7.288449261333288
2023-11-04,7.284172686919451
2023-11-05,7.182990050131971
2023-11-06,7.257827092643388
2023-11-07,7.222773298235791
2023-11-08,7.251886160798639
2023-11-09,7.29065034732849
2023-11-10,7.336080654973037
2023-11-11,7.3291453701615845
2023-11-12,7.5271794391839695
2023-11-13,7.680858747708814
2023-11-14,7.556658299706539
2023-11-15,7.712362698597424
2023-11-16,7.508098648844379
2023-11-17,7.497866752376338
2023-11-18,7.68019152579305
2023-11-19,7.68226760189682
2023-11-20,7.2996085067510625
2023-11-21,6.636728538457306
2023-11-22,6.398586413132109
2023-11-23,6.669730448900416
2023-11-24,7.276369776530041
2023-11-25,7.510910792334157
2023-11-26,7.709311362340641
2023-11-27,7.6305103922974205
2023-11-28,7.1005867837184296
2023-11-29,6.678830224982258
2023-11-30,6.433526502615325
2023-12-01,5.956265504531628
2023-12-02,6.05671878038651
2023-12-03,6.078250774532213
2023-12-04,7.115943810878016
2023-12-05,7.521882872450513
2023-12-06,7.770861969271034
2023-12-07,7.048674582772739
2023-12-08,7.436683806315392
2023-12-09,7.554863374713733
2023-12-10,7.7742828885599735
2023-12-11,7.76719378823207
2023-12-12,7.704068530152872
2023-12-13,7.762867173104273
2023-12-14,7.013162576796253
2023-12-15,7.330307181666691
2023-12-16,7.354470711969921
2023-12-17,7.669082071689952
2023-12-18,7.688725771084214
2023-12-19,7.707658289883238
2023-12-20,7.8115065378788495
2023-12-21,7.064277396250568
2023-12-22,6.540601530457934
2023-12-23,6.318724575897736
2023-12-24,6.193679203559892
2023-12-25,6.458538195593501
2023-12-26,7.0995951690771495
2023-12-27,7.5443266305190555
2023-12-28,7.687085193663204
2023-12-29,7.83769201492927
2023-12-30,7.622579630229697
2023-12-31,7.709014140547989
2024-01-01,7.7397460811474925
2024-01-02,7.770026983092716
2024-01-03,7.778016112808892
2024-01-04,7.73677218007025
2024-01-05,7.688640127545804
2024-01-06,7.617074173028128
2024-01-07,7.487333372798628
2024-01-08,7.518675971128594
2024-01-09,7.4607775540922185
2024-01-10,7.649119533856419
2024-01-11,7.657673373086997
2024-01-12,7.657573833594244
2024-01-13,7.734307439382543
2024-01-14,7.787160702337884
2024-01-15,7.808129507145948
2024-01-16,7.821116280753432
2024-01-17,7.777569468410826
2024-01-18,7.798482217163862
2024-01-19,7.786611747487796
2024-01-20,7.702582309729744
2024-01-21,7.648844980451636
2024-01-22,7.551539001512938
2024-01-23,7.495316630983557
2024-01-24,7.510253779586992
2024-01-25,7.5641161761659
2024-01-26,7.750891480989423
2024-01-27,7.747593338165688
2024-01-28,7.717105751927492
2024-01-29,7.623220462708698
2024-01-30,7.559586913412212
2024-01-31,7.552804674046005
2024-02-01,7.503755220606431
2024-02-02,7.487498487133745
2024-02-03,7.5365869991393035
2024-02-04,7.505476694581711
2024-02-05,7.528431029848494
2024-02-06,7.542133633376218
2024-02-07,7.490348401517115
2024-02-08,7.502578630489365
2024-02-09,7.50498246837729
2024-02-10,7.487946760292293
2024-02-11,7.492942250192754
2024-02-12,7.493580274787746
2024-02-13,7.4612505262099535
2024-02-14,7.472616244668475
2024-02-15,7.504127385221495
2024-02-16,7.476073806909885
2024-02-17,7.4816079716505985
2024-02-18,7.461678340942016
2024-02-19,7.465121271264774
2024-02-20,7.458042750273524
2024-02-21,7.443206429977428
2024-02-22,7.452091722861712
2024-02-23,7.470449279475909
2024-02-24,7.436849944801903
2024-02-25,7.406204709668258
2024-02-26,7.480575276581337
2024-02-27,7.47602462882778
2024-02-28,7.45236508044275
2024-02-29,7.44310860287922
2024-03-01,7.467636714790395
2024-03-02,7.420324041744198
2024-03-03,7.3909712617732986
2024-03-04,7.345600773053296
2024-03-05,7.338026886219324
2024-03-06,7.387671808424168
2024-03-07,7.261108740826627
2024-03-08,7.420987198963781
2024-03-09,7.5104829706517355
2024-03-10,7.47193339834206
2024-03-11,7.6052088276771075
2024-03-12,7.4954455816579495
2024-03-13,7.479818724693656
2024-03-14,7.492442712579975
2024-03-15,7.463549704052932
2024-03-16,7.552183780699511
2024-03-17,7.1736149242801135
2024-03-18,6.878197609162796
2024-03-19,6.6211737323243
2024-03-20,6.4022005502379375
2024-03-21,6.832925523412065
2024-03-22,7.019422620319179
2024-03-23,7.383846773107426
2024-03-24,7.371997030573814
2024-03-25,7.48651790632087
2024-03-26,7.598116975769
2024-03-27,7.438368428400516
2024-03-28,7.262799668353223
2024-03-29,7.410311936561522
2024-03-30,7.3694036154139555
2024-03-31,7.349018235069966
2024-04-01,7.370247921922465
2024-04-02,7.422389507154105
2024-04-03,7.398075779861526
2024-04-04,7.188512281710074
2024-04-05,7.30402241459007
2024-04-06,7.402769446106069
2024-04-07,7.278031825894352
2024-04-08,7.444219329033009
2024-04-09,7.361528432917231
2024-04-10,7.394676373398763
2024-04-11,7.198425044563252
2024-04-12,7.115828839103639
2024-04-13,7.194259102859311
2024-04-14,7.409637807483172
2024-04-15,7.474298293460686
2024-04-16,7.46925606636222
2024-04-17,7.464852109191797
2024-04-18,7.432603109748971
2024-04-19,7.436475364659849
2024-04-20,7.2091777630992215
2024-04-21,7.072449818225046
2024-04-22,7.017579603413968
2024-04-23,6.904815161196932
2024-04-24,7.066096294700909
2024-04-25,6.992123669786418
2024-04-26,7.19630068188876
2024-04-27,7.329140999180664
2024-04-28,7.360024719286253
2024-04-29,7.411642655588063
2024-04-30,7.376644230938057
2024-05-01,7.39325647790333
2024-05-02,7.442006723120914
2024-05-03,7.378386576057477
2024-05-04,7.390845178961399
2024-05-05,7.409795505917425
2024-05-06,7.373904764196521
2024-05-07,7.407988977535841
2024-05-08,7.3917137376813775
2024-05-09,7.415707940379714
2024-05-10,7.436544139334185
2024-05-11,7.4557963983387205
2024-05-12,7.475238732772239
2024-05-13,7.43584764242718
2024-05-14,7.446649687660307
2024-05-15,7.389241921836218
2024-05-16,7.392984507408825
2024-05-17,7.183115576553897
2024-05-18,7.207950126813015
2024-05-19,7.247052277351408
2024-05-20,7.28275524262651
2024-05-21,7.413830478830577
2024-05-22,7.387657280850833
2024-05-23,7.384012164449058
2024-05-24,7.408229259085521
2024-05-25,7.437281103160721
2024-05-26,7.527050039441539
2024-05-27,7.494861456037099
2024-05-28,7.481624926698291
2024-05-29,7.432564309067685
2024-05-30,7.443861206654888
2024-05-31,7.431842722086008
2024-06-01,7.481207493445314
2024-06-02,7.468230581803587
2024-06-03,7.4356804118460875
2024-06-04,7.4437030338427155
2024-06-05,7.459839953484005
2024-06-06,7.4617831868325615
2024-06-07,7.43830891402666
2024-06-08,7.502245262143235
2024-06-09,7.4836402650501865
2024-06-10,7.436833517310836
2024-06-11,7.458187647534959
2024-06-12,7.401507984083675
2024-06-13,7.432219064899015
2024-06-14,7.419736931541218
2024-06-15,7.374156557121096
2024-06-16,7.318884274807432
2024-06-17,7.010477297343811
2024-06-18,7.205491077279646
2024-06-19,7.150198948707745
2024-06-20,7.180557565880446
2024-06-21,7.2390432123443675
2024-06-22,7.246630423793967
2024-06-23,7.219869215971425
2024-06-24,7.243915091108529
2024-06-25,7.2345332031731155
2024-06-26,7.033461737214557
2024-06-27,7.253684661127842
2024-06-28,7.18376400407485
2024-06-29,7.174677350566319
2024-06-30,7.213394518277096
2024-07-01,7.246978928964616
2024-07-02,7.225898156821964
2024-07-03,7.2120551883456905
2024-07-04,7.242768689644967
2024-07-05,6.965033303429178
2024-07-06,7.001986216099922
2024-07-07,7.045770923802385
2024-07-08,7.110975061877764
2024-07-09,7.164561143973078
2024-07-10,7.023712566083446
2024-07-11,7.206692459366789
2024-07-12,7.179635700412231
2024-07-13,7.1336973428203905
2024-07-14,7.124310788761254
2024-07-15,6.963953488860467
2024-07-16,7.148775525867327
2024-07-17,6.890895843945458
2024-07-18,7.207213572301629
2024-07-19,7.181667286808444
2024-07-20,7.074937396054077
2024-07-21,7.071774872978158
2024-07-22,7.047477382185009
2024-07-23,6.814120952892762
2024-07-24,6.823867611243116
2024-07-25,7.177407864077111
2024-07-26,7.125152190036872
2024-07-27,7.125027105836372
2024-07-28,6.996936365056217
2024-07-29,6.847182746481824
2024-07-30,7.032315018932524
2024-07-31,7.054629398149651
2024-08-01,7.243560305152683
2024-08-02,7.234010177963387
2024-08-03,7.1869183623257875
2024-08-04,7.116315888036757
2024-08-05,7.006784566515701
2024-08-06,7.142260488714523
2024-08-07,7.171411888876905
2024-08-08,7.034997074115486
2024-08-09,7.126894982322302
2024-08-10,7.1624164010966975
2024-08-11,7.205703531421875
2024-08-12,7.198822200226227
2024-08-13,7.244376965109924
2024-08-14,7.256481250403916
2024-08-15,7.201482258900524
2024-08-16,7.205129371581084
2024-08-17,7.009100517047541
2024-08-18,6.743002749767661
2024-08-19,6.548199039586381
2024-08-20,6.397623842637918
2024-08-21,6.339569140853985
2024-08-22,6.655716847051873
2024-08-23,6.521254213979003
2024-08-24,6.545958137638553
2024-08-25,6.296465834045229
2024-08-26,6.378748867657658
2024-08-27,6.355961741915833
2024-08-28,6.403260101780378
2024-08-29,6.382441027990857
2024-08-30,6.325792018685652
2024-08-31,6.3208320522803785
2024-09-01,6.363319556056812
2024-09-02,6.32991819915561
2024-09-03,6.29297947161529
2024-09-04,6.427517579338471
2024-09-05,6.226367144137422
2024-09-06,6.246757235563731
2024-09-07,6.4625529491898295
2024-09-08,6.335901580945408
2024-09-09,6.341878536250204
2024-09-10,6.523516665178034
2024-09-11,6.458549161839662
2024-09-12,6.446311477409278
2024-09-13,6.37460268047564
2024-09-14,6.216761236818356
2024-09-15,6.267821765696375
2024-09-16,6.260748270286343
2024-09-17,6.226591579067978
2024-09-18,6.378980207239943
2024-09-19,6.267862090162136
2024-09-20,6.359884847311784
2024-09-21,5.536036767084638
2024-09-22,5.3663677980495335
2024-09-23,4.523800694418622
2024-09-24,1.4973610627810627
2024-09-25,5.316228098595904
2024-09-26,6.244516872686478
2024-09-27,4.768941535061033
2024-09-28,1.54469035812118
2024-09-29,1.604612468801943
2024-09-30,4.329966418984653
2024-10-01,5.613732678024346
2024-10-02,6.348209699142005
2024-10-03,2.8038355508175283
2024-10-04,1.4529618134920634
2024-10-05,4.735751929976929
2024-10-06,6.444970908075976
2024-10-07,6.2320070691579454
2024-10-08,7.1646643236915155
2024-10-09,7.002556923812592
2024-10-10,6.712822121998698
2024-10-11,4.355066191023443
2024-10-12,1.9052968504708532
2024-10-13,1.7479631426380136
2024-10-14,0.8833044520757022
2024-10-15,5.021378017903449
2024-10-16,6.290515265416601
2024-10-17,6.215009703073052
2024-10-18,6.635910942025901
2024-10-19,6.363671832315298
2024-10-20,6.374359516772683
2024-10-21,6.472817530806294
2024-10-22,6.480959132918643
2024-10-23,6.577956298685981
2024-10-24,6.703920469023582
2024-10-25,6.858570403515107
2024-10-26,6.783441227329031
2024-10-27,6.923646456950466
2024-10-28,4.042310841305274
2024-10-29,1.9016708208610462
2024-10-30,4.899850176120788
2024-10-31,5.684853371411818
2024-11-01,5.781568330361175
2024-11-02,3.1702725834047465
2024-11-03,1.3524795985727707
2024-11-04,5.73176503228367
2024-11-05,6.558454779708617
2024-11-06,3.771983644507675
2024-11-07,1.8645903603608969
2024-11-08,1.3827796645847596
2024-11-09,0.9821199331094185
2024-11-10,1.0262000318995173
2024-11-11,1.3433805050824907
2024-11-12,0.9672918237188093
2024-11-13,1.3701501548804011
2024-11-14,1.7372498610736116
2024-11-15,4.024938299371533
2024-11-16,5.736104235489031
2024-11-17,4.147031478063218
2024-11-18,2.4978412664516076
2024-11-19,5.919529913054188
2024-11-20,6.250378042010408
2024-11-21,6.407075261224828
2024-11-22,5.1713880927554206
2024-11-23,4.925999049829333
2024-11-24,6.864313354792979
2024-11-25,6.99982870554358
2024-11-26,7.2886409895324515
2024-11-27,7.0192196194443595
2024-11-28,6.993387389421341
2024-11-29,7.0432719148384475
2024-11-30,7.084748324645202
2024-12-01,7.17955334776406
2024-12-02,7.312272730960775
2024-12-03,7.063706062703751
2024-12-04,7.123569114926449
2024-12-05,6.828978171696677
2024-12-06,7.133294829095617
2024-12-07,7.09616658344187
2024-12-08,7.115881324618114
2024-12-09,7.263975233321701
2024-12-10,7.258527064057498
2024-12-11,7.228195046502507
2024-12-12,7.3448190793159815
2024-12-13,7.293263525362691
2024-12-14,7.34154811165921
2024-12-15,7.3607189164983655
2024-12-16,7.37848560927952
2024-12-17,7.383004863446257
2024-12-18,7.299785186780915
2024-12-19,7.175742138780624
2024-12-20,7.061073320800301
2024-12-21,7.106302109019968
2024-12-22,7.134060515276843
2024-12-23,7.2719811344398275
2024-12-24,7.22615276419145
2024-12-25,7.195883992345756
2024-12-26,7.366377168881456
2024-12-27,7.376832767690879
2024-12-28,7.334267171213188
2024-12-29,7.231697167998691
2024-12-30,7.241001013268726
2024-12-31,7.294477089591628
2025-01-01,7.293804284151488
2025-01-02,7.319783835371513
2025-01-03,7.378227237550967
2025-01-04,7.375657071331687
2025-01-05,7.369034165135898
2025-01-06,7.239656410997429
2025-01-07,6.231941429030855
2025-01-08,2.6669372866936283
2025-01-09,6.493445532103992
2025-01-10,7.0540475783867755
2025-01-11,7.055326302726809
2025-01-12,7.3321169515881115
2025-01-13,7.2599854837183315
2025-01-14,7.3380081751609785
2025-01-15,7.375777700684012
2025-01-16,7.745593577893486
2025-01-17,8.157705673400791
2025-01-18,8.284307925924454
2025-01-19,8.431739887977745
2025-01-20,7.860195618958781
2025-01-21,7.5249795061216
2025-01-22,7.462301242145218
2025-01-23,7.276899470472764
2025-01-24,6.958374832651369
2025-01-25,7.031269702696623
2025-01-26,7.192468387330434
2025-01-27,7.333327268404397
2025-01-28,7.407995158222863
2025-01-29,7.3888104265376935
2025-01-30,7.348123638797314
2025-01-31,7.383757383126672
2025-02-01,7.4012402864467335
2025-02-02,7.426706663552372
2025-02-03,7.42581741950827
2025-02-04,7.396617147344861
2025-02-05,7.427059051683442
2025-02-06,7.385466307810962
2025-02-07,7.381972020414492
2025-02-08,7.293744049980029
2025-02-09,7.398938993850116
2025-02-10,7.456781122465558
2025-02-11,7.463627387597812
2025-02-12,7.481287953202662
2025-02-13,7.971412963465087
2025-02-14,8.056000574760452
2025-02-15,8.201557660012742
2025-02-16,8.180685277000807
2025-02-17,8.403446708246788
2025-02-18,8.375013357554499
2025-02-19,7.870219099963889
2025-02-20,7.516970425936438
2025-02-21,7.328332828339649
2025-02-22,7.271092425287864
2025-02-23,7.38108348750946
2025-02-24,7.2622148921262575
2025-02-25,7.327656446577557
2025-02-26,7.427225140420978
2025-02-27,7.4579540211843405
2025-02-28,7.474417233326152
2025-03-01,7.509056138765456
2025-03-02,7.487746814820859
2025-03-03,7.595246951115154
2025-03-04,7.6366722252494235
2025-03-05,7.847471321655929
2025-03-06,7.778243604666312
2025-03-07,7.887792210239688
2025-03-08,7.9048823178628815
2025-03-09,7.908459287416126
2025-03-10,7.9191499488073065
2025-03-11,8.024446293482443
2025-03-12,8.10405573755364
2025-03-13,8.392374071464234
2025-03-14,8.34923642950423
2025-03-15,8.417246900896558
2025-03-16,8.495205236909772
2025-03-17,8.4498519500568
2025-03-18,8.554015645505032
2025-03-19,8.404264472373173
2025-03-20,8.390231706944963
2025-03-21,7.407077786438763
2025-03-22,7.433467401004513
2025-03-23,7.325592375145849
2025-03-24,7.253543333428412
2025-03-25,7.379197342492075
2025-03-26,7.75413890766519
2025-03-27,7.518779590728113
2025-03-28,7.433775699893963
2025-03-29,7.283641686016811
2025-03-30,7.165590133690538
2025-03-31,7.215427872111105
2025-04-01,7.1107079708519
2025-04-02,7.793920217147539
2025-04-03,7.969524759285763
2025-04-04,8.232691629016216
2025-04-05,8.365364940426945
2025-04-06,8.37408786971987
2025-04-07,8.449043412357426
2025-04-08,8.42504559582994
2025-04-09,8.35313325936089
2025-04-10,8.404429822934047
2025-04-11,8.34312728226351
2025-04-12,8.321415332013418
2025-04-13,8.238895809167321
2025-04-14,8.377867813220861
2025-04-15,8.312394302154939
2025-04-16,8.14947810535732
2025-04-17,8.177669989263089
2025-04-18,8.288765687730852
2025-04-19,8.314859164456731
2025-04-20,8.099823762009475
2025-04-21,8.057977310000405
2025-04-22,7.798059677676792
2025-04-23,7.642418683399602
2025-04-24,7.524836411818686
2025-04-25,7.449536259745969
2025-04-26,7.4049986400524235
2025-04-27,7.396558324670793
2025-04-28,6.907433661144713
2025-04-29,6.982007202445401
2025-04-30,6.978794103211747
2025-05-01,7.177863704418149
2025-05-02,7.2569615759834925
2025-05-03,7.299118291699081
2025-05-04,7.373273364026318
2025-05-05,7.4211234071814856
2025-05-06,7.482356006433317
2025-05-07,7.551508028358817
2025-05-08,7.441081175679362
2025-05-09,7.390800771212812
2025-05-10,7.3326472731046906
2025-05-11,7.451728676582137
2025-05-12,7.378952851759659
2025-05-13,7.338431308059545
2025-05-14,7.411657150766278
2025-05-15,7.411544587288449
2025-05-16,7.401568417084786
2025-05-17,7.380614617613281
2025-05-18,7.360382694880072
2025-05-19,7.243332195208308
2025-05-20,6.681253305587708
2025-05-21,6.230180203364931
2025-05-22,6.8760000008389275
2025-05-23,7.148029741334618
2025-05-24,7.383069668110161
2025-05-25,7.322841720781298
2025-05-26,7.297296797861585
2025-05-27,7.371866461623762
2025-05-28,7.399192274955339
2025-05-29,7.3669283682423385
2025-05-30,7.367454105798406
2025-05-31,7.3686183202332
2025-06-01,7.372464908544067
2025-06-02,7.326744332723085
2025-06-03,7.339094327363698
2025-06-04,7.3791639370407145
2025-06-05,7.3570254614585675
2025-06-06,7.399055696162887
2025-06-07,7.412407259574885
2025-06-08,7.365245820672299
2025-06-09,7.405035135898134
2025-06-10,7.398830513655247
2025-06-11,7.410243782922315
2025-06-12,7.356833946464694
2025-06-13,7.4301196510585275
2025-06-14,7.404427784447822
2025-06-15,7.407866127067287
2025-06-16,7.397543697144886
2025-06-17,7.412619643724929
2025-06-18,7.382638773956006
2025-06-19,7.411780010862223
2025-06-20,7.431963421761737
2025-06-21,7.424079036036911
2025-06-22,7.428596498655102
2025-06-23,7.391462025854931
2025-06-24,7.413194016029549
2025-06-25,7.372791777480635
2025-06-26,7.362059057209574
2025-06-27,7.366365834107102
2025-06-28,7.382480607293653
2025-06-29,7.393904607335876
2025-06-30,7.356956520075563
2025-07-01,7.241191389446543
2025-07-02,7.231378147273984
2025-07-03,7.371590428702899
2025-07-04,7.402533220184159
2025-07-05,7.4441933050762294
2025-07-06,7.411560225671398
2025-07-07,7.250095310453019
2025-07-08,7.418273304188456
2025-07-09,7.364960316758814
2025-07-10,7.42281289106046
2025-07-11,7.417304679147199
2025-07-12,7.3952525964037354
2025-07-13,7.423094180260064
2025-07-14,7.4290049367616
2025-07-15,7.422064715893806
2025-07-16,7.398055500569363
2025-07-17,7.359577638882463
2025-07-18,7.389033959707839
2025-07-19,7.417966438493249
2025-07-20,7.416705692359361
2025-07-21,7.397472981669173
2025-07-22,7.392607847270679
2025-07-23,7.404373887464742
2025-07-24,7.412967502255898
2025-07-25,7.424635729368813
2025-07-26,7.41821563434224
2025-07-27,7.409703550563814
2025-07-28,7.390213093065523
2025-07-29,7.424521801939766
2025-07-30,7.411253640073625
2025-07-31,7.393470862397302
2025-08-01,7.400617679598364
2025-08-02,7.411618085873631
2025-08-03,7.400978005051031
2025-08-04,7.46910381829721
2025-08-05,7.460232755467988
2025-08-06,7.437291065984195
2025-08-07,7.475153270769664
2025-08-08,7.386711572843868
2025-08-09,7.326324889656172
2025-08-10,7.318398148553792
2025-08-11,7.347276523819262
2025-08-12,7.3452794134719595
2025-08-13,7.340829840030936
2025-08-14,7.284407679402225
2025-08-15,7.290475575285895
2025-08-16,7.3108899600430535
2025-08-17,7.069741589311914
2025-08-18,6.95635862810793
2025-08-19,6.832229150772539
2025-08-20,7.029426875048276
2025-08-21,7.0893966349398685
2025-08-22,7.103801014628894
2025-08-23,7.273676805290984
2025-08-24,7.313568171720205
2025-08-25,7.3863053918123445
2025-08-26,7.290033348091168
2025-08-27,7.3877431563283595
2025-08-28,5.921240558370407
2025-08-29,2.6523277514369195
2025-08-30,3.633816015667414
2025-08-31,3.842383204658436
2025-09-01,3.805445933155081
2025-09-02,3.9594756464269967
2025-09-03,5.541294052483951
2025-09-04,6.632118824218942
2025-09-05,6.6469095243306775
2025-09-06,6.785837625946141
2025-09-07,6.885446526700036
2025-09-08,6.175120810169051
2025-09-09,5.9230524449207556
2025-09-10,6.559712819170903
2025-09-11,6.747918795080662
2025-09-12,6.614926696655792
2025-09-13,6.8434706504953455
2025-09-14,6.902059044354708
2025-09-15,6.887365711790636
2025-09-16,6.90698827321355
2025-09-17,7.092942513577895
2025-09-18,7.06194014992241
2025-09-19,7.26381098076018
2025-09-20,7.140177173398094
2025-09-21,7.338934320042329
2025-09-22,7.422258900026881
2025-09-23,7.35980855703143
2025-09-24,7.350544358874881
2025-09-25,7.396638923744174
2025-09-26,7.344603292172809
2025-09-27,7.348216114296256
2025-09-28,7.3486287579666945
2025-09-29,7.353929863270248
2025-09-30,7.3188260941169485
2025-10-01,7.36160729364376
2025-10-02,6.980272310510909
2025-10-03,6.114820931073186
2025-10-04,5.206894363426994
2025-10-05,3.7618625815493085
2025-10-06,2.905565903850997
2025-10-07,2.19998954519516
2025-10-08,6.1533515099255105
2025-10-09,6.738886896061599
2025-10-10,6.340089983762758
2025-10-11,7.25926006457029
2025-10-12,7.129429735333824
2025-10-13,6.801340121085527
2025-10-14,6.123304485684328
2025-10-15,6.6223222009527065
2025-10-16,5.642836490742552
2025-10-17,4.621319240909806
2025-10-18,4.621749201706064
2025-10-19,3.0263656421251848
2025-10-20,1.6387490260245627
2025-10-21,1.8646511506526238
2025-10-22,5.901390419376144
2025-10-23,6.5517999845056805
2025-10-24,6.5363671614234065
2025-10-25,7.064893839910638
2025-10-26,7.048062159371142
2025-10-27,6.903803240787855
2025-10-28,7.130079684551864
2025-10-29,7.3137220390816085
2025-10-30,7.357717624197051
2025-10-31,7.3209755062550865
2025-11-01,7.365722094054297
2025-11-02,7.334594864440598
2025-11-03,7.324386622007845
2025-11-04,7.336519362276184
2025-11-05,7.277232952392763
2025-11-06,7.220521474615649
2025-11-07,7.3264639536971075
2025-11-08,7.350257548283135
2025-11-09,6.834896594345487
2025-11-10,6.716085840642625
2025-11-11,6.904751146776212
2025-11-12,6.337388136698628
2025-11-13,7.048948174842927
2025-11-14,6.4418331068906785
2025-11-15,5.880681420028938
2025-11-16,5.583746037440285
2025-11-17,5.615584989394194
2025-11-18,5.306271049640002
2025-11-19,5.767003161667362
2025-11-20,5.591242065904287
2025-11-21,5.395098922369783
2025-11-22,5.4936645303930405
2025-11-23,4.35868912447895
2025-11-24,2.8085169335799707
2025-11-25,4.011167319727045
2025-11-26,3.6762736077318436
2025-11-27,4.060082880109517
2025-11-28,4.021046149649431
2025-11-29,3.9163406201152227
2025-11-30,3.9817203613803027
2025-12-01,3.4966634061998776
2025-12-02,3.747071152165575
2025-12-03,2.248249463418081
2025-12-04,1.5934458319038685
2025-12-05,4.344477396566041
2025-12-06,4.842040914947106
2025-12-07,5.053390205415083
2025-12-08,5.102142251103838
2025-12-09,4.133178131440069
2025-12-10,4.7550145762057445
2025-12-11,5.797248429919491
2025-12-12,6.774194120123025
2025-12-13,6.514903725064162
2025-12-14,6.770457254647368
2025-12-15,6.786885259606063
2025-12-16,6.794894121011257
2025-12-17,6.6728219922348
2025-12-18,6.808699808814383
2025-12-19,7.27615036419121
2025-12-20,7.180823699385549
2025-12-21,7.169707911394181
2025-12-22,7.354351911461808
2025-12-23,7.38782304472762
2025-12-24,7.276130515764313
2025-12-25,7.362666416443043
2025-12-26,7.360499790337124
2025-12-27,7.40038617538316
2025-12-28,7.348982182276478
2025-12-29,7.3796766401481815
2025-12-30,7.40022979639197
2025-12-31,7.377252482932829
2026-01-01,7.322789929367336
2026-01-02,7.394488647827038
2026-01-03,7.390487956541765
2026-01-04,7.4078436676024895
2026-01-05,7.356553344089544
2026-01-06,7.42189732614135
2026-01-07,7.421642880828622
2026-01-08,7.438658457616104
2026-01-09,7.420531889242799
2026-01-10,7.434012056431776
2026-01-11,7.427174207555645
2026-01-12,7.439141878610327
2026-01-13,7.435007324550594
2026-01-14,7.373327717521303
2026-01-15,7.412307139427493
2026-01-16,7.34171810689402
2026-01-17,7.359388871923647
2026-01-18,7.411418569877988
2026-01-19,7.456658863054502
2026-01-20,7.423727612774518
2026-01-21,7.445152455130496
2026-01-22,7.412787207751282
2026-01-23,7.38811208267363
2026-01-24,7.362778726612304
2026-01-25,7.298173523407596
2026-01-26,7.422660711164861
2026-01-27,7.459279427823361
2026-01-28,7.428913829511958
2026-01-29,7.455512769508798
2026-01-30,7.465007926069445
2026-01-31,7.454784101230783
2026-02-01,7.259528345818796
2026-02-02,7.009641203224391
2026-02-03,6.695960466935247
2026-02-04,6.724003822619628
2026-02-05,7.215717018626879
2026-02-06,7.366987943875274
2026-02-07,7.123549354926841
2026-02-08,6.5371337506136395
2026-02-09,6.013238070871394
2026-02-10,5.8181523253303915
2026-02-11,5.820507674213149
2026-02-12,5.736738781863527
2026-02-13,5.764739176987035
2026-02-14,5.644744141272882
2026-02-15,4.675890082709712
2026-02-16,3.349097026663189
2026-02-17,5.154693694925064
2026-02-18,5.763523698514391
2026-02-19,5.782155874349784
2026-02-20,5.525934327858548
2026-02-21,5.802372745093802
2026-02-22,5.781589404393085
2026-02-23,5.936278501343386
2026-02-24,5.747332052480639
2026-02-25,4.830991353313188
2026-02-26,5.210645462580329
2026-02-27,5.89200937550284
2026-02-28,5.808319811631935
2026-03-01,5.861073982947424
2026-03-02,5.7732531580604745
2026-03-03,6.0005477155147
2026-03-04,5.768158950591518
2026-03-05,5.849199132357078
2026-03-06,6.126942640464482
2026-03-07,5.945406598297788
2026-03-08,5.9671660396333275
2026-03-09,5.775465675674607
2026-03-10,5.840163410605597
2026-03-11,5.9006889167858185
2026-03-12,5.909686033338943
2026-03-13,5.719546376886354
2026-03-14,5.936882648442739
2026-03-15,5.822400229731034
2026-03-16,4.715075551986674
2026-03-17,5.422173258248428
2026-03-18,5.594135610389042
2026-03-19,5.7208422548256825
2026-03-20,5.6108952988706555
2026-03-21,5.715568633579905
2026-03-22,5.749688579862502
2026-03-23,4.730731548184395
2026-03-24,5.560850832792495
2026-03-25,5.898497591960884
2026-03-26,5.88393404687823
2026-03-27,6.010958541501993
2026-03-28,5.964406341437602
2026-03-29,6.113269855557687
2026-03-30,6.064078233514907
2026-03-31,6.054049103866459
2026-04-01,5.895897903476922
2026-04-02,5.967563845784388
2026-04-03,6.052359717756932
2026-04-04,6.004657750495466
2026-04-05,5.530250941094161
2026-04-06,5.121889782417319
2026-04-07,5.309636032009156
2026-04-08,5.701159785808835
2026-04-09,5.946709039012394
2026-04-10,6.08059176334604
2026-04-11,5.9610621870085785
2026-04-12,5.8213675811788015
2026-04-13,5.911862314821892
2026-04-14,5.919036534038615
2026-04-15,5.694261298366656
2026-04-16,5.445497296850109
2026-04-17,5.707453012082499
2026-04-18,6.025079601519431
2026-04-19,6.087104624986297
2026-04-20,5.964874984857479
2026-04-21,5.828031671712189
2026-04-22,6.051682338671162
2026-04-23,6.066682494913005
2026-04-24,6.064876162976041
2026-04-25,6.037531970715801
2026-04-26,6.036004183502031
2026-04-27,5.96209035286189
2026-04-28,5.954446664960825
2026-04-29,6.027071445732173
2026-04-30,6.097679842187099
2026-05-01,6.204631213546474
2026-05-02,6.858822985749157
2026-05-03,7.28307890463488
2026-05-04,7.34857583245069
2026-05-05,7.3470087259270676
2026-05-06,7.377492110029374
2026-05-07,7.429714381126872
2026-05-08,7.403224071103374
2026-05-09,7.450417827297693
2026-05-10,7.321594512506738
2026-05-11,6.862025684963815
2026-05-12,6.7482555158926685
2026-05-13,6.920182611991262
2026-05-14,7.195902525257917
2026-05-15,7.233308292447281
2026-05-16,7.333277387405051
2026-05-17,7.365352368596805
2026-05-18,7.373716439558987
2026-05-19,7.383570278629204
2026-05-20,7.312735681278244
2026-05-21,6.9764513646304644
2026-05-22,6.762660743937261
2026-05-23,6.60751037056893
2026-05-24,6.508622014092204
2026-05-25,6.413887479094878
2026-05-26,6.360856154174577
2026-05-27,6.354389510432173
2026-05-28,6.354511404744696
2026-05-29,6.522691965300773
2026-05-30,6.701466205831767
2026-05-31,6.718138821433752
2026-06-01,6.641519741229112
2026-06-02,6.428822354758878
2026-06-03,6.3847702627327685
2026-06-04,6.557466492836861
2026-06-05,6.9955932764057005
2026-06-06,7.233008967547096
2026-06-07,7.371103333763842
2026-06-08,7.399634342242445
2026-06-09,7.454522982595846
2026-06-10,7.472522942712095
2026-06-11,7.472418435786158
2026-06-12,7.46034519477322
2026-06-13,7.457842324701672
2026-06-14,7.442087824980988
2026-06-15,7.463368215616575
2026-06-16,7.414829744009776
2026-06-17,7.4605562640632375
2026-06-18,7.473493520280432
2026-06-19,7.445810497371968
2026-06-20,7.411242402707015
2026-06-21,7.45606985876239
2026-06-22,7.413872550315954
2026-06-23,7.453731481287125
2026-06-24,7.469956678667126
2026-06-25,7.421196998301824
2026-06-26,7.391302853111748
2026-06-27,7.4484078715349185
2026-06-28,7.380408871846559
2026-06-29,7.406936642451966
2026-06-30,7.439122221733648
2026-07-01,7.374411537401517
2026-07-02,7.350244063538482
2026-07-03,7.307648396223215
2026-07-04,7.331041651628585
2026-07-05,7.40345177797524
2026-07-06,7.385312929871635
2026-07-07,7.412562986108886
2026-07-08,7.402460218027195
2026-07-09,7.433087839470589
2026-07-10,7.409917355478707
2026-07-11,7.421714958922328
2026-07-12,7.373270827291231
2026-07-13,7.418308026190069
2026-07-14,7.263529041247632
2026-07-15,7.337314449312024
2026-07-16,7.336644328275482
2026-07-17,7.356369382378436
2026-07-18,7.316012033598924
2026-07-19,7.362715209452619
2026-07-20,7.335643598819806
2026-07-21,7.380168771260156
2026-07-22,7.392736657324748
2026-07-23,7.378748435627106
2026-07-24,7.36463934803945
2026-07-25,7.414430789525695
2026-07-26,7.433330076684936
2026-07-27,7.419068769049975
2026-07-28,7.404990350123675
2026-07-29,7.377264390211973
2026-07-30,7.426531044731916
2026-07-31,7.437227739950116
2026-08-01,7.421112787147946
2026-08-02,7.4035892389404445
2026-08-03,7.412342938086653
2026-08-04,7.407082400775753
2026-08-05,7.4228887630904135
2026-08-06,7.423013964019529
2026-08-07,7.411437017641581
2026-08-08,7.389059511246049
2026-08-09,7.445708337533277
2026-08-10,7.448950643941666
2026-08-11,7.448659787280126
2026-08-12,7.380749199404833
2026-08-13,7.401650021581288
2026-08-14,7.406809891826515
2026-08-15,7.369879570581438
2026-08-16,7.338526154025942
2026-08-17,7.388850704526314
2026-08-18,7.411861302653518
2026-08-19,7.440537479563181
2026-08-20,7.3434988955797476
2026-08-21,7.43318034907838
2026-08-22,7.416310113123484
2026-08-23,7.440493820936613
2026-08-24,7.390031632469434
2026-08-25,7.391110834815399
2026-08-26,7.285365608379717
2026-08-27,7.126977142211927
2026-08-28,7.215561064519579
2026-08-29,7.29890326919762
2026-08-30,7.401935424152692
2026-08-31,7.404996858673961
2026-09-01,7.345175518258512
2026-09-02,7.3125407190724765
2026-09-03,7.43866352011883
2026-09-04,7.428942925488022
2026-09-05,7.471698980746458
2026-09-06,7.430287450571889
2026-09-07,7.451705589368431
2026-09-08,7.361279717734735
2026-09-09,7.429441245782748
2026-09-10,7.434030560103746
2026-09-11,7.449214335145004
2026-09-12,7.430684688107275
2026-09-13,7.403415068891215
2026-09-14,7.404100264695327
2026-09-15,7.4248248699855415
2026-09-16,7.382413089410054
2026-09-17,7.390355319490913
2026-09-18,7.420666902778697
2026-09-19,7.433456030988764
2026-09-20,7.419151049431195
2026-09-21,7.435166764832713
2026-09-22,7.413324821296741
2026-09-23,7.420067045920511
2026-09-24,7.4724857055629945
2026-09-25,7.629729175546287
2026-09-26,8.054142775725888
2026-09-27,8.269221566304944
2026-09-28,8.586434506614465
2026-09-29,8.533824422418508
2026-09-30,8.272031178780242
2026-10-01,8.591777645671993
2026-10-02,8.616743713999728
2026-10-03,8.621461104857788
2026-10-04,8.572398766289666
2026-10-05,7.745339418428451
2026-10-06,7.3660104681786835
2026-10-07,7.844893532388291
2026-10-08,7.9188722754044365
2026-10-09,7.320163846164692
2026-10-10,6.417739586973802
2026-10-11,3.8856658126648584
2026-10-12,1.9224294821901942
2026-10-13,2.0079537867687876
2026-10-14,1.350183473457959
2026-10-15,2.438904170090419
2026-10-16,2.2158223982961482
2026-10-17,2.7393419601278737
2026-10-18,2.3472918507927654
2026-10-19,2.6549043214913057
2026-10-20,2.5843232740466884
2026-10-21,2.181502630682117
2026-10-22,2.642038083681497
2026-10-23,1.7067215414935264
2026-10-24,0.8180600236120091
2026-10-25,1.0700381424451277
2026-10-26,2.821861228573975
2026-10-27,3.583986648308975
2026-10-28,2.31522176380459
2026-10-29,3.730117196926888
2026-10-30,4.250267058498042
2026-10-31,4.282920282548852
2026-11-01,4.2356419532054606
2026-11-02,4.396962455847651
2026-11-03,4.352615016530566
2026-11-04,2.646035866752295
2026-11-05,4.333666020133293
2026-11-06,4.198651974524221
2026-11-07,4.283931040967034
2026-11-08,4.324876085145744
2026-11-09,4.190808269940999
2026-11-10,4.437205084872731
2026-11-11,4.241861179681955
2026-11-12,3.9370489895136696
2026-11-13,4.281456566243503
2026-11-14,4.170813725597421
2026-11-15,3.8473196956672746
2026-11-16,3.984445061831495
2026-11-17,4.061063483193331
2026-11-18,4.110730887865875
2026-11-19,4.125340189679068
2026-11-20,4.154328065331066
2026-11-21,4.380994744832328
2026-11-22,4.369205844727191
2026-11-23,4.400242881862938
2026-11-24,4.4470434013447315
2026-11-25,4.385604171576918
2026-11-26,4.434802750964939
2026-11-27,4.40708327790089
2026-11-28,4.2541142070945
2026-11-29,4.355632815568148
2026-11-30,4.577142477589057
2026-12-01,4.2636983396999515
2026-12-02,4.678116814415735
2026-12-03,4.633347489524456
2026-12-04,4.944875636690427
2026-12-05,5.721375750233315
2026-12-06,5.147724751657
2026-12-07,4.842454820232422
2026-12-08,4.913743923800015
2026-12-09,4.661865126174938
2026-12-10,4.661468617351116
2026-12-11,4.584915823802927
2026-12-12,5.037522542068313
2026-12-13,6.110157851158403
2026-12-14,7.113874276586583
2026-12-15,7.215539742666196
2026-12-16,6.715786982158099
2026-12-17,5.700287700449146
2026-12-18,6.4643088358853085
2026-12-19,7.043453145533076
2026-12-20,7.209034197961699
2026-12-21,7.413966734127469
2026-12-22,7.478083439291363
2026-12-23,7.3636742349603095
2026-12-24,7.415278310709402
2026-12-25,7.5060473540790795
2026-12-26,7.4052822288780185
2026-12-27,7.48691276134001
2026-12-28,7.5136814741585205
2026-12-29,7.49641477363258
2026-12-30,7.37578303590304
