Date,Energy Consumption,Water Flows
2017-01-01,153910.0,15.38
2017-01-02,153910.0,15.56
2017-01-03,153910.0,15.74
2017-01-04,153910.0,16.02
2017-01-05,153910.0,15.25
2017-01-06,153910.0,15.25
2017-01-07,153910.0,15.0
2017-01-08,153910.0,15.01
2017-01-09,153910.0,14.0
2017-01-10,153910.0,15.01
2017-01-11,153910.0,15.0
2017-01-12,153910.0,16.0
2017-01-13,153910.0,10.0
2017-01-14,153910.0,10.01
2017-01-15,153910.0,15.01
2017-01-16,153910.0,13.01
2017-01-17,153910.0,15.49
2017-01-18,153910.0,15.27
2017-01-19,153910.0,15.27
2017-01-20,153910.0,15.27
2017-01-21,153910.0,15.24
2017-01-22,153910.0,14.76
2017-01-23,153910.0,14.76
2017-01-24,153910.0,14.76
2017-01-25,153910.0,15.98
2017-01-26,153910.0,19.41
2017-01-27,153910.0,19.11
2017-01-28,153910.0,18.95
2017-01-29,153910.0,18.96
2017-01-30,153910.0,19.17
2017-02-01,182614.0,19.13
2017-02-02,182614.0,18.95
2017-02-03,182614.0,18.95
2017-02-04,182614.0,18.95
2017-02-05,182614.0,18.96
2017-02-06,182614.0,15.32
2017-02-07,182614.0,3.82
2017-02-08,182614.0,18.95
2017-02-09,182614.0,18.96
2017-02-10,182614.0,13.42
2017-02-11,182614.0,18.95
2017-02-12,182614.0,18.96
2017-02-13,182614.0,18.94
2017-02-14,182614.0,18.95
2017-02-15,182614.0,18.96
2017-02-16,182614.0,18.95
2017-02-17,182614.0,16.72
2017-02-18,182614.0,14.74
2017-02-19,182614.0,14.74
2017-02-20,182614.0,10.52
2017-02-21,182614.0,14.72
2017-02-22,182614.0,14.74
2017-02-23,182614.0,14.83
2017-02-24,182614.0,14.74
2017-02-25,182614.0,14.74
2017-02-26,182614.0,14.74
2017-02-27,182614.0,14.74
2017-02-28,182614.0,14.74
2017-03-01,134468.0,14.74
2017-03-02,134468.0,14.74
2017-03-03,134468.0,14.75
2017-03-04,134468.0,14.74
2017-03-05,134468.0,14.74
2017-03-06,134468.0,14.73
2017-03-07,134468.0,14.75
2017-03-08,134468.0,14.74
2017-03-09,134468.0,14.73
2017-03-10,134468.0,15.23
2017-03-11,134468.0,15.1
2017-03-12,134468.0,14.48
2017-03-13,134468.0,15.17
2017-03-14,134468.0,15.28
2017-03-15,134468.0,15.28
2017-03-16,134468.0,15.3
2017-03-17,134468.0,15.28
2017-03-18,134468.0,15.26
2017-03-19,134468.0,14.93
2017-03-20,134468.0,14.76
2017-03-21,134468.0,14.76
2017-03-22,134468.0,14.77
2017-03-23,134468.0,14.99
2017-03-24,134468.0,14.67
2017-03-25,134468.0,14.76
2017-03-26,134468.0,14.76
2017-03-27,134468.0,14.75
2017-03-28,134468.0,6.64
2017-03-29,134468.0,12.1
2017-03-30,134468.0,15.2
2017-03-31,134468.0,15.2
2017-04-01,142808.0,15.16
2017-04-02,142808.0,14.42
2017-04-03,142808.0,11.3
2017-04-04,142808.0,13.97
2017-04-05,142808.0,14.99
2017-04-06,142808.0,15.04
2017-04-07,142808.0,15.1
2017-04-08,142808.0,15.1
2017-04-09,142808.0,15.1
2017-04-10,142808.0,15.11
2017-04-11,142808.0,15.11
2017-04-12,142808.0,15.24
2017-04-13,142808.0,15.28
2017-04-14,142808.0,15.15
2017-04-15,142808.0,14.99
2017-04-16,142808.0,14.63
2017-04-17,142808.0,14.69
2017-04-18,142808.0,14.89
2017-04-19,142808.0,14.99
2017-04-20,142808.0,14.86
2017-04-21,142808.0,14.81
2017-04-22,142808.0,14.99
2017-04-23,142808.0,14.81
2017-04-24,142808.0,14.96
2017-04-25,142808.0,14.79
2017-04-26,142808.0,14.64
2017-04-27,142808.0,14.9
2017-04-28,142808.0,15.03
2017-04-29,142808.0,11.96
2017-04-30,142808.0,14.96
2017-05-01,151815.0,14.84
2017-05-02,151815.0,14.76
2017-05-03,151815.0,14.75
2017-05-04,151815.0,14.87
2017-05-05,151815.0,15.0
2017-05-06,151815.0,14.85
2017-05-07,151815.0,14.95
2017-05-08,151815.0,15.12
2017-05-09,151815.0,15.15
2017-05-10,151815.0,14.92
2017-05-11,151815.0,14.93
2017-05-12,151815.0,15.01
2017-05-13,151815.0,14.99
2017-05-14,151815.0,14.75
2017-05-15,151815.0,12.93
2017-05-16,151815.0,13.92
2017-05-17,151815.0,14.08
2017-05-18,151815.0,14.28
2017-05-19,151815.0,14.54
2017-05-20,151815.0,14.21
2017-05-21,151815.0,14.07
2017-05-22,151815.0,14.02
2017-05-23,151815.0,11.97
2017-05-24,151815.0,10.26
2017-05-25,151815.0,10.5
2017-05-26,151815.0,10.75
2017-05-27,151815.0,9.12
2017-05-28,151815.0,10.96
2017-05-29,151815.0,10.97
2017-06-01,27481.0,0.0
2017-06-02,27481.0,0.0
2017-06-03,27481.0,0.0
2017-06-04,27481.0,0.0
2017-06-05,27481.0,0.0
2017-06-06,27481.0,0.0
2017-06-07,27481.0,0.0
2017-06-08,27481.0,0.19
2017-06-09,27481.0,7.9
2017-06-10,27481.0,7.5
2017-06-11,27481.0,7.28
2017-06-12,27481.0,7.04
2017-06-13,27481.0,7.12
2017-06-14,27481.0,7.15
2017-06-15,27481.0,4.15
2017-06-16,27481.0,0.0
2017-06-17,27481.0,0.0
2017-06-18,27481.0,0.0
2017-06-19,27481.0,0.0
2017-06-20,27481.0,0.0
2017-06-21,27481.0,0.0
2017-06-22,27481.0,0.0
2017-06-23,27481.0,0.0
2017-06-24,27481.0,0.0
2017-06-25,27481.0,0.0
2017-06-26,0.0,0.0
2017-06-27,0.0,0.0
2017-06-28,0.0,0.0
2017-06-29,0.0,0.0
2017-06-30,0.0,0.0
2017-10-01,0.0,0.0
2017-10-02,0.0,0.0
2017-10-03,0.0,0.0
2017-10-04,0.0,0.0
2017-10-05,0.0,0.0
2017-10-06,0.0,0.0
2017-10-07,0.0,0.0
2017-10-08,0.0,0.0
2017-10-09,0.0,0.0
2017-10-10,0.0,0.0
2017-10-11,0.0,0.0
2017-10-12,0.0,0.0
2017-10-13,0.0,0.0
2017-10-14,0.0,0.0
2017-10-15,0.0,0.0
2017-10-16,0.0,0.0
2017-10-17,0.0,0.0
2017-10-18,0.0,0.0
2017-10-19,0.0,0.0
2017-10-20,0.0,0.0
2017-10-21,0.0,0.0
2017-10-22,0.0,0.0
2017-10-23,0.0,0.0
2017-10-24,0.0,0.0
2017-10-25,0.0,0.0
2017-10-26,0.0,0.0
2017-10-27,0.0,0.0
2017-10-28,0.0,0.0
2017-10-29,0.0,0.0
2017-10-30,0.0,0.0
2017-10-31,0.0,0.0
2017-11-01,0.0,0.0
2017-11-02,0.0,0.0
2017-11-03,0.0,0.0
2017-11-04,0.0,0.0
2017-11-05,0.0,0.0
2017-11-06,22220.0,6.46
2017-11-07,22220.0,11.25
2017-11-08,22220.0,12.13
2017-11-09,22220.0,12.21
2017-11-10,22220.0,12.25
2017-11-11,22220.0,12.2
2017-11-12,22220.0,12.0
2017-11-13,22220.0,14.35
2017-11-14,22220.0,16.2
2017-11-15,22220.0,16.2
2017-11-16,22220.0,16.0
2017-11-17,22220.0,16.0
2017-11-18,22220.0,16.0
2017-11-19,22220.0,16.0
2017-11-20,22220.0,16.0
2017-11-21,22220.0,16.05
2017-11-22,22220.0,16.09
2017-11-23,22220.0,16.1
2017-11-24,22220.0,16.09
2017-11-25,22220.0,16.1
2017-11-26,22220.0,16.03
2017-11-27,22220.0,16.0
2017-11-28,22220.0,16.0
2017-12-01,121127.0,12.23
2017-12-02,121127.0,12.0
2017-12-03,121127.0,12.0
2017-12-04,121127.0,12.13
2017-12-05,121127.0,11.86
2017-12-06,121127.0,12.19
2017-12-07,121127.0,12.12
2017-12-08,121127.0,12.13
2017-12-09,121127.0,12.37
2017-12-10,121127.0,12.19
2017-12-11,121127.0,12.33
2017-12-12,121127.0,12.21
2017-12-13,121127.0,12.16
2017-12-14,121127.0,11.89
2017-12-15,121127.0,11.32
2017-12-16,121127.0,11.36
2017-12-17,121127.0,11.32
2017-12-18,121127.0,11.3
2017-12-19,121127.0,11.43
2017-12-20,121127.0,12.07
2017-12-21,121127.0,12.15
2017-12-22,121127.0,12.04
2017-12-23,121127.0,11.98
2017-12-24,121127.0,11.99
2017-12-25,121127.0,11.98
2017-12-26,121127.0,12.04
2017-12-27,121127.0,12.02
2017-12-28,121127.0,12.01
2017-12-29,121127.0,12.04
2017-12-30,121127.0,12.06
2017-12-31,121127.0,12.13
2018-01-01,114406.0,12.08
2018-01-02,114406.0,12.1
2018-01-03,114406.0,12.07
2018-01-04,114406.0,11.08
2018-01-05,114406.0,11.82
2018-01-06,114406.0,11.82
2018-01-07,114406.0,11.9
2018-01-08,114406.0,11.95
2018-01-09,114406.0,10.81
2018-01-10,114406.0,11.6
2018-01-11,114406.0,11.26
2018-01-12,114406.0,11.34
2018-01-13,114406.0,11.2
2018-01-14,114406.0,11.62
2018-01-15,114406.0,11.79
2018-01-16,114406.0,11.63
2018-01-17,114406.0,11.41
2018-01-18,114406.0,11.55
2018-01-19,114406.0,11.34
2018-01-20,114406.0,11.39
2018-01-21,114406.0,11.3
2018-01-22,114406.0,11.11
2018-01-23,114406.0,11.46
2018-01-24,114406.0,12.03
2018-01-25,114406.0,9.62
2018-01-26,114406.0,11.32
2018-01-27,114406.0,11.93
2018-01-28,114406.0,1.78
2018-02-01,81950.0,12.02
2018-02-02,81950.0,11.86
2018-02-03,81950.0,12.0
2018-02-04,81950.0,11.97
2018-02-05,81950.0,12.07
2018-02-06,81950.0,11.77
2018-02-07,81950.0,12.3
2018-02-08,81950.0,10.82
2018-02-09,81950.0,11.33
2018-02-10,81950.0,11.32
2018-02-11,81950.0,11.15
2018-02-12,81950.0,10.75
2018-02-13,81950.0,11.65
2018-02-14,81950.0,11.97
2018-02-15,81950.0,12.08
2018-02-16,81950.0,12.08
2018-02-17,81950.0,12.12
2018-02-18,81950.0,12.4
2018-02-19,81950.0,12.82
2018-02-20,81950.0,12.88
2018-02-21,81950.0,12.56
2018-02-22,81950.0,12.55
2018-02-23,81950.0,12.47
2018-02-24,81950.0,12.34
2018-02-25,81950.0,12.39
2018-02-26,81950.0,4.14
2018-02-27,81950.0,0.0
2018-02-28,81950.0,0.0
2018-03-01,10990.0,0.0
2018-03-02,10990.0,0.0
2018-03-03,10990.0,0.0
2018-03-04,10990.0,0.0
2018-03-05,10990.0,0.0
2018-03-06,10990.0,0.0
2018-03-07,10990.0,0.0
2018-03-08,10990.0,0.0
2018-03-09,0.0,0.0
2018-03-10,0.0,0.0
2018-03-11,0.0,0.0
2018-03-12,0.0,0.0
2018-03-13,10990.0,3.36
2018-03-14,10990.0,9.61
2018-03-15,10990.0,12.07
2018-03-16,10990.0,5.34
2018-03-17,10990.0,7.11
2018-03-18,10990.0,11.03
2018-03-19,10990.0,11.05
2018-03-20,10990.0,11.29
2018-03-21,10990.0,11.29
2018-03-22,10990.0,11.12
2018-03-23,10990.0,10.98
2018-03-24,10990.0,10.97
2018-03-25,10990.0,10.94
2018-03-26,10990.0,10.73
2018-03-27,10990.0,10.95
2018-03-28,10990.0,11.47
2018-03-29,10990.0,11.82
2018-03-30,10990.0,12.12
2018-03-31,10990.0,12.14
2018-04-01,75895.0,4.41
2018-04-02,75895.0,7.55
2018-04-03,75895.0,12.1
2018-04-04,75895.0,12.19
2018-04-05,75895.0,12.06
2018-04-06,75895.0,12.0
2018-04-07,75895.0,11.78
2018-04-08,75895.0,11.47
2018-04-09,75895.0,11.98
2018-04-10,75895.0,12.03
2018-04-11,75895.0,12.01
2018-04-12,75895.0,11.98
2018-04-13,75895.0,11.88
2018-04-14,75895.0,12.1
2018-04-15,75895.0,12.09
2018-04-16,75895.0,12.12
2018-04-17,75895.0,12.15
2018-04-18,75895.0,12.21
2018-04-19,75895.0,12.25
2018-04-20,75895.0,12.15
2018-04-21,75895.0,12.1
2018-04-22,75895.0,12.09
2018-04-23,75895.0,12.1
2018-04-24,75895.0,12.2
2018-04-25,75895.0,12.28
2018-04-26,75895.0,12.22
2018-04-27,75895.0,12.13
2018-04-28,75895.0,12.12
2018-04-29,75895.0,12.12
2018-04-30,75895.0,12.22
2018-05-01,69545.0,12.12
2018-05-02,69545.0,12.12
2018-05-03,69545.0,12.12
2018-05-04,69545.0,12.15
2018-05-05,69545.0,12.14
2018-05-06,69545.0,12.18
2018-05-07,69545.0,12.15
2018-05-08,69545.0,12.28
2018-05-09,69545.0,12.14
2018-05-10,69545.0,11.98
2018-05-11,69545.0,12.05
2018-05-12,69545.0,12.19
2018-05-13,69545.0,12.1
2018-05-14,69545.0,5.21
2018-05-15,69545.0,0.0
2018-05-16,69545.0,7.43
2018-05-17,69545.0,12.04
2018-05-18,69545.0,9.32
2018-05-19,69545.0,8.0
2018-05-20,69545.0,7.89
2018-05-21,69545.0,3.13
2018-05-22,69545.0,0.0
2018-05-23,69545.0,0.0
2018-05-24,69545.0,0.0
2018-05-25,69545.0,0.0
2018-05-26,69545.0,0.0
2018-05-27,69545.0,0.0
2018-05-28,69545.0,0.0
2018-05-29,69545.0,0.0
2018-06-01,0.0,0.0
2018-06-02,0.0,0.0
2018-06-03,0.0,0.0
2018-06-04,0.0,0.0
2018-06-05,0.0,0.0
2018-06-06,0.0,0.0
2018-06-07,0.0,0.0
2018-06-08,0.0,0.0
2018-06-09,0.0,0.0
2018-06-10,0.0,0.0
2018-06-11,0.0,0.0
2018-06-12,0.0,0.0
2018-06-13,0.0,0.0
2018-06-14,0.0,0.0
2018-06-15,0.0,0.0
2018-06-16,0.0,0.0
2018-06-17,0.0,0.0
2018-06-18,0.0,0.0
2018-06-19,0.0,0.0
2018-06-20,0.0,0.0
2018-06-21,0.0,0.0
2018-06-22,0.0,0.0
2018-06-23,0.0,0.0
2018-06-24,0.0,0.0
2018-06-25,0.0,0.0
2018-06-26,0.0,0.0
2018-06-27,0.0,0.0
2018-06-28,0.0,0.0
2018-06-29,0.0,0.0
2018-07-01,0.0,0.0
2018-07-02,0.0,0.0
2018-07-03,0.0,0.0
2018-07-04,0.0,0.0
2018-07-05,0.0,0.0
2018-07-06,0.0,0.0
2018-07-07,0.0,0.0
2018-07-08,0.0,0.0
2018-07-09,0.0,0.0
2018-07-10,0.0,0.0
2018-07-11,0.0,0.0
2018-07-12,0.0,0.0
2018-07-13,0.0,0.0
2018-07-14,0.0,0.0
2018-07-15,0.0,0.0
2018-07-16,0.0,0.0
2018-07-17,0.0,0.0
2018-07-18,0.0,0.0
2018-07-19,0.0,0.0
2018-07-20,0.0,0.0
2018-07-21,0.0,0.0
2018-07-22,0.0,0.0
2018-07-23,0.0,0.0
2018-07-24,0.0,0.0
2018-07-25,0.0,0.0
2018-07-26,0.0,0.0
2018-07-27,0.0,0.0
2018-07-28,0.0,0.0
2018-07-29,0.0,0.0
2018-07-30,0.0,0.0
2018-07-31,0.0,0.0
2018-08-01,0.0,0.0
2018-08-02,0.0,0.0
2018-08-03,0.0,0.0
2018-08-04,0.0,0.0
2018-08-05,0.0,0.0
2018-08-06,0.0,0.0
2018-08-07,0.0,0.0
2018-08-08,0.0,0.0
2018-08-09,0.0,0.0
2018-08-10,0.0,0.0
2018-08-11,0.0,0.0
2018-08-12,0.0,0.0
2018-08-13,0.0,0.0
2018-08-14,0.0,0.0
2018-08-15,0.0,0.0
2018-08-16,0.0,0.0
2018-08-17,0.0,0.0
2018-08-18,0.0,0.0
2018-08-19,0.0,0.0
2018-08-20,0.0,0.0
2018-08-21,0.0,0.0
2018-08-22,0.0,0.0
2018-08-23,0.0,0.0
2018-08-24,0.0,0.0
2018-08-25,0.0,0.0
2018-08-26,0.0,0.0
2018-08-27,0.0,0.0
2018-08-28,0.0,0.0
2018-08-29,0.0,0.0
2018-08-30,0.0,0.0
2018-08-31,0.0,0.0
2018-09-01,0.0,0.0
2018-09-02,0.0,0.0
2018-09-03,0.0,0.0
2018-09-04,0.0,0.0
2018-09-05,0.0,0.0
2018-09-06,0.0,0.0
2018-09-07,0.0,0.0
2018-09-08,0.0,0.0
2018-09-09,0.0,0.0
2018-09-10,0.0,0.0
2018-09-11,0.0,0.0
2018-09-12,0.0,0.0
2018-09-13,0.0,0.0
2018-09-14,0.0,0.0
2018-09-15,0.0,0.0
2018-09-16,0.0,0.0
2018-09-17,0.0,0.0
2018-09-18,0.0,0.0
2018-09-19,0.0,0.0
2018-09-20,0.0,0.0
2018-09-21,0.0,0.0
2018-09-22,0.0,0.0
2018-09-23,0.0,0.0
2018-09-24,0.0,0.0
2018-09-25,0.0,0.0
2018-09-26,0.0,0.0
2018-09-27,0.0,0.0
2018-09-28,0.0,0.0
2018-09-29,0.0,0.0
2018-09-30,0.0,0.0
2018-10-01,0.0,0.0
2018-10-02,0.0,0.0
2018-10-03,0.0,0.0
2018-10-04,0.0,0.0
2018-10-05,0.0,0.0
2018-10-06,0.0,0.0
2018-10-07,0.0,0.0
2018-10-08,0.0,0.0
2018-10-09,0.0,0.0
2018-10-10,0.0,0.0
2018-10-11,0.0,0.0
2018-10-12,0.0,0.0
2018-10-13,0.0,0.0
2018-10-14,0.0,0.0
2018-10-15,0.0,0.0
2018-10-16,0.0,0.0
2018-10-17,0.0,0.0
2018-10-18,0.0,0.0
2018-10-19,0.0,0.0
2018-10-20,0.0,0.0
2018-10-21,0.0,0.0
2018-10-22,0.0,0.0
2018-10-23,0.0,0.0
2018-10-24,0.0,0.0
2018-10-25,0.0,0.0
2018-10-26,0.0,0.0
2018-10-27,0.0,0.0
2018-10-28,0.0,0.0
2018-10-29,0.0,0.0
2018-10-30,0.0,0.0
2018-10-31,0.0,0.0
2018-11-01,0.0,0.0
2018-11-02,0.0,0.0
2018-11-03,0.0,0.0
2018-11-04,0.0,0.0
2018-11-05,0.0,0.0
2018-11-06,0.0,0.0
2018-11-07,0.0,0.0
2018-11-08,0.0,0.0
2018-11-09,0.0,0.0
2018-11-10,0.0,0.0
2018-11-11,0.0,0.0
2018-11-12,0.0,0.0
2018-11-13,0.0,0.0
2018-11-14,0.0,0.0
2018-11-15,0.0,0.0
2018-11-16,0.0,0.0
2018-11-17,0.0,0.0
2018-11-18,0.0,0.0
2018-11-19,0.0,0.0
2018-11-20,0.0,0.0
2018-11-21,0.0,0.0
2018-11-22,0.0,0.0
2018-11-23,0.0,0.0
2018-11-24,0.0,0.0
2018-11-25,0.0,0.0
2018-11-26,0.0,0.0
2018-11-27,0.0,0.0
2018-11-28,0.0,0.0
2018-11-29,0.0,0.0
2018-11-30,0.0,0.0
2018-12-01,0.0,0.0
2018-12-02,0.0,0.0
2018-12-03,0.0,0.0
2018-12-04,34323.0,9.4
2018-12-05,34323.0,12.4
2018-12-06,34323.0,12.3
2018-12-07,34323.0,12.29
2018-12-08,34323.0,12.23
2018-12-09,34323.0,12.15
2018-12-10,34323.0,11.3
2018-12-11,34323.0,12.12
2018-12-12,34323.0,12.1
2018-12-13,34323.0,12.14
2018-12-14,34323.0,12.22
2018-12-15,34323.0,12.38
2018-12-16,34323.0,12.73
2018-12-17,34323.0,12.49
2018-12-18,34323.0,12.53
2018-12-19,34323.0,12.7
2018-12-20,34323.0,12.36
2018-12-21,34323.0,12.5
2018-12-22,34323.0,13.66
2018-12-23,34323.0,13.26
2018-12-24,34323.0,4.53
2018-12-25,34323.0,6.16
2018-12-26,34323.0,12.53
2018-12-27,34323.0,12.45
2018-12-28,34323.0,12.78
2018-12-29,34323.0,13.16
2018-12-30,34323.0,13.54
2019-01-01,109045.0,13.11
2019-01-02,109045.0,13.24
2019-01-03,109045.0,10.31
2019-01-04,109045.0,13.16
2019-01-05,109045.0,12.96
2019-01-06,109045.0,13.17
2019-01-07,109045.0,13.41
2019-01-08,109045.0,13.13
2019-01-09,109045.0,13.19
2019-01-10,109045.0,13.68
2019-01-11,109045.0,13.29
2019-01-12,109045.0,12.84
2019-01-13,109045.0,12.38
2019-01-14,109045.0,12.83
2019-01-15,109045.0,13.84
2019-01-16,109045.0,13.19
2019-01-17,109045.0,12.22
2019-01-18,109045.0,12.13
2019-01-19,109045.0,12.2
2019-01-20,109045.0,12.35
2019-01-21,109045.0,12.7
2019-01-22,109045.0,12.59
2019-01-23,109045.0,12.15
2019-01-24,109045.0,12.11
2019-01-25,109045.0,12.37
2019-01-26,109045.0,12.29
2019-01-27,109045.0,12.24
2019-01-28,109045.0,12.89
2019-01-29,109045.0,12.35
2019-01-30,109045.0,12.17
2019-01-31,109045.0,12.41
2019-02-01,97452.0,12.38
2019-02-02,97452.0,12.23
2019-02-03,97452.0,12.11
2019-02-04,97452.0,12.1
2019-02-05,97452.0,12.24
2019-02-06,97452.0,12.52
2019-02-07,97452.0,12.81
2019-02-08,97452.0,12.8
2019-02-09,97452.0,12.85
2019-02-10,97452.0,13.18
2019-02-11,97452.0,12.9
2019-02-12,97452.0,12.82
2019-02-13,97452.0,13.27
2019-02-14,97452.0,13.82
2019-02-15,97452.0,13.99
2019-02-16,97452.0,13.9
2019-02-17,97452.0,13.97
2019-02-18,97452.0,12.14
2019-02-19,97452.0,12.45
2019-02-20,97452.0,13.5
2019-02-21,97452.0,13.81
2019-02-22,97452.0,13.42
2019-02-23,97452.0,13.32
2019-02-24,97452.0,13.87
2019-02-25,97452.0,14.0
2019-02-26,97452.0,13.8
2019-02-27,97452.0,13.5
2019-02-28,97452.0,13.73
2019-03-01,92802.0,14.21
2019-03-02,92802.0,13.68
2019-03-03,92802.0,13.79
2019-03-04,92802.0,13.95
2019-03-05,92802.0,14.07
2019-03-06,92802.0,14.52
2019-03-07,92802.0,13.26
2019-03-08,92802.0,14.13
2019-03-09,92802.0,13.86
2019-03-10,92802.0,13.43
2019-03-11,92802.0,14.17
2019-03-12,92802.0,13.79
2019-03-13,92802.0,13.65
2019-03-14,92802.0,13.14
2019-03-15,92802.0,13.02
2019-03-16,92802.0,13.0
2019-03-17,92802.0,13.0
2019-03-18,92802.0,13.18
2019-03-19,92802.0,12.94
2019-03-20,92802.0,12.48
2019-03-21,92802.0,12.75
2019-03-22,92802.0,12.99
2019-03-23,92802.0,4.86
2019-03-24,92802.0,12.74
2019-03-25,92802.0,12.49
2019-03-26,92802.0,12.5
2019-03-27,92802.0,13.04
2019-03-28,92802.0,12.84
2019-03-29,92802.0,12.82
2019-03-30,92802.0,12.35
2019-03-31,92802.0,12.46
2019-04-01,106461.0,12.69
2019-04-02,106461.0,12.39
2019-04-03,106461.0,12.18
2019-04-04,106461.0,12.1
2019-04-05,106461.0,12.06
2019-04-06,106461.0,12.39
2019-04-07,106461.0,12.95
2019-04-08,106461.0,12.89
2019-04-09,106461.0,12.74
2019-04-10,106461.0,12.86
2019-04-11,106461.0,12.91
2019-04-12,106461.0,13.1
2019-04-13,106461.0,12.79
2019-04-14,106461.0,12.79
2019-04-15,106461.0,13.03
2019-04-16,106461.0,12.79
2019-04-17,106461.0,12.84
2019-04-18,106461.0,12.9
2019-04-19,106461.0,12.86
2019-04-20,106461.0,12.33
2019-04-21,106461.0,12.27
2019-04-22,106461.0,12.44
2019-04-23,106461.0,16.99
2019-04-24,106461.0,21.86
2019-04-25,106461.0,21.08
2019-04-26,106461.0,20.71
2019-04-27,106461.0,20.82
2019-04-28,106461.0,20.72
2019-04-29,106461.0,20.72
2019-05-01,165081.0,20.23
2019-05-02,165081.0,16.79
2019-05-03,165081.0,1.65
2019-05-04,165081.0,17.05
2019-05-05,165081.0,20.66
2019-05-06,165081.0,20.5
2019-05-07,165081.0,20.95
2019-05-08,165081.0,21.27
2019-05-09,165081.0,20.87
2019-05-10,165081.0,20.74
2019-05-11,165081.0,20.74
2019-05-12,165081.0,20.8
2019-05-13,165081.0,20.79
2019-05-14,165081.0,17.35
2019-05-15,165081.0,20.19
2019-05-16,165081.0,20.28
2019-05-17,165081.0,20.02
2019-05-18,165081.0,20.18
2019-05-19,165081.0,20.52
2019-05-20,165081.0,12.63
2019-05-21,165081.0,6.63
2019-05-22,165081.0,8.26
2019-05-23,165081.0,8.17
2019-05-24,165081.0,8.11
2019-05-25,165081.0,7.9
2019-05-26,165081.0,1.15
2019-05-27,165081.0,7.91
2019-05-28,165081.0,8.39
2019-05-29,165081.0,4.1
2019-07-01,0.0,0.0
2019-07-02,0.0,0.0
2019-07-03,0.0,0.0
2019-07-04,0.0,0.0
2019-07-05,0.0,0.0
2019-07-06,0.0,0.0
2019-07-07,0.0,0.0
2019-07-08,0.0,0.0
2019-07-09,0.0,0.0
2019-07-10,0.0,0.0
2019-07-11,0.0,0.0
2019-07-12,0.0,0.0
2019-07-13,0.0,0.0
2019-07-14,0.0,0.0
2019-07-15,0.0,0.0
2019-07-16,0.0,0.0
2019-07-17,0.0,0.0
2019-07-18,0.0,0.0
2019-07-19,0.0,0.0
2019-07-20,0.0,0.0
2019-07-21,0.0,0.0
2019-07-22,0.0,0.0
2019-07-23,0.0,0.0
2019-07-24,0.0,0.0
2019-07-25,0.0,0.0
2019-07-26,0.0,0.0
2019-07-27,0.0,0.0
2019-07-28,0.0,0.0
2019-07-29,0.0,0.0
2019-07-30,0.0,0.0
2019-07-31,0.0,0.0
2019-08-01,0.0,0.0
2019-08-02,0.0,0.0
2019-08-03,0.0,0.0
2019-08-04,0.0,0.0
2019-08-05,0.0,0.0
2019-08-06,0.0,0.0
2019-08-07,0.0,0.0
2019-08-08,0.0,0.0
2019-08-09,0.0,0.0
2019-08-10,0.0,0.0
2019-08-11,0.0,0.0
2019-08-12,0.0,0.0
2019-08-13,0.0,0.0
2019-08-14,0.0,0.0
2019-08-15,0.0,0.0
2019-08-16,0.0,0.0
2019-08-17,0.0,0.0
2019-08-18,0.0,0.0
2019-08-19,0.0,0.0
2019-08-20,0.0,0.0
2019-08-21,0.0,0.0
2019-08-22,0.0,0.0
2019-08-23,0.0,0.0
2019-08-24,0.0,0.0
2019-08-25,0.0,0.0
2019-08-26,0.0,0.0
2019-08-27,0.0,0.0
2019-08-28,0.0,0.0
2019-08-29,0.0,0.0
2019-08-30,0.0,0.0
2019-08-31,0.0,0.0
2019-09-01,0.0,0.0
2019-09-02,0.0,0.0
2019-09-03,0.0,0.0
2019-09-04,0.0,0.0
2019-09-05,0.0,0.0
2019-09-06,0.0,0.0
2019-09-07,0.0,0.0
2019-09-08,0.0,0.0
2019-09-09,0.0,0.0
2019-09-10,0.0,0.0
2019-09-11,0.0,0.0
2019-09-12,0.0,0.0
2019-09-13,0.0,0.0
2019-09-14,0.0,0.0
2019-09-15,0.0,0.0
2019-09-16,0.0,0.0
2019-09-17,0.0,0.0
2019-09-18,0.0,0.0
2019-09-19,0.0,0.0
2019-09-20,0.0,0.0
2019-09-21,0.0,0.0
2019-09-22,0.0,0.0
2019-09-23,0.0,0.0
2019-09-24,0.0,0.0
2019-09-25,0.0,0.0
2019-09-26,0.0,0.0
2019-09-27,0.0,0.0
2019-09-28,0.0,0.0
2019-09-29,0.0,0.0
2019-09-30,0.0,0.0
2019-10-01,0.0,0.0
2019-10-02,0.0,0.0
2019-10-03,0.0,0.0
2019-10-04,0.0,0.0
2019-10-05,0.0,0.0
2019-10-06,0.0,0.0
2019-10-07,0.0,0.0
2019-10-08,0.0,0.0
2019-10-09,0.0,0.0
2019-10-10,0.0,0.0
2019-10-11,0.0,0.0
2019-10-12,0.0,0.0
2019-10-13,0.0,0.0
2019-10-14,0.0,0.0
2019-10-15,0.0,0.0
2019-10-16,0.0,0.0
2019-10-17,0.0,0.0
2019-10-18,0.0,0.0
2019-10-19,0.0,0.0
2019-10-20,0.0,0.0
2019-10-21,0.0,0.0
2019-10-22,0.0,0.0
2019-10-23,0.0,0.0
2019-10-24,0.0,0.0
2019-10-25,0.0,0.0
2019-10-26,0.0,0.0
2019-10-27,0.0,0.0
2019-10-28,0.0,0.0
2019-10-29,0.0,0.0
2019-10-30,0.0,0.0
2019-10-31,0.0,0.0
2019-11-01,0.0,0.0
2019-11-02,0.0,0.0
2019-11-03,0.0,0.0
2019-11-04,0.0,0.0
2019-11-05,0.0,0.0
2019-11-06,0.0,0.0
2019-11-07,0.0,0.0
2019-11-08,0.0,0.0
2019-11-09,0.0,0.0
2019-11-10,0.0,0.0
2019-11-11,0.0,0.0
2019-11-12,0.0,0.0
2019-11-13,0.0,0.0
2019-11-14,0.0,0.0
2019-11-15,0.0,0.0
2019-11-16,0.0,0.0
2019-11-17,0.0,0.0
2019-11-18,0.0,0.0
2019-11-19,0.0,0.0
2019-11-20,0.0,0.0
2019-11-21,0.0,0.0
2019-11-22,0.0,0.0
2019-11-23,0.0,0.0
2019-11-24,0.0,0.0
2019-11-25,0.0,0.0
2019-11-26,0.0,0.0
2019-11-27,0.0,0.0
2019-11-28,0.0,0.0
2019-11-29,0.0,0.0
2019-11-30,0.0,0.0
2019-12-01,26858.0,3.12
2019-12-02,26858.0,7.84
2019-12-03,26858.0,8.48
2019-12-04,26858.0,8.51
2019-12-05,26858.0,8.54
2019-12-06,26858.0,8.62
2019-12-07,26858.0,8.54
2019-12-08,26858.0,8.55
2019-12-09,26858.0,8.44
2019-12-10,26858.0,8.39
2019-12-11,26858.0,8.41
2019-12-12,26858.0,9.83
2019-12-13,26858.0,12.21
2019-12-14,26858.0,12.27
2019-12-15,26858.0,12.3
2019-12-16,26858.0,12.3
2019-12-17,26858.0,12.33
2019-12-18,26858.0,10.21
2019-12-19,26858.0,8.44
2019-12-20,26858.0,10.24
2019-12-21,26858.0,12.8
2019-12-22,26858.0,12.91
2019-12-23,26858.0,12.8
2019-12-24,26858.0,13.01
2019-12-25,26858.0,13.51
2019-12-26,26858.0,13.33
2019-12-27,26858.0,12.85
2019-12-28,26858.0,12.8
2019-12-29,26858.0,12.72
2019-12-30,26858.0,12.81
2019-12-31,26858.0,12.79
2020-01-01,115036.0,12.305
2020-01-02,115036.0,12.828
2020-01-03,115036.0,12.705
2020-01-04,115036.0,12.705
2020-01-05,115036.0,12.715
2020-01-06,115036.0,13.002
2020-01-07,115036.0,12.746
2020-01-08,115036.0,12.633
2020-01-09,115036.0,12.646
2020-01-10,115036.0,12.502
2020-01-11,115036.0,12.258
2020-01-12,115036.0,12.414
2020-01-13,115036.0,12.598
2020-01-14,115036.0,12.725
2020-01-15,115036.0,13.217
2020-01-16,115036.0,13.248
2020-01-17,115036.0,13.351
2020-01-18,115036.0,12.91
2020-01-19,115036.0,12.735
2020-01-20,115036.0,12.899
2020-01-21,115036.0,13.258
2020-01-22,115036.0,13.597
2020-01-23,115036.0,12.981
2020-01-24,115036.0,12.294
2020-01-25,115036.0,13.064
2020-01-26,115036.0,13.115
2020-01-27,115036.0,12.971
2020-01-28,115036.0,12.807
2020-01-29,115036.0,12.705
2020-01-30,115036.0,12.602
2020-01-31,115036.0,12.582
2020-02-01,100042.0,12.356
2020-02-02,100042.0,10.726
2020-02-03,100042.0,12.756
2020-02-04,100042.0,12.13
2020-02-05,100042.0,11.823
2020-02-06,100042.0,11.556
2020-02-07,100042.0,11.761
2020-02-08,100042.0,11.515
2020-02-09,100042.0,11.812
2020-02-10,100042.0,11.946
2020-02-11,100042.0,12.079
2020-02-12,100042.0,12.356
2020-02-13,100042.0,25.918000000000006
2020-02-14,100042.0,12.854
2020-02-15,100042.0,12.912
2020-02-16,100042.0,12.708
2020-02-17,100042.0,12.644
2020-02-18,100042.0,12.665
2020-02-19,100042.0,12.912
2020-02-20,100042.0,13.062
2020-02-21,100042.0,15.575
2020-02-22,100042.0,17.283
2020-02-23,100042.0,17.035
2020-02-24,100042.0,16.852
2020-03-01,136142.0,17.19
2020-03-02,136142.0,16.547
2020-03-03,136142.0,16.465
2020-03-04,136142.0,16.733
2020-03-05,136142.0,16.878
2020-03-06,136142.0,15.881
2020-03-07,136142.0,16.742
2020-03-08,136142.0,15.823
2020-03-09,136142.0,16.394
2020-03-10,136142.0,15.817
2020-03-11,136142.0,15.325
2020-03-12,136142.0,15.499
2020-03-13,136142.0,15.741
2020-03-14,136142.0,16.031
2020-03-15,136142.0,16.137
2020-03-16,136142.0,16.315
2020-03-17,136142.0,16.311
2020-03-18,136142.0,16.465
2020-03-19,136142.0,16.148
2020-03-20,136142.0,16.008
2020-03-21,136142.0,15.996
2020-03-22,136142.0,15.837
2020-03-23,136142.0,17.802
2020-03-24,136142.0,20.086
2020-03-25,136142.0,19.99
2020-03-26,136142.0,20.005
2020-03-27,136142.0,19.493
2020-03-28,136142.0,19.544
2020-03-29,136142.0,19.991
2020-03-30,136142.0,19.95
2020-03-31,136142.0,19.864
2020-04-01,212154.0,19.877
2020-04-02,212154.0,15.644
2020-04-03,212154.0,17.358
2020-04-04,212154.0,20.019
2020-04-05,212154.0,19.466
2020-04-06,212154.0,19.272
2020-04-07,212154.0,19.63
2020-04-08,212154.0,19.986
2020-04-09,212154.0,20.144
2020-04-10,212154.0,20.332
2020-04-11,212154.0,20.129
2020-04-12,212154.0,20.048
2020-04-13,212154.0,19.948
2020-04-14,212154.0,19.766
2020-04-15,212154.0,19.751
2020-04-16,212154.0,19.76
2020-04-17,212154.0,19.809
2020-04-18,212154.0,19.655
2020-04-19,212154.0,19.502
2020-04-20,212154.0,19.564
2020-04-21,212154.0,19.775
2020-04-22,212154.0,19.582
2020-04-23,212154.0,19.704
2020-04-24,212154.0,19.706
2020-04-25,212154.0,19.699
2020-04-26,212154.0,19.722
2020-04-27,212154.0,19.72
2020-04-28,212154.0,20.249
2020-04-29,212154.0,19.602
2020-04-30,212154.0,19.154
2020-05-01,182338.0,19.584
2020-05-02,182338.0,20.146
2020-05-03,182338.0,20.125
2020-05-04,182338.0,20.048
2020-05-05,182338.0,20.053
2020-05-06,182338.0,20.053
2020-05-07,182338.0,20.053
2020-05-08,182338.0,20.067
2020-05-09,182338.0,20.155
2020-05-10,182338.0,19.969
2020-05-11,182338.0,19.225
2020-05-12,182338.0,19.732
2020-05-13,182338.0,19.544
2020-05-14,182338.0,19.43
2020-05-15,182338.0,19.501
2020-05-16,182338.0,19.38
2020-05-17,182338.0,19.396
2020-05-18,182338.0,19.361
2020-05-19,182338.0,19.004
2020-05-20,182338.0,14.531
2020-05-22,182338.0,9.722
2020-05-23,182338.0,0.0
2020-05-24,182338.0,3.319
2020-05-25,182338.0,11.988
2020-05-26,182338.0,11.816
2020-05-27,182338.0,12.064
2020-05-28,182338.0,12.246
2020-05-29,182338.0,12.214
2020-06-01,97261.0,12.45
2020-06-02,97261.0,12.407
2020-06-03,97261.0,12.219
2020-06-04,97261.0,12.053
2020-06-05,97261.0,12.053
2020-06-06,97261.0,12.064
2020-06-07,97261.0,9.657
2020-06-08,97261.0,2.481
2020-06-09,97261.0,11.978
2020-06-10,97261.0,12.085
2020-06-11,97261.0,12.085
2020-06-12,97261.0,12.268
2020-06-13,97261.0,12.139
2020-06-14,97261.0,12.096
2020-06-15,97261.0,12.106
2020-06-16,97261.0,12.332
2020-06-17,97261.0,11.677
2020-06-18,97261.0,12.235
2020-06-19,97261.0,12.235
2020-06-20,97261.0,12.117
2020-06-21,97261.0,12.074
2020-06-22,97261.0,12.064
2020-06-23,97261.0,12.02
2020-06-24,97261.0,12.139
2020-06-25,97261.0,12.182
2020-06-26,97261.0,12.192
2020-06-27,97261.0,12.117
2020-06-28,97261.0,12.171
2020-06-29,97261.0,12.268
2020-06-30,97261.0,12.321
2020-07-01,69000.0,12.16
2020-07-02,69000.0,12.085
2020-07-03,69000.0,11.913
2020-07-04,69000.0,11.902
2020-07-05,69000.0,11.956
2020-07-06,69000.0,12.031
2020-07-07,69000.0,12.01
2020-07-08,69000.0,12.02
2020-07-09,69000.0,12.02
2020-07-10,69000.0,8.712
2020-07-11,69000.0,8.035
2020-07-12,69000.0,2.61
2020-08-01,0.0,0.0
2020-08-02,0.0,0.0
2020-08-03,0.0,0.0
2020-08-04,0.0,0.0
2020-08-05,0.0,0.0
2020-08-06,0.0,0.0
2020-08-07,0.0,0.0
2020-08-08,0.0,0.0
2020-08-09,0.0,0.0
2020-08-10,0.0,0.0
2020-08-11,0.0,0.0
2020-08-12,0.0,0.0
2020-08-13,0.0,0.0
2020-08-14,0.0,0.0
2020-08-15,0.0,0.0
2020-08-16,0.0,0.0
2020-08-17,0.0,0.0
2020-08-18,0.0,0.0
2020-08-19,0.0,0.0
2020-08-20,0.0,0.0
2020-08-21,0.0,0.0
2020-08-22,0.0,0.0
2020-08-23,0.0,0.0
2020-08-24,0.0,0.0
2020-08-25,0.0,0.0
2020-08-26,0.0,0.0
2020-08-27,0.0,0.0
2020-08-28,0.0,0.0
2020-08-29,0.0,0.0
2020-08-30,0.0,0.0
2020-08-31,0.0,0.0
2020-09-01,0.0,0.0
2020-09-02,0.0,0.0
2020-09-03,0.0,0.0
2020-09-04,0.0,0.0
2020-09-05,0.0,0.0
2020-09-06,0.0,0.0
2020-09-07,0.0,0.0
2020-09-08,0.0,0.0
2020-09-09,0.0,0.0
2020-09-10,0.0,0.0
2020-09-11,0.0,0.0
2020-09-12,0.0,0.0
2020-09-13,0.0,0.0
2020-09-14,0.0,0.0
2020-09-15,0.0,0.0
2020-09-16,0.0,0.0
2020-09-17,0.0,0.0
2020-09-18,0.0,0.0
2020-09-19,0.0,0.0
2020-09-20,0.0,0.0
2020-09-21,0.0,0.0
2020-09-22,0.0,0.0
2020-09-23,0.0,0.0
2020-09-24,0.0,0.0
2020-09-25,0.0,0.0
2020-09-26,0.0,0.0
2020-09-27,0.0,0.0
2020-09-28,0.0,0.0
2020-09-29,0.0,0.0
2020-09-30,0.0,0.0
2020-10-01,0.0,0.0
2020-10-02,0.0,0.0
2020-10-03,0.0,0.0
2020-10-04,0.0,0.0
2020-10-05,0.0,0.0
2020-10-06,0.0,0.0
2020-10-07,0.0,0.0
2020-10-08,0.0,0.0
2020-10-09,0.0,0.0
2020-10-10,0.0,0.0
2020-10-11,0.0,0.0
2020-10-12,0.0,0.0
2020-10-13,0.0,0.0
2020-10-14,0.0,0.0
2020-10-15,0.0,0.0
2020-10-16,0.0,0.0
2020-10-17,0.0,0.0
2020-10-18,0.0,0.0
2020-10-19,0.0,0.0
2020-10-20,0.0,0.0
2020-10-21,0.0,0.0
2020-10-22,0.0,0.0
2020-10-23,0.0,0.0
2020-10-24,0.0,0.0
2020-10-25,0.0,0.0
2020-10-26,0.0,0.0
2020-10-27,0.0,0.0
2020-10-28,0.0,0.0
2020-10-29,0.0,0.0
2020-10-30,0.0,0.0
2020-10-31,0.0,0.0
2020-11-01,0.0,0.0
2020-11-02,0.0,0.0
2020-11-03,0.0,0.0
2020-11-04,0.0,0.0
2020-11-05,0.0,0.0
2020-11-06,0.0,0.0
2020-11-07,0.0,0.0
2020-11-08,0.0,0.0
2020-11-09,0.0,0.0
2020-11-10,0.0,0.0
2020-11-11,0.0,0.0
2020-11-12,0.0,0.0
2020-11-13,0.0,0.0
2020-11-14,0.0,0.0
2020-11-15,0.0,0.0
2020-11-16,0.0,0.0
2020-11-17,0.0,0.0
2020-11-18,0.0,0.0
2020-11-19,0.0,0.0
2020-11-20,0.0,0.0
2020-11-21,0.0,0.0
2020-11-22,0.0,0.0
2020-11-23,0.0,0.0
2020-11-24,0.0,0.0
2020-11-25,0.0,0.0
2020-11-26,0.0,0.0
2020-11-27,0.0,0.0
2020-11-28,0.0,0.0
2020-11-29,0.0,0.0
2020-11-30,0.0,0.0
2020-12-01,24640.0,0.623
2020-12-02,24640.0,6.725
2020-12-03,24640.0,7.144
2020-12-04,24640.0,6.929
2020-12-05,24640.0,8.035
2020-12-06,24640.0,7.262
2020-12-07,24640.0,7.681
2020-12-08,24640.0,8.551
2020-12-09,24640.0,10.377
2020-12-10,24640.0,10.774
2020-12-11,24640.0,10.613
2020-12-12,24640.0,10.753
2020-12-13,24640.0,10.71
2020-12-14,24640.0,11.043
2020-12-15,24640.0,12.171
2020-12-16,24640.0,12.031
2020-12-17,24640.0,11.935
2020-12-18,24640.0,11.956
2020-12-19,24640.0,11.806
2020-12-20,24640.0,11.333
2020-12-21,24640.0,11.623
2020-12-22,24640.0,11.988
2020-12-23,24640.0,11.935
2020-12-24,24640.0,11.43
2020-12-25,24640.0,11.419
2020-12-26,24640.0,11.634
2020-12-27,24640.0,11.666
2020-12-28,24640.0,11.591
2020-12-29,24640.0,11.28
2020-12-30,24640.0,10.398
2020-12-31,24640.0,10.398
2021-01-01,110333.0,11.258
2021-01-02,110333.0,10.989
2021-01-03,110333.0,11.022
2021-01-04,110333.0,11.086
2021-01-05,110333.0,11.828
2021-01-06,110333.0,12.053
2021-01-07,110333.0,11.861
2021-01-08,110333.0,11.548
2021-01-09,110333.0,11.688
2021-01-10,110333.0,11.827
2021-01-11,110333.0,12.01
2021-01-12,110333.0,11.988
2021-01-13,110333.0,11.87
2021-01-14,110333.0,11.516
2021-01-15,110333.0,11.795
2021-01-16,110333.0,11.956
2021-01-17,110333.0,11.526
2021-01-18,110333.0,11.655
2021-01-19,110333.0,11.988
2021-01-20,110333.0,11.978
2021-01-21,110333.0,11.902
2021-01-22,110333.0,11.752
2021-01-23,110333.0,11.505
2021-01-24,110333.0,11.602
2021-01-25,110333.0,3.373
2021-02-01,30450.0,0.0
2021-02-02,30450.0,0.0
2021-02-03,30450.0,4.329
2021-02-04,30450.0,9.109
2021-02-05,30450.0,5.736
2021-02-06,30450.0,0.0
2021-02-07,30450.0,0.0
2021-02-08,30450.0,0.0
2021-02-09,30450.0,0.0
2021-02-10,30450.0,0.0
2021-02-11,30450.0,2.642
2021-02-12,30450.0,10.352
2021-02-13,30450.0,11.473
2021-02-14,30450.0,11.988
2021-02-15,30450.0,11.569
2021-02-16,30450.0,11.494
2021-02-17,30450.0,11.72
2021-02-18,30450.0,11.526
2021-02-19,30450.0,11.505
2021-02-20,30450.0,11.87
2021-02-21,30450.0,12.268
2021-02-22,30450.0,13.581
2021-02-23,30450.0,15.694
2021-02-24,30450.0,15.763
2021-02-25,30450.0,16.03
2021-02-26,30450.0,16.031
2021-02-27,30450.0,15.967
2021-02-28,30450.0,15.169
2021-03-01,145767.0,15.703
2021-03-02,145767.0,15.917
2021-03-03,145767.0,15.914
2021-03-04,145767.0,15.938
2021-03-05,145767.0,16.055
2021-03-06,145767.0,15.749
2021-03-07,145767.0,15.84
2021-03-08,145767.0,16.028
2021-03-09,145767.0,15.725
2021-03-10,145767.0,15.519
2021-03-11,145767.0,15.562
2021-03-12,145767.0,15.698
2021-03-13,145767.0,15.611
2021-03-14,145767.0,15.184
2021-03-15,145767.0,15.829
2021-03-16,145767.0,15.282
2021-03-17,145767.0,15.635
2021-03-18,145767.0,15.554
2021-03-19,145767.0,15.316
2021-03-20,145767.0,15.259
2021-03-21,145767.0,15.261
2021-03-22,145767.0,15.438
2021-03-23,145767.0,16.226
2021-03-24,145767.0,19.495
2021-03-25,145767.0,19.223
2021-03-26,145767.0,19.276
2021-03-27,145767.0,19.174
2021-03-28,145767.0,19.197
2021-03-29,145767.0,17.629
2021-03-31,145767.0,12.653
2021-04-01,195546.0,19.543
2021-04-02,195546.0,19.01
2021-04-03,195546.0,19.356
2021-04-04,195546.0,19.246
2021-04-05,195546.0,19.238
2021-04-06,195546.0,19.223
2021-04-07,195546.0,19.086
2021-04-08,195546.0,19.128
2021-04-09,195546.0,19.223
2021-04-10,195546.0,19.1
2021-04-11,195546.0,19.016
2021-04-12,195546.0,19.086
2021-04-13,195546.0,19.29
2021-04-14,195546.0,18.601
2021-04-15,195546.0,19.354
2021-04-16,195546.0,19.154
2021-04-17,195546.0,19.114
2021-04-18,195546.0,19.236
2021-04-19,195546.0,19.195
2021-04-20,195546.0,19.38
2021-04-21,195546.0,19.406
2021-04-22,195546.0,19.323
2021-04-23,195546.0,19.223
2021-04-24,195546.0,19.064
2021-04-25,195546.0,19.067
2021-04-26,195546.0,19.186
2021-04-27,195546.0,19.692
2021-04-28,195546.0,20.124
2021-04-29,195546.0,19.761
2021-04-30,195546.0,19.906
2021-05-01,68313.0,19.655
2021-05-02,68313.0,19.604
2021-05-03,180112.0,12.86
2021-05-05,9893.096,0.0
2021-05-06,9157.096,0.0
2021-05-07,8165.096,0.0
2021-05-08,7685.096,0.0
2021-05-09,7381.096,0.0
2021-05-10,7429.096,0.0
2021-05-11,12853.096,0.0
2021-05-12,28789.096,0.0
2021-05-13,25445.096,0.0
2021-05-14,42613.096,0.0
2021-05-15,0.0,0.0
2021-05-16,0.0,0.0
2021-05-17,0.0,0.0
2021-05-18,0.0,0.0
2021-05-19,0.0,0.0
2021-05-20,0.0,0.0
2021-05-21,0.0,0.0
2021-05-22,0.0,0.0
2021-05-23,0.0,0.0
2021-05-24,0.0,0.0
2021-05-25,0.0,0.0
2021-05-26,0.0,0.0
2021-05-27,0.0,0.0
2021-05-28,0.0,0.0
2021-05-29,0.0,0.0
2021-05-30,0.0,0.0
2021-05-31,0.0,0.0
2021-06-01,0.0,0.0
2021-06-02,0.0,0.0
2021-06-03,0.0,0.0
2021-06-04,0.0,0.0
2021-06-05,0.0,0.0
2021-06-06,0.0,0.0
2021-06-07,0.0,0.0
2021-06-08,0.0,0.0
2021-06-09,0.0,0.0
2021-06-10,0.0,0.0
2021-06-11,0.0,0.0
2021-06-12,0.0,0.0
2021-06-13,0.0,0.0
2021-06-14,0.0,0.0
2021-06-15,0.0,0.0
2021-06-16,0.0,0.0
2021-06-17,0.0,0.0
2021-06-18,0.0,0.0
2021-06-19,0.0,0.0
2021-06-20,0.0,0.0
2021-06-21,0.0,0.0
2021-06-22,0.0,0.0
2021-06-23,0.0,0.0
2021-06-24,0.0,0.0
2021-06-25,0.0,0.0
2021-06-26,0.0,0.0
2021-06-27,0.0,0.0
2021-06-28,0.0,0.0
2021-06-29,0.0,0.0
2021-06-30,0.0,0.0
2021-07-01,0.0,0.0
2021-07-02,0.0,0.0
2021-07-03,0.0,0.0
2021-07-04,0.0,0.0
2021-07-05,0.0,0.0
2021-07-06,0.0,0.0
2021-07-07,0.0,0.0
2021-07-08,0.0,0.0
2021-07-09,0.0,0.0
2021-07-10,0.0,0.0
2021-07-11,0.0,0.0
2021-07-12,0.0,0.0
2021-07-13,0.0,0.0
2021-07-14,0.0,0.0
2021-07-15,0.0,0.0
2021-07-16,0.0,0.0
2021-07-17,0.0,0.0
2021-07-18,0.0,0.0
2021-07-19,0.0,0.0
2021-07-20,0.0,0.0
2021-07-21,0.0,0.0
2021-07-22,0.0,0.0
2021-07-23,0.0,0.0
2021-07-24,0.0,0.0
2021-07-25,0.0,0.0
2021-07-26,0.0,0.0
2021-07-27,0.0,0.0
2021-07-28,0.0,0.0
2021-07-29,0.0,0.0
2021-07-30,0.0,0.0
2021-07-31,0.0,0.0
2021-08-01,0.0,0.0
2021-08-02,0.0,0.0
2021-08-03,0.0,0.0
2021-08-04,0.0,0.0
2021-08-05,0.0,0.0
2021-08-06,0.0,0.0
2021-08-07,0.0,0.0
2021-08-08,0.0,0.0
2021-08-09,0.0,0.0
2021-08-10,0.0,0.0
2021-08-11,0.0,0.0
2021-08-12,0.0,0.0
2021-08-13,0.0,0.0
2021-08-14,0.0,0.0
2021-08-15,0.0,0.0
2021-08-16,0.0,0.0
2021-08-17,0.0,0.0
2021-08-18,0.0,0.0
2021-08-19,0.0,0.0
2021-08-20,0.0,0.0
2021-08-21,0.0,0.0
2021-08-22,0.0,0.0
2021-08-23,0.0,0.0
2021-08-24,0.0,0.0
2021-08-25,0.0,0.0
2021-08-26,0.0,0.0
2021-08-27,0.0,0.0
2021-08-28,0.0,0.0
2021-08-29,0.0,0.0
2021-08-30,0.0,0.0
2021-08-31,0.0,0.0
2021-09-01,0.0,0.0
2021-09-02,0.0,0.0
2021-09-03,0.0,0.0
2021-09-04,0.0,0.0
2021-09-05,0.0,0.0
2021-09-06,0.0,0.0
2021-09-07,0.0,0.0
2021-09-08,0.0,0.0
2021-09-09,0.0,0.0
2021-09-10,0.0,0.0
2021-09-11,0.0,0.0
2021-09-12,0.0,0.0
2021-09-13,0.0,0.0
2021-09-14,0.0,0.0
2021-09-15,0.0,0.0
2021-09-16,0.0,0.0
2021-09-17,0.0,0.0
2021-09-18,0.0,0.0
2021-09-19,0.0,0.0
2021-09-20,0.0,0.0
2021-09-21,0.0,0.0
2021-09-22,0.0,0.0
2021-09-23,0.0,0.0
2021-09-24,0.0,0.0
2021-09-25,0.0,0.0
2021-09-26,0.0,0.0
2021-09-27,0.0,0.0
2021-09-28,0.0,0.0
2021-09-29,0.0,0.0
2021-09-30,0.0,0.0
2021-10-01,0.0,0.0
2021-10-02,0.0,0.0
2021-10-03,0.0,0.0
2021-10-04,0.0,0.0
2021-10-05,0.0,0.0
2021-10-06,0.0,0.0
2021-10-07,0.0,0.0
2021-10-08,0.0,0.0
2021-10-09,0.0,0.0
2021-10-10,0.0,0.0
2021-10-11,0.0,0.0
2021-10-12,0.0,0.0
2021-10-13,0.0,0.0
2021-10-14,0.0,0.0
2021-10-15,0.0,0.0
2021-10-16,0.0,0.0
2021-10-17,0.0,0.0
2021-10-18,0.0,0.0
2021-10-19,0.0,0.0
2021-10-20,0.0,0.0
2021-10-21,0.0,0.0
2021-10-22,0.0,0.0
2021-10-23,0.0,0.0
2021-10-24,0.0,0.0
2021-10-25,0.0,0.0
2021-10-26,0.0,0.0
2021-10-27,0.0,0.0
2021-10-28,0.0,0.0
2021-10-29,0.0,0.0
2021-10-30,0.0,0.0
2021-10-31,0.0,0.0
2021-11-01,0.0,0.0
2021-11-02,0.0,0.0
2021-11-03,0.0,0.0
2021-11-04,0.0,0.0
2021-11-05,0.0,0.0
2021-11-06,0.0,0.0
2021-11-07,0.0,0.0
2021-11-08,0.0,0.0
2021-11-09,0.0,0.0
2021-11-10,0.0,0.0
2021-11-11,0.0,0.0
2021-11-12,0.0,0.0
2021-11-13,0.0,0.0
2021-11-14,0.0,0.0
2021-11-15,0.0,0.0
2021-11-16,0.0,0.0
2021-11-17,0.0,0.0
2021-11-18,0.0,0.0
2021-11-19,0.0,0.0
2021-11-20,0.0,0.0
2021-11-21,0.0,0.0
2021-11-22,0.0,0.0
2021-11-23,0.0,0.0
2021-11-24,0.0,0.0
2021-11-25,0.0,0.0
2021-11-26,0.0,0.0
2021-11-27,0.0,0.0
2021-11-28,0.0,0.0
2021-11-29,0.0,0.0
2021-11-30,0.0,0.0
2021-12-01,0.0,0.0
2021-12-02,0.0,0.0
2021-12-03,0.0,0.0
2021-12-04,0.0,0.0
2021-12-05,0.0,0.0
2021-12-06,0.0,0.0
2021-12-07,0.0,0.0
2021-12-08,33093.096,2.77
2021-12-09,23573.096,8.16
2021-12-10,91397.096,8.15
2021-12-11,90501.096,8.07
2021-12-12,81077.096,7.84
2021-12-13,105765.096,7.37
2021-12-14,100949.096,9.96
2021-12-15,118069.096,12.01
2021-12-16,141717.096,12.0
2021-12-17,139125.096,11.84
2021-12-18,138773.096,11.56
2021-12-19,137861.096,11.7
2021-12-20,138485.096,11.57
2021-12-21,139269.096,12.47
2021-12-22,157413.096,16.3
2021-12-23,194149.096,16.09
2021-12-24,103285.096,16.44
2021-12-25,210963.096,16.3
2021-12-26,209616.096,16.18
2021-12-27,209008.096,16.14
2021-12-28,208310.096,16.07
2021-12-29,208255.096,16.09
2021-12-30,195173.096,16.09
2021-12-31,190837.096,15.89
2022-01-01,198149.096,15.97
2022-01-02,196821.096,16.5
2022-01-03,197653.096,12.02
2022-01-04,146901.096,16.3
2022-01-05,194501.096,16.2
2022-01-06,193493.096,16.13
2022-01-07,190053.096,16.05
2022-01-08,189509.096,16.04
2022-01-09,192165.096,16.05
2022-01-10,190757.096,16.0
2022-01-11,193045.096,16.22
2022-01-12,194613.096,15.97
2022-01-13,196853.096,15.95
2022-01-14,195253.096,16.04
2022-01-15,191973.096,16.11
2022-01-16,191621.096,16.07
2022-01-17,188949.096,16.03
2022-01-18,188997.096,15.88
2022-01-19,187157.096,12.23
2022-01-20,156501.096,16.0
2022-01-21,185029.096,16.03
2022-01-22,194661.096,16.1
2022-01-23,196885.096,16.18
2022-01-24,197381.096,16.2
2022-01-25,193493.096,16.11
2022-01-26,194149.096,14.77
2022-01-27,177733.096,15.75
2022-01-28,194773.096,15.94
2022-01-29,194661.096,16.38
2022-01-30,195477.096,16.46
2022-01-31,194917.096,16.39
2022-02-01,191365.096,16.16
2022-02-02,191093.096,15.95
2022-02-03,196885.096,15.86
2022-02-04,196581.096,15.8
2022-02-05,197717.096,15.94
2022-02-06,198789.096,16.11
2022-02-07,198197.096,16.1
2022-02-08,198997.096,16.1
2022-02-09,199077.096,16.07
2022-02-10,197573.096,16.0
2022-02-11,194869.096,15.98
2022-02-12,194389.096,15.97
2022-02-13,193429.096,15.92
2022-02-14,194821.096,15.43
2022-02-15,186741.096,15.41
2022-02-16,190757.096,15.39
2022-02-17,193077.096,15.51
2022-02-18,197989.096,15.8
2022-02-19,198885.096,15.87
2022-02-20,196533.096,10.12
2022-02-21,134885.096,11.82
2022-02-22,148997.096,16.01
2022-02-23,207029.096,16.03
2022-02-24,210501.096,15.73
2022-02-25,208373.096,15.5
2022-02-26,208133.096,15.6
2022-02-27,210885.096,16.04
2022-02-28,207877.096,15.94
2022-03-01,209285.096,16.04
2022-03-02,203637.096,16.07
2022-03-03,202069.096,16.03
2022-03-04,201029.096,15.82
2022-03-05,194085.096,15.5
2022-03-06,196133.096,15.55
2022-03-07,200549.096,15.39
2022-03-08,194949.096,15.25
2022-03-09,189093.096,15.26
2022-03-10,193029.096,15.42
2022-03-11,196341.096,15.41
2022-03-12,194997.096,15.43
2022-03-13,194085.096,14.22
2022-03-15,6917.096,14.75
2022-03-16,179605.096,16.02
2022-03-17,197541.096,16.03
2022-03-18,193989.096,15.84
2022-03-19,192773.096,15.5
2022-03-20,198181.096,15.51
2022-03-21,198293.096,15.42
2022-03-22,198693.096,15.5
2022-03-23,198869.096,15.57
2022-03-24,199029.096,15.57
2022-03-25,205413.096,15.56
2022-03-26,204709.096,15.55
2022-03-27,197461.096,15.69
2022-03-28,200709.096,15.8
2022-03-29,201941.096,15.8
2022-03-30,199557.096,15.53
2022-03-31,200405.096,15.3
2022-04-01,195013.096,15.31
2022-04-02,203557.096,15.32
2022-04-03,202885.096,15.95
2022-04-04,203029.096,15.91
2022-04-05,201973.096,15.94
2022-04-06,201749.096,16.04
2022-04-07,203829.096,16.0
2022-04-08,206677.096,16.0
2022-04-09,206677.096,16.07
2022-04-10,206677.096,16.14
2022-04-11,203317.096,15.93
2022-04-12,199589.096,15.61
2022-04-13,198357.096,13.47
2022-04-14,171301.096,6.97
2022-04-15,89861.096,6.63
2022-04-16,85749.096,7.61
2022-04-17,95653.096,7.75
2022-04-18,92453.096,5.9
2022-04-19,74229.096,6.37
2022-04-20,78837.096,6.29
2022-04-21,81781.096,6.68
2022-04-22,79509.096,6.45
2022-04-23,77413.096,5.84
2022-04-24,76069.096,6.11
2022-04-25,76517.096,6.41
2022-04-26,76309.096,5.9
2022-04-27,75749.096,7.01
2022-04-28,86277.096,8.43
2022-04-29,114997.096,12.75
2022-04-30,164949.096,15.5
2022-05-01,193413.096,15.47
2022-05-02,193589.096,15.3
2022-05-03,197973.096,15.3
2022-05-04,199653.096,15.3
2022-05-05,199621.096,15.31
2022-05-06,197269.096,15.3
2022-05-07,199733.096,15.29
2022-05-08,199653.096,15.32
2022-05-09,199237.096,15.38
2022-05-10,199317.096,15.34
2022-05-11,203365.096,15.26
2022-05-12,202821.096,15.3
2022-05-13,194821.096,15.3
2022-05-14,198837.096,15.3
2022-05-15,204037.096,15.3
2022-05-16,205109.096,15.3
2022-05-17,207413.096,15.3
2022-05-18,199461.096,15.31
2022-05-19,207253.096,15.29
2022-05-20,207381.096,15.31
2022-05-21,207909.096,15.1
2022-05-22,205829.096,15.0
2022-05-23,200901.096,15.01
2022-05-24,201461.096,14.82
2022-05-25,203413.096,15.0
2022-05-26,202613.096,15.01
2022-05-27,200805.096,15.0
2022-05-28,202069.096,15.0
2022-05-29,204645.096,15.05
2022-05-30,206277.096,15.03
2022-05-31,205957.096,14.91
2022-06-01,203493.096,15.0
2022-06-02,207557.096,14.45
2022-06-03,206693.096,14.72
2022-06-04,207701.096,12.18
2022-06-05,178533.096,11.4
2022-06-06,154789.096,11.47
2022-06-07,152405.096,11.48
2022-06-08,153493.096,11.18
2022-06-09,154709.096,11.45
2022-06-10,156517.096,11.53
2022-06-11,156101.096,8.81
2022-06-12,135973.096,7.9
2022-06-13,106677.096,7.93
2022-06-14,104981.096,8.25
2022-06-15,105925.096,8.05
2022-06-16,104661.096,2.4
2022-06-17,51909.096,0.0
2022-06-18,2677.096,0.0
2022-06-19,2821.096,0.0
2022-06-20,2677.096,0.0
2022-06-21,1733.096,0.0
2022-06-22,0.0,0.0
2022-06-23,0.0,0.0
2022-06-24,565.096,0.0
2022-06-25,0.0,0.0
2022-06-26,0.0,0.0
2022-06-27,0.0,0.0
2022-06-28,0.0,0.0
2022-06-29,0.0,0.0
2022-06-30,0.0,0.0
2022-07-01,0.0,0.0
2022-07-02,0.0,0.0
2022-07-03,0.0,0.0
2022-07-04,0.0,0.0
2022-07-05,0.0,0.0
2022-07-06,0.0,0.0
2022-07-07,0.0,0.0
2022-07-08,0.0,0.0
2022-07-09,0.0,0.0
2022-07-10,0.0,0.0
2022-07-11,0.0,0.0
2022-07-12,0.0,0.0
2022-07-13,0.0,0.0
2022-07-14,0.0,0.0
2022-07-15,0.0,0.0
2022-07-16,0.0,0.0
2022-07-17,0.0,0.0
2022-07-18,0.0,0.0
2022-07-19,0.0,0.0
2022-07-20,0.0,0.0
2022-07-21,0.0,0.0
2022-07-22,0.0,0.0
2022-07-23,0.0,0.0
2022-07-24,0.0,0.0
2022-07-25,0.0,0.0
2022-07-26,0.0,0.0
2022-07-27,0.0,0.0
2022-07-28,0.0,0.0
2022-07-29,0.0,0.0
2022-07-30,0.0,0.0
2022-07-31,0.0,0.0
2022-08-01,0.0,0.0
2022-08-02,0.0,0.0
2022-08-03,0.0,0.0
2022-08-04,0.0,0.0
2022-08-05,0.0,0.0
2022-08-06,0.0,0.0
2022-08-07,0.0,0.0
2022-08-08,0.0,0.0
2022-08-09,0.0,0.0
2022-08-10,0.0,0.0
2022-08-11,0.0,0.0
2022-08-12,0.0,0.0
2022-08-13,0.0,0.0
2022-08-14,0.0,0.0
2022-08-15,0.0,0.0
2022-08-16,0.0,0.0
2022-08-17,0.0,0.0
2022-08-18,0.0,0.0
2022-08-19,0.0,0.0
2022-08-20,0.0,0.0
2022-08-21,0.0,0.0
2022-08-22,0.0,0.0
2022-08-23,0.0,0.0
2022-08-24,0.0,0.0
2022-08-25,0.0,0.0
2022-08-26,0.0,0.0
2022-08-27,0.0,0.0
2022-08-28,0.0,0.0
2022-08-29,0.0,0.0
2022-08-30,0.0,0.0
2022-08-31,0.0,0.0
2022-09-01,0.0,0.0
2022-09-02,0.0,0.0
2022-09-03,0.0,0.0
2022-09-04,0.0,0.0
2022-09-05,0.0,0.0
2022-09-06,0.0,0.0
2022-09-08,0.0,0.0
2022-09-09,0.0,0.0
2022-09-10,0.0,0.0
2022-09-11,0.0,0.0
2022-09-12,0.0,0.0
2022-09-13,0.0,0.0
2022-09-14,0.0,0.0
2022-09-15,0.0,0.0
2022-09-16,0.0,0.0
2022-09-17,0.0,0.0
2022-09-18,0.0,0.0
2022-09-19,0.0,0.0
2022-09-20,0.0,0.0
2022-09-21,0.0,0.0
2022-09-22,0.0,0.0
2022-09-23,0.0,0.0
2022-09-24,0.0,0.0
2022-09-25,0.0,0.0
2022-09-26,0.0,0.0
2022-09-27,0.0,0.0
2022-09-28,0.0,0.0
2022-09-29,0.0,0.0
2022-09-30,0.0,0.0
2022-10-01,0.0,0.0
2022-10-02,0.0,0.0
2022-10-03,0.0,0.0
2022-10-04,0.0,0.0
2022-10-05,0.0,0.0
2022-10-06,0.0,0.0
2022-10-07,0.0,0.0
2022-10-08,0.0,0.0
2022-10-09,0.0,0.0
2022-10-10,0.0,0.0
2022-10-11,0.0,0.0
2022-10-12,0.0,0.0
2022-10-13,0.0,0.0
2022-10-14,0.0,0.0
2022-10-15,0.0,0.0
2022-10-16,0.0,0.0
2022-10-17,0.0,0.0
2022-10-18,0.0,0.0
2022-10-19,0.0,0.0
2022-10-20,0.0,0.0
2022-10-21,0.0,0.0
2022-10-22,0.0,0.0
2022-10-23,0.0,0.0
2022-10-24,0.0,0.0
2022-10-25,0.0,0.0
2022-10-26,0.0,0.0
2022-10-27,0.0,0.0
2022-10-28,0.0,0.0
2022-10-29,0.0,0.0
2022-10-30,0.0,0.0
2022-10-31,0.0,0.0
2022-11-01,0.0,0.0
2022-11-02,0.0,0.0
2022-11-03,0.0,0.0
2022-11-04,0.0,0.0
2022-11-05,0.0,0.0
2022-11-06,0.0,0.0
2022-11-07,0.0,0.0
2022-11-08,0.0,0.0
2022-11-09,0.0,0.0
2022-11-10,0.0,0.0
2022-11-11,0.0,0.0
2022-11-12,0.0,0.0
2022-11-13,0.0,0.0
2022-11-14,0.0,0.0
2022-11-15,4597.096,0.91
2022-11-16,35589.096,7.2
2022-11-17,81109.096,7.77
2022-11-18,91045.096,11.1
2022-11-19,121221.096,11.5
2022-11-20,130101.096,11.49
2022-11-21,133797.096,11.5
2022-11-22,134053.096,11.53
2022-11-23,134773.096,10.82
2022-11-24,132677.096,11.88
2022-11-25,149365.096,12.35
2022-11-26,152165.096,12.02
2022-11-27,150405.096,11.78
2022-11-28,150453.096,12.22
2022-11-29,149637.096,13.78
2022-11-30,172053.096,15.78
2022-12-01,197701.096,15.5
2022-12-02,197781.096,15.5
2022-12-03,195557.096,15.32
2022-12-04,194949.096,15.35
2022-12-05,195141.096,15.65
2022-12-06,195429.096,15.67
2022-12-07,193845.096,15.5
2022-12-08,194293.096,15.34
2022-12-09,195797.096,15.83
2022-12-10,197589.096,15.42
2022-12-11,196853.096,15.36
2022-12-12,196309.096,15.37
2022-12-13,195285.096,15.25
2022-12-14,194245.096,15.22
2022-12-15,193013.096,13.18
2022-12-16,177365.096,15.3
2022-12-17,190309.096,15.22
2022-12-18,189957.096,14.43
2022-12-19,189285.096,14.98
2022-12-20,189941.096,14.76
2022-12-21,187877.096,14.76
2022-12-22,192885.096,15.23
2022-12-23,194085.096,14.99
2022-12-24,190341.096,5.56
2022-12-25,81061.096,12.15
2022-12-26,149333.096,15.18
2022-12-27,182277.096,14.53
2022-12-28,177061.096,9.2
2022-12-29,123813.096,10.25
2022-12-30,136661.096,15.23
2022-12-31,190405.096,15.22
2023-01-01,190533.096,14.82
2023-01-02,193605.096,4.87
2023-01-03,71925.096,0.0
2023-01-04,3013.096,7.5
2023-01-05,107237.096,14.39
2023-01-06,186773.096,14.39
2023-01-07,185237.096,14.33
2023-01-08,182517.096,14.3
2023-01-09,178581.096,14.31
2023-01-10,178213.096,14.3
2023-01-11,182805.096,14.3
2023-01-12,181845.096,14.28
2023-01-13,179685.096,14.14
2023-01-14,181797.096,13.96
2023-01-15,179157.096,15.23
2023-01-16,188693.096,15.23
2023-01-17,187925.096,14.86
2023-01-18,196533.096,14.0
2023-01-19,187413.096,14.06
2023-01-20,182389.096,14.05
2023-01-21,187685.096,14.25
2023-01-22,189941.096,13.62
2023-01-23,182581.096,14.0
2023-01-24,186789.096,14.03
2023-01-25,109253.096,14.05
2023-01-26,209222.096,14.32
2023-01-27,215931.096,14.75
2023-01-28,213678.096,14.59
2023-01-29,185093.096,14.5
2023-01-30,186661.096,14.5
2023-01-31,191797.096,14.78
2023-02-01,189461.096,14.39
2023-02-02,191253.096,14.41
2023-02-03,193669.096,14.34
2023-02-04,192117.096,14.12
2023-02-05,189509.096,14.08
2023-02-06,188901.096,14.61
2023-02-07,198693.096,11.17
2023-02-08,158181.096,14.37
2023-02-09,195845.096,14.25
2023-02-10,196565.096,14.25
2023-02-11,196613.096,14.29
2023-02-12,196245.096,14.23
2023-02-13,195845.096,14.25
2023-02-14,195989.096,14.25
2023-02-15,104789.096,14.2
2023-02-16,244951.096,14.11
2023-02-17,239571.096,13.8
2023-02-18,190645.096,13.93
2023-02-19,191957.096,14.31
2023-02-20,197285.096,14.4
2023-02-21,197381.096,13.86
2023-02-22,192741.096,11.73
2023-02-23,176821.096,14.24
2023-02-24,195701.096,14.79
2023-02-25,195701.096,14.8
2023-02-26,200021.096,14.8
2023-02-27,199845.096,14.25
2023-02-28,197381.096,15.23
2023-03-01,203173.096,15.2
2023-03-02,205397.096,13.82
2023-03-03,199445.096,15.21
2023-03-04,209749.096,12.22
2023-03-05,180421.096,11.41
2023-03-06,163109.096,11.41
2023-03-07,157541.096,11.46
2023-03-08,158117.096,11.63
2023-03-09,158821.096,11.7
2023-03-10,159061.096,11.7
2023-03-11,156597.096,8.37
2023-03-12,127109.096,7.31
2023-03-13,105909.096,7.62
2023-03-14,105397.096,7.13
2023-03-15,105493.096,7.36
2023-03-16,104357.096,7.35
2023-03-17,102213.096,7.25
2023-03-18,100693.096,2.3
2023-03-19,69685.096,0.0
2023-03-20,52949.096,0.0
2023-03-21,17317.096,0.0
2023-03-22,0.0,0.0
2023-03-23,0.0,0.0
2023-03-24,0.0,0.0
2023-03-25,0.0,0.0
2023-03-26,0.0,0.0
2023-03-27,0.0,0.0
2023-03-28,0.0,0.0
2023-03-29,0.0,0.0
2023-03-30,0.0,0.0
2023-03-31,0.0,0.0
2023-04-01,0.0,0.0
2023-04-02,0.0,0.0
2023-04-03,0.0,0.0
2023-04-04,0.0,0.0
2023-04-05,0.0,0.0
2023-04-06,0.0,0.0
2023-04-07,0.0,0.0
2023-04-08,0.0,0.0
2023-04-09,0.0,0.0
2023-04-10,0.0,0.0
2023-04-11,0.0,0.0
2023-04-12,0.0,0.0
2023-04-13,0.0,0.0
2023-04-14,0.0,0.0
2023-04-15,0.0,0.0
2023-04-16,0.0,0.0
2023-04-17,0.0,0.0
2023-04-18,0.0,0.0
2023-04-22,0.0,0.0
2023-04-23,0.0,0.0
2023-04-24,0.0,0.0
2023-04-25,0.0,0.0
2023-04-26,0.0,0.0
2023-04-27,0.0,0.0
2023-04-28,0.0,0.0
2023-04-29,0.0,0.0
2023-04-30,0.0,0.0
2023-05-01,0.0,0.0
2023-05-02,0.0,0.0
2023-05-03,0.0,0.0
2023-05-04,0.0,0.0
2023-05-05,0.0,0.0
2023-05-06,0.0,0.0
2023-05-07,0.0,0.0
2023-05-08,0.0,0.0
2023-05-09,0.0,0.0
2023-05-10,0.0,0.0
2023-05-11,0.0,0.0
2023-05-12,0.0,0.0
2023-05-13,0.0,0.0
2023-05-14,0.0,0.0
2023-05-15,0.0,0.0
2023-05-16,0.0,0.0
2023-05-17,0.0,0.0
2023-05-18,0.0,0.0
2023-05-19,0.0,0.0
2023-05-20,0.0,0.0
2023-05-21,0.0,0.0
2023-05-22,0.0,0.0
2023-05-23,0.0,0.0
2023-05-24,0.0,0.0
2023-05-25,0.0,0.0
2023-05-26,0.0,0.0
2023-05-27,0.0,0.0
2023-05-28,0.0,0.0
2023-05-29,0.0,0.0
2023-05-30,0.0,0.0
